-0.279112,-0.469224,0.265409,0.124161,-1.183343,0.410717,0.153080,-0.285722,1.092638,0.436019,0.157181,0.196309,0.236118,-0.374421,-0.784640,-0.149106,0.371452,-0.100215,0.105825,-0.608451,-0.367672,0.524717,0.558855,0.226996,0.695963,-0.200676,-0.591520,0.544188,-0.787201,-0.119935,0.096445,-1.253806,0.299238,-0.278096,-0.143553,-0.133546,-0.419477,-0.512430,-0.415884,0.087176,-0.792758,0.052602,0.333785,-0.201453,-0.683074,0.435525,-0.167998,-1.156693,-0.815456,-0.852229,0.281128,-0.493165,0.546000,0.507000,-0.262281,-0.526299,-0.492254,0.800445,-1.152294,0.117004,-0.242221,-0.126909,-0.312285,-0.474230,-0.195358,0.274392,-0.265857,0.173688,-0.059555,0.245647,-0.218770,0.273563,0.068268,0.317102,0.661976,-0.921990,0.233933,0.271298,-0.829553,0.300850,0.221679,-0.028361,-0.432546,-0.532060,0.332042,-0.161028,-0.046487,-0.062987,0.322305,-0.636746,0.658419,0.345077,0.546440,0.299789,-0.266893,-0.042421,-0.549074,0.225447,-0.488372,0.233938,-0.045585,0.414948,0.116423,-0.849628,0.264512,-0.781107,-1.276183,0.489999,0.736727,-0.242708,0.011247,-0.291003,-1.001068,-0.090401,0.048405,0.207725,-0.691009,-0.079937,0.264119,0.385917,0.204913,0.505740,-0.514104,-1.018937,-0.665968,0.021506,0.583074,0.339111,0.478266,-0.338090,0.788492,0.763029,-0.029238,-0.158791,0.905479,0.740494,-0.686478,-0.374476,0.167114,-0.949175,0.742362,0.309996,-0.096377,1.305700,-0.222835,-0.077314,-0.351242,-0.309545,0.434527,0.364865,-0.288791,0.146137,0.374532,-0.174254,0.382492,-0.451029,0.267958,0.140037,0.065278,-0.626253,1.462473,0.609507,0.592092,-0.005258,-0.085208,0.190331,-0.522706,-0.208859,-0.150566,-1.296873,-0.295328,-0.009582,0.333591,-0.377125,-0.760652,0.180881,-0.648775,0.152390,-1.231720,-0.493090,0.003127,0.407080,0.008607,-0.266399,1.007976,-0.438301,-0.320808,-0.467723,-0.005278,1.728519,0.497641,-0.733201,-0.180642,-0.430656,-0.754335,-0.500876,-0.466180,-0.925748,-0.527901,0.703170,-0.090558,0.561673,-0.875595,-0.037566,0.075307,-0.533205,0.430731,0.733779,-0.178045,-0.752843,0.182323,0.527774,-0.092700,-0.665546,0.444606,0.017661,0.077091,-0.113719,0.010681,-0.396183,-0.395971,-0.002084,1.260320,0.726295,0.906740,-0.520646,-0.142426,-0.063388,-0.519755,0.046057,0.067984,-0.454443,0.169361,0.872589,0.784664,0.216138,0.168239,-0.519796,0.976203,-0.771593,-0.342666,-0.036293,-0.347506,0.290838,0.045681,0.363754,-0.869548,0.208748,-0.268087,-0.217875,-0.039371,-0.796315,-0.439577,0.243929,-0.173638,-0.596164,-0.312297,0.748636,0.125255,-0.037833,0.341505,-0.057766,-0.174620,0.278146,0.549018,0.050659,0.250045,0.965586,-0.387808,-1.048859,0.626415,0.302481,0.359106,0.371801,-0.627749,-0.245827,0.198289,-0.201550,-0.330750,-0.026932,0.180832,-0.648564,-0.750211,0.469656,-0.337153,0.599729,0.180192,-0.816572,0.026526,-0.239833,0.502952,0.620050,0.232749,0.046714,-0.311422,0.778758,-0.031148,-0.547579,0.385923,-0.145015,0.165112,-0.997134,-0.025970,0.036971,-0.034995,0.398677,0.654171,-0.679785,0.330769,0.451225,-0.061907,-0.225519,-0.277112,-0.333903,-0.038185,-0.228884,-0.657988,0.628280,0.102910,0.276758,0.798509,-0.310438,0.025994,-0.142160,-0.125764,0.222634,0.218745,-0.337670,-0.047379,-0.433786,-0.006252,-0.557766,-0.174295,0.168105,0.914073,-0.143562,-0.818118,0.069626,0.164626,0.083536,0.535347,0.889123,0.426411,0.014120,-0.236696,1.619449,-0.256356,0.020086,-0.315181,1.127616,0.028725,0.334116,-1.238302,-0.518548,-0.409782,0.020439,0.313846,-1.118506,-0.642180,-0.415439,0.723214,0.726847,0.451078,-0.373376,0.130428,0.346989,-0.792198,0.498635,-0.213020,0.157845,-0.131146,0.423844,0.519725,0.122287,0.330552,-0.038041,-0.445781,-0.339026,-0.224099,-0.141252,0.630795,0.199236,0.155414,0.288384
0.231415,0.925171,-0.000752,-0.115172,0.638448,0.368885,-0.402414,-0.171244,-0.272020,-0.334928,-1.182627,-0.418223,0.488494,0.814169,0.848982,-0.416142,-0.447519,-0.268219,-1.165053,0.764798,1.280083,0.457457,0.409954,0.074074,-0.169213,0.195319,-0.256662,0.418416,-0.517598,-0.709921,-0.355045,0.143128,0.116182,-0.468512,-0.166508,-0.219307,0.434893,-0.725917,-0.226944,0.256585,-0.523545,-0.145861,0.032450,0.419077,-0.154348,-0.063954,0.196996,0.084814,0.440675,-0.461902,1.244420,-0.285874,0.116125,-0.099074,-0.189107,-0.171050,-0.146955,-0.106077,-0.434216,0.969612,-0.139542,0.470589,-0.320803,0.430798,-0.585980,0.065446,-0.911039,-0.180456,0.439966,0.821119,0.223095,0.030458,0.860300,0.983547,0.662734,-0.989141,0.083558,-0.216746,0.286572,0.243303,0.042942,-0.705946,-1.070518,-0.384015,-0.933548,-0.771203,-0.122370,-0.344796,0.774530,-0.502697,0.414068,-0.061466,-0.847963,0.244328,-0.237477,-0.118286,0.718049,0.044384,-0.564698,0.287003,0.209499,-0.037742,0.346791,-0.065939,0.777901,0.156910,0.131796,0.120699,0.347856,-1.181558,-0.034111,-0.030855,-0.284888,0.273365,-0.769487,0.358833,0.935727,-0.005422,-0.254308,-0.290524,-0.793948,0.242336,-0.139318,0.252470,-0.067276,-0.475137,-0.429921,0.197926,0.281649,0.471063,-0.135378,-0.732143,-0.220588,0.485493,-0.388608,0.220221,-0.569787,-0.241556,-0.072657,0.608885,-0.745559,-0.299142,0.068406,0.073317,0.130414,-0.693791,0.206112,-1.147175,-0.259316,-0.008199,-0.874823,-0.192108,0.072963,0.969910,-0.430153,0.247269,-0.367086,0.434446,0.185847,0.181690,-0.353019,-0.911616,-0.287396,0.601560,0.007075,-0.467706,-0.154618,0.012107,0.081938,0.161035,-0.166689,-0.384882,-0.176891,0.348795,0.128300,-0.298065,-0.180745,-0.151572,-0.199857,-0.444477,1.014362,-0.034123,0.254163,-0.534963,-0.553434,0.284934,0.188034,-0.516307,0.618697,0.200165,0.556924,0.588755,0.160619,0.706762,0.352723,-0.071145,0.305736,-0.450182,-0.585552,0.844208,0.386119,-0.199303,0.743777,-0.666910,-0.341039,-0.655833,-0.277174,0.140214,0.159480,0.078352,0.478614,0.410293,0.687570,-0.559302,-0.142421,1.104738,-0.519011,-0.636738,-0.102392,0.425022,0.034872,0.390366,0.416309,0.338713,0.209643,0.498326,1.074356,0.552157,0.616160,0.294218,-0.499179,-0.853304,0.465096,-0.555619,-0.474980,-0.219977,-0.111569,-0.292049,-0.350918,-0.317726,-0.040770,-0.411567,-0.502479,0.150011,-0.754626,0.158424,0.066655,-0.591064,0.064620,-0.286918,-0.959170,0.223077,0.286746,-0.322876,0.824893,-0.450753,0.105777,-0.513082,-0.846980,-0.934676,-0.343387,0.281927,1.079794,0.120309,0.155837,-0.304641,-0.602094,-0.213824,-0.503140,0.872587,-0.136397,0.044136,-0.476489,0.057539,-0.162388,0.077035,0.605151,-0.177320,0.518125,0.128880,-0.013464,-0.131163,1.187174,-0.744871,0.661118,0.319134,0.498177,-0.757868,0.196426,-0.682152,-0.656242,-0.329227,0.027527,0.323325,-0.734930,0.373792,-0.762315,-0.000193,0.776937,-0.534980,0.085507,-0.355342,1.026546,-0.211670,-0.103455,0.085769,-0.076844,-0.397281,-0.135100,0.398798,0.570999,0.372007,-0.083807,-0.562042,-0.036225,-0.879364,-0.463649,0.396227,-0.547600,-0.105048,0.953119,0.447236,0.356877,0.568318,-0.306970,0.557264,-0.854284,0.273930,-0.063851,0.090556,-1.092812,-0.480867,-0.361604,0.485158,0.003315,0.153379,-0.145674,0.149759,0.713161,0.712718,0.097455,-0.490647,0.877903,0.259797,0.223523,-0.041262,-0.285513,-0.042998,-0.327898,0.160693,0.172670,-0.023048,-0.793293,-0.470956,-0.244942,-0.001847,0.087383,-0.709814,-0.348637,0.193636,-0.046279,0.116414,-0.072655,-0.265665,-0.618969,-0.306914,-0.315332,1.152226,-0.165062,0.206112,-0.156739,0.415979,0.985163,0.478375,0.185413,0.373990,-1.028785,-0.355818,-0.470221,-0.017240,0.403537,-0.006047,-0.346024,0.583543
-0.112103,0.410776,-0.100987,1.636412,-0.194991,-0.133398,-0.731557,0.009503,-0.208228,0.488884,0.302714,0.321699,-0.213636,0.643633,0.188900,0.116190,-0.761147,-0.679675,0.647330,-0.463988,0.322805,-0.845977,-0.100720,-0.696785,-1.014420,-0.813689,0.162731,-0.751505,0.015475,0.726059,0.039034,0.848501,0.199033,0.559258,-0.180537,0.376793,-0.248823,-1.349258,1.275421,-0.107171,0.494248,-0.658254,-0.017160,-0.078876,0.105911,-0.319656,-0.235827,0.214361,-0.788901,-0.944037,-0.626069,-0.774322,0.641097,0.253693,-0.100309,-0.602603,0.127131,0.277867,-0.047468,-0.068871,0.070715,0.947658,0.744763,-0.549711,0.906344,0.255896,-0.159086,0.063847,0.186171,-0.042782,0.193661,-0.869317,1.649751,0.115503,-0.396992,-0.601784,-0.401316,0.050812,-0.470917,0.007898,-0.311416,0.309892,-0.467428,-0.400069,-0.090598,0.783601,-0.549195,-0.556898,-0.349329,0.412625,0.244767,1.057209,0.035565,-0.171202,0.425449,-0.310839,0.181182,1.112658,-0.073172,-1.261701,-1.098474,-0.201151,-0.395418,-0.458127,-0.159866,-0.179596,0.514977,-0.028142,0.566354,-0.777331,-0.219716,-0.413455,-0.079092,0.648306,-0.658281,-0.340892,0.645243,-0.160484,0.144205,0.345684,0.480872,-0.262041,0.739891,0.217807,-0.429992,0.437257,0.184673,0.504462,-0.285301,-0.002629,0.129167,0.610307,-0.324110,-0.165470,-0.336177,-0.248984,-0.501759,0.223970,0.075512,-0.686849,0.052767,-0.800697,0.272308,-0.272893,-0.057265,0.339474,0.468800,-0.578186,-0.358437,0.420184,0.637082,-0.363367,-0.362544,-0.005878,0.535871,-0.106192,0.492226,0.230099,0.177060,0.871569,-0.361212,0.992551,0.619922,0.118299,1.033646,-0.118572,0.474377,0.322245,-0.378899,-0.113284,0.082304,0.341844,0.520046,0.632380,-0.605313,0.256992,0.368154,-0.118349,0.165336,0.186321,0.178348,0.394210,0.336130,0.616137,-0.363579,0.309012,0.437526,-0.719438,0.119941,0.381811,-0.115632,-0.262826,0.450346,-0.003032,-0.273118,0.528669,-0.700140,0.280864,-0.306238,0.183909,0.393140,0.176654,0.609904,-0.916319,0.707755,-0.527636,-0.260282,-0.193223,-0.503010,0.148049,0.437482,0.035834,0.515335,-0.469856,-0.045111,0.036384,-0.149215,0.597165,0.174788,0.100714,0.131138,-0.214250,-0.659543,-0.145421,0.098487,-0.504438,-0.959043,0.102067,0.532007,1.155253,0.038997,0.887220,-0.414814,-0.764412,-0.686806,-1.102924,0.730782,0.734048,0.394716,-0.010211,0.274186,1.011998,1.005531,-0.775287,0.588922,-0.439287,-0.029060,-0.673343,0.316121,0.003193,0.305784,0.443563,-0.376110,-0.577727,-0.480723,0.715733,0.377514,0.286414,0.341276,-0.025348,1.484723,0.384116,0.883193,-0.042908,-0.039604,-0.326136,-0.320631,-0.574813,-0.301607,-0.255809,0.225505,-0.753439,-0.246464,-1.134153,0.165867,0.142240,0.820595,-0.139900,-0.543318,-0.558439,0.049538,0.289769,0.144811,-0.471894,0.462865,0.480142,-0.318698,0.406517,0.354493,-0.136489,0.224970,-0.099482,0.158837,0.326594,-1.241453,-0.089591,-0.370473,0.722359,-0.167393,0.229825,-0.096166,0.185015,0.155933,0.754181,0.364116,0.520435,0.248684,0.300664,-0.501165,0.344660,0.802402,0.760759,0.188324,-0.125646,-0.160060,0.051050,-0.150676,0.266060,0.021996,-0.371130,0.124138,0.937735,0.432342,-0.375588,-0.155718,0.332115,0.319468,-0.711045,-0.273774,0.475577,0.618195,0.398106,0.943641,0.574442,0.028924,0.617418,1.134060,-0.408907,0.432583,0.082194,0.245351,-1.192093,-0.292340,0.159166,0.580778,-0.113577,0.708117,-0.082681,-0.309059,-0.506625,0.513371,-0.224797,-0.571058,0.690166,-0.038348,0.514779,0.004633,-0.263470,-0.550259,0.026076,-0.711852,-0.235669,-0.099034,-0.131094,0.136890,0.719581,-0.158376,0.459375,-0.075827,-0.762792,-0.633499,-0.549722,0.097550,0.498758,-0.346265,0.072617,0.459814,-0.119039,-0.092118,0.139707,-0.001907,0.678788,-0.685797,-0.201355
-0.452326,0.307491,-0.449395,0.280225,0.393215,-0.112756,-0.163419,-0.217797,0.500444,-0.332382,0.063350,0.601085,-0.846235,0.785860,-0.882023,-0.578836,-0.146420,0.311164,-0.634096,-0.779932,-0.881482,-0.414427,-1.224629,-0.298608,0.640698,-0.364614,0.093744,-0.580282,-0.422656,-0.401919,0.422872,-0.293910,0.589890,-0.020074,-0.043128,0.065993,-0.491760,-0.556201,-0.711973,0.051007,0.100315,-0.542660,-0.043541,-0.499053,0.534115,0.203033,-0.105106,0.625836,-0.444936,-0.248828,0.744443,-0.714453,-0.101623,0.577056,-0.033082,-0.525212,1.173890,-0.843307,0.052338,0.285552,-0.391221,-0.259781,0.393668,-0.252827,-0.821769,-0.617038,-0.515428,-0.622733,0.096913,-0.558293,0.017345,-0.382894,0.126516,0.667168,0.882711,0.210255,0.006592,-0.986631,-0.505184,0.445875,0.651143,-0.351146,-0.686133,0.083115,-0.058978,0.048929,-0.690375,0.792576,-0.271392,0.263935,-0.392489,-0.591212,-0.125397,-0.148692,0.016040,0.149237,-0.666257,-0.084562,0.007385,0.095170,0.268112,0.555021,0.519752,-0.265913,0.814438,0.730459,-0.174226,0.259581,-0.110204,-0.319927,-0.190940,0.377886,-0.022867,0.999341,0.359137,-0.462921,-0.198709,-0.824865,0.334116,-0.341689,0.144710,0.304285,-0.519698,-1.201982,-0.443670,-0.692038,-0.209403,0.464665,0.359290,-0.536693,-0.305267,-1.346665,-0.130997,0.074558,0.234764,-0.309235,-0.519146,0.457726,0.043128,0.207300,0.794608,0.521483,0.948521,-0.631488,0.188847,0.857341,-0.451165,0.612219,-0.453824,-0.189847,-0.305976,-0.131543,-0.177987,1.242893,-0.157860,-0.488405,0.126951,-0.397285,0.400505,-0.489672,0.957334,-0.632868,0.036015,0.550715,0.211944,0.766343,0.750363,-0.103019,-0.176844,0.338102,0.141338,-0.231412,-0.502145,-0.349410,-1.294830,-0.152827,-0.271137,-0.062375,1.203113,-0.300815,0.013550,-0.236549,0.627172,-0.416294,0.387295,-0.358429,0.569274,-0.293177,-0.243705,-0.516760,-0.039582,-0.374665,-1.100004,-0.348205,0.255994,0.609892,0.305202,-0.195095,-0.842957,-0.097592,0.035831,0.736688,-0.179795,-0.074020,-0.030117,0.045268,-0.517018,-0.651978,-1.428877,0.674552,-0.097475,-0.576745,0.104221,0.344345,-0.390369,0.411726,-0.576499,0.638742,0.348673,0.165103,0.593082,-0.339296,0.610411,0.460134,0.325420,-0.368069,0.094231,-0.141095,-0.016307,-0.035044,0.040598,-0.396851,-0.792322,-0.088990,0.618193,-0.288027,-0.401234,0.023312,0.538986,-0.724437,0.506301,0.240494,-0.636730,-0.587267,0.016428,0.894284,0.489339,0.277763,-0.625901,-0.339987,0.118921,-0.145181,0.132003,0.126362,0.348276,-0.270169,-0.029957,-0.473179,0.504585,-0.408714,-0.502084,-0.050866,0.377611,-0.234885,0.002825,-0.021674,-0.081844,0.324975,-0.019265,-0.777305,-0.379933,0.481944,0.267404,0.197468,0.221395,0.320949,-0.199772,-0.396893,0.280986,0.637856,1.142324,-0.477969,0.697231,-0.416807,0.692992,-0.165291,-0.269348,-0.459661,0.100602,0.227505,-0.548871,0.790512,-0.012502,-0.622457,-1.410731,-0.645803,0.533941,-0.468473,0.298352,-0.070286,-0.557319,0.254512,-0.945145,-0.127728,-0.262005,0.036738,0.410349,-0.317793,0.940733,-0.110674,0.686373,-0.411611,-0.191950,-0.199634,-0.545183,-0.249991,-0.799383,0.132606,-0.077133,0.468396,-0.453791,0.555687,0.057134,0.297819,1.049557,0.572309,-0.014643,-0.909571,0.128142,-0.250319,0.281648,0.734460,-0.523652,0.085334,-0.118395,-0.369222,0.184550,0.147595,0.046495,-0.046029,-0.155991,-0.106877,0.634997,-0.483884,-0.383404,0.065459,-0.932192,0.166989,-0.175194,-0.370915,-0.345018,0.105903,0.662789,-0.309759,-0.007687,-0.119157,0.409169,-0.413438,-0.709763,1.341771,0.065714,0.358205,0.481053,-0.433672,0.767042,0.465483,-0.002809,0.072323,0.186072,0.434748,-0.426602,0.207474,0.834024,-0.315605,0.124975,-1.067804,0.369562,0.821905,-0.543164,-0.758701,0.263343,-0.260126,-0.973150,0.836483
-0.443250,0.451561,0.302363,-0.470733,0.291541,-0.970226,-0.376650,-0.160742,0.164891,-0.271911,-0.376574,0.465615,0.858182,0.334070,-0.011613,-0.569879,-0.768796,0.529120,0.940557,0.470846,-0.225604,0.498995,0.304918,0.230001,0.240127,-0.420094,-0.566707,0.265519,0.425671,-0.724944,-0.465591,0.363809,0.206657,0.124013,0.145020,0.330982,0.386630,0.801282,0.473030,-0.286896,-0.524917,-0.404456,0.428154,-0.431808,0.108756,0.285148,-0.533829,0.124271,-0.612924,0.042237,-0.206359,-0.322442,0.045395,-0.392129,-0.576167,1.058980,-1.012361,0.623635,0.170275,0.088023,-0.849220,0.018034,0.915946,-0.460616,-0.069881,0.496687,-0.092165,0.336421,0.190623,-0.244904,-0.308861,0.111289,0.141869,0.026382,-0.377380,0.074684,0.175970,0.218818,-0.043346,0.276382,0.308228,-0.930840,-0.333166,-0.258108,-0.590759,1.155078,-0.441907,0.616164,-0.027022,0.073870,0.584603,0.197038,-1.026146,0.249228,-0.166325,-0.004394,-0.127821,0.108525,0.432819,0.162626,0.033526,0.446511,-0.113905,-0.397054,0.355896,0.642001,-0.308114,0.069779,-0.550092,-0.233613,0.062533,0.156262,-0.161237,-0.338853,0.354095,-0.627604,-0.394233,0.230745,-0.157451,-0.229633,-0.220178,-0.163546,-0.098811,0.006597,-0.849832,0.629793,0.600723,0.355783,0.127733,-0.394542,0.452984,-0.093000,0.152869,0.331062,-0.613672,0.058927,0.120585,-0.321508,0.100169,0.886845,0.205981,0.314582,0.879926,0.516082,0.706924,0.269111,0.102161,0.877990,0.421163,-0.167856,-0.533367,-0.469961,-0.120969,-0.131719,0.360950,-0.631931,0.872177,-0.137837,0.120166,-0.240738,0.832930,0.777984,0.477023,-0.446469,0.176886,-0.758998,-0.881586,0.620342,-0.525547,0.478547,0.003198,-0.062151,0.026746,0.216505,0.253251,-0.424812,-0.951683,0.273968,-0.354692,-0.212922,0.966231,0.114346,0.312858,0.327858,0.033751,0.174487,0.328221,0.493385,-0.522834,0.027936,0.407661,-0.332966,0.639189,0.157091,0.211469,0.508443,-0.001469,0.620467,-0.489832,-0.256077,-0.524395,0.276121,-0.071820,-0.720001,0.303780,0.111093,0.125304,-0.009478,-0.034618,-0.688952,-0.074103,0.201907,0.449721,-0.652580,0.551517,0.709922,-0.053742,0.387072,-0.619693,-0.815619,0.233611,-0.120075,0.053993,-0.867912,-0.040967,0.119741,-0.745619,-0.019105,0.172460,0.302317,0.983051,0.662579,0.083608,-0.390921,0.452502,-0.072799,0.174795,-0.242935,0.076608,0.340143,0.520627,-0.025106,-0.203696,-0.221109,-0.611569,0.160787,0.594737,0.158750,-0.569772,-0.114223,0.467586,0.291946,-0.330618,0.261541,0.041133,0.470680,-0.590924,-0.298439,-0.014662,0.264650,-0.255589,-0.453905,0.163987,0.203743,-0.146889,0.615000,0.428912,0.183789,0.434349,-0.412540,0.027092,0.436611,-0.553222,0.218910,-0.640248,-0.327356,-0.048892,1.526073,-0.119523,0.055104,-0.363562,-0.264610,0.620465,0.580486,-0.093977,0.658067,-0.979539,0.054196,0.300133,-0.010715,0.383341,0.164438,0.130601,-0.426377,0.541135,0.815161,-0.688071,-0.027959,0.891788,-0.785166,-0.224656,0.248552,1.292656,0.656464,-0.094582,-0.450581,-0.061087,0.421149,0.071528,-0.257820,-0.828732,0.058503,0.453928,0.703120,0.120808,-0.106434,0.228447,1.139288,-0.840908,-0.473241,-0.542005,0.247421,0.322248,0.154201,-0.605968,-0.345310,0.219326,-0.483691,-0.691334,0.376159,-0.193154,-0.439476,-0.192955,-0.280800,0.745281,0.677481,0.107944,0.376521,0.439992,0.463456,0.377663,0.031802,-0.373547,0.055647,0.654814,0.445629,-0.322902,-0.311530,-1.035436,-0.415715,-0.301720,0.408860,0.066679,-0.776490,-0.801433,-0.083153,0.887928,0.088943,0.007746,0.269729,0.179887,0.272524,-0.999856,-0.199727,0.391005,0.315783,0.621273,-0.351049,-0.401336,0.492764,0.004860,0.040563,-0.582955,-0.487650,0.046153,0.584395,0.169072,0.296052,-0.659387,0.153864,0.053858,-0.501938,0.068264,-0.074484
0.501117,0.499795,0.373242,0.237764,-0.375670,-0.641336,-0.761066,0.392445,-0.646927,0.484524,0.055075,0.559725,0.271613,0.061981,-0.705767,-0.047521,-0.545387,-0.477288,0.668446,-0.988993,0.776453,-0.144118,0.234809,0.926782,-0.095722,-0.701836,0.661574,0.723849,0.534818,0.161623,-1.007463,0.246345,-1.053296,-0.136550,-0.195548,0.178580,0.065927,-0.183837,-0.200646,0.507218,-0.151746,0.575302,0.117973,0.355668,0.296173,-0.476057,0.010409,0.452534,-0.057213,-0.004053,0.125974,0.440859,0.060549,0.549244,0.236004,0.193640,-0.613017,1.215830,-0.968765,-0.219365,-0.953582,0.825085,0.341663,-0.175930,-1.269049,-0.213035,-0.732440,-0.086518,-0.345128,0.777038,1.482915,-0.029607,-0.577839,-0.480786,-0.323978,-0.268920,-0.142535,-0.574464,-0.291251,-0.749204,0.681187,-1.068388,-0.187989,-0.009528,0.138333,-0.450184,0.431854,-0.354673,-0.536806,-0.102165,-0.224874,0.236418,0.020718,-0.465044,0.022162,0.385705,-0.584738,-0.229590,-0.479231,0.342460,0.182410,-0.298394,0.850888,1.073575,-0.586339,-0.441356,0.090389,-0.357817,0.067322,0.216252,0.215469,0.111978,0.325024,0.178793,0.167216,-0.608067,0.274418,-0.801004,0.221803,0.408949,-0.730460,0.547082,-0.308050,-0.125816,0.270091,0.578470,0.184462,-0.743993,0.585036,0.666976,-0.554715,-0.078930,-0.098050,0.147974,0.006217,0.470882,0.103647,-0.991159,-0.326134,-0.098717,0.573493,0.095100,0.237596,-0.210101,-0.442998,0.875221,0.365928,-0.684382,0.413466,0.560231,0.711527,-0.027406,0.650621,0.537309,0.435605,0.561715,0.179121,-0.431469,-0.867308,-0.185769,-0.094882,0.228818,0.825219,-0.780337,0.264001,-0.051495,0.096736,0.677551,-0.407142,-0.608180,0.101169,0.284580,-0.488744,-0.228505,-0.377343,0.551759,-0.192393,-0.395189,0.151077,-0.350516,0.390440,0.023079,1.016895,0.591289,1.264058,0.505894,0.771884,0.386940,-0.262989,-1.138600,0.263145,0.068393,0.074644,0.066858,-0.981784,0.781012,-0.087731,-0.135381,-0.293783,-0.045976,-0.482598,0.098954,-0.881827,-1.150402,-0.402657,0.850184,-0.098008,0.321493,1.025163,0.597420,0.187623,0.547929,0.075968,-0.254167,0.174550,-0.483915,0.081459,0.456250,0.721556,0.280906,0.041710,-0.181456,-0.469780,0.007748,-0.465130,-0.847479,-0.455141,0.493847,0.511908,-0.183171,0.035870,-0.454736,0.293389,-0.821210,-0.285083,-0.265359,-0.114579,-0.092113,0.705679,-0.444808,-0.473832,-0.168560,0.256608,-0.294821,0.544953,-0.339252,0.350995,-0.734882,0.429275,-0.532889,-0.173546,-0.155903,0.439842,-0.074580,0.023398,0.883093,-0.040261,-0.498458,0.837040,0.638261,-0.342658,-0.407020,0.166161,-0.240350,0.913439,0.626678,0.468427,0.309341,-0.365005,0.282023,-1.103159,-0.231320,-0.304754,0.360616,-0.399332,-0.788659,-1.012350,-0.750091,0.327471,0.213004,0.143911,1.059963,0.017210,0.407375,-0.546281,0.367282,0.739105,0.108992,-0.230538,-0.050755,-0.180111,-0.180289,-0.010315,-0.596941,-0.308238,0.501842,-0.379077,0.374604,0.040565,-0.244407,0.235740,-0.171235,-0.815488,1.000811,-0.879820,-0.239957,-0.073968,-0.336611,-1.003641,0.750744,-0.280016,-0.161073,0.297523,-0.779853,-0.159917,-0.440860,0.233311,0.147458,-0.039704,-0.545528,0.406291,0.310964,-0.750122,0.202860,-0.151102,-0.056428,-0.335121,-0.277567,-0.989437,-0.033604,0.475451,-0.730708,0.759860,-0.588918,0.527964,-0.369176,0.230264,-0.374880,0.464092,-0.244466,0.044720,0.535331,-0.094026,-0.014888,0.246038,-0.444163,0.187403,0.285959,-0.463060,0.319225,0.008779,-0.437193,-0.606862,-0.062104,0.417068,0.251140,0.178339,0.230382,0.383103,0.368499,-0.240140,0.656514,-0.641630,-0.683692,-0.516503,0.251537,0.904298,-0.463587,0.464088,-0.323670,0.570655,0.243981,-0.235837,-0.864358,0.464104,0.777348,-0.452758,-0.993935,-0.360834,-0.236312,0.316355,0.899152,0.274209,-0.078787
-0.677779,0.300959,-0.359549,0.106365,0.393213,0.484712,-0.455783,0.129159,0.489404,-0.347650,-0.317726,-0.374546,-0.413130,-0.350509,-0.224800,0.801992,-0.780493,0.245379,-0.624468,-0.385266,0.120330,0.166657,-0.895299,0.053709,0.504967,0.125679,-0.300722,-0.107488,-0.121808,-0.297747,-0.660031,-1.205242,0.170009,0.361534,-0.252042,-0.587497,0.208098,0.311243,0.151250,-0.253458,0.522710,-0.521545,-0.086576,0.076530,-0.613780,-0.353878,-0.499926,-0.242455,-0.285076,-0.141294,-0.293402,0.033800,-0.095000,0.058797,0.142191,0.293653,0.554811,-0.166198,-0.769391,-0.051256,0.341631,0.592375,-0.218005,0.001098,-0.751889,-0.378928,0.806734,-0.734661,0.009177,0.118398,0.571252,0.029356,-0.257738,-0.165152,-0.412206,0.413776,-0.226316,0.424527,1.016692,0.482220,-0.571282,0.261850,0.885308,0.889333,0.407071,-0.446947,0.695974,0.309780,-0.124734,-0.556999,-0.187780,-0.215505,-0.665273,-0.098365,-0.797050,-0.078291,0.056144,-0.038173,-0.015627,0.810000,0.484222,0.961478,-0.768901,-0.380718,0.130523,-0.699564,-0.332833,-0.267474,0.044531,-0.118288,0.146804,0.274528,-0.373603,-0.223457,-0.157930,-0.265968,-0.300959,-0.819656,-0.113138,-0.253705,0.070210,-0.045242,-1.092621,-0.357730,-0.313411,-0.460953,0.195360,0.087070,-0.576612,-0.587578,-0.100678,0.566351,-0.172474,-0.339442,-0.670584,-0.206142,-1.061451,-0.144675,0.344800,-0.708595,0.347193,-0.436524,0.192199,-0.897142,-0.517298,-0.157097,0.733521,0.595815,-0.149046,0.152575,-0.080976,0.214054,-0.220416,0.346607,1.055407,-0.546369,-0.818384,-0.428337,0.165224,-0.245653,0.933961,-0.675067,-0.673896,-0.169543,0.286986,-0.595739,0.665898,1.212872,0.218004,-0.060600,0.490234,-0.151511,-0.000555,1.101856,0.592372,0.278415,0.811292,-0.730330,-0.510981,0.787597,-0.273622,-0.720307,-0.458424,-0.306526,-0.304668,0.414206,0.149388,0.012869,0.759884,-0.853588,-0.229255,-0.319953,0.713562,-0.383886,-0.132312,-0.388775,-0.096030,0.050314,1.401022,-1.037051,0.430229,-0.481036,-0.069447,0.854327,0.313326,-1.315145,0.044858,0.538846,0.354705,0.015907,0.165788,-0.371772,-0.281685,0.090714,-0.341478,0.353483,-0.239239,0.020573,-0.274317,-0.368716,-1.025359,0.076448,0.755192,0.638274,0.208256,-0.468310,0.611931,-0.278879,0.376132,-0.392962,-0.524110,-0.954260,-0.073474,-0.450505,-0.402597,-0.400934,-0.074204,-0.128120,0.401730,0.200487,0.485266,0.278700,0.666718,-0.985267,-0.686217,0.744800,-1.138801,-0.041233,0.202083,-0.502078,0.096165,-0.025787,0.457586,-0.154197,0.808349,0.275260,-0.055699,-1.477326,-0.221836,-0.055395,1.023111,0.538077,0.108103,-0.020454,-0.074434,-1.000866,-0.391672,-0.665993,-0.945558,-0.118408,0.274729,1.098944,0.030542,0.180298,0.081355,-0.297120,0.485177,-0.531393,0.679034,-0.395733,0.321476,0.015973,-0.129014,0.480893,0.114609,-0.512960,0.543123,-0.643050,-0.073060,-0.555159,0.239651,0.103795,-0.031474,0.559714,-0.939569,0.124385,-0.919702,-0.818273,0.457521,0.360257,0.337066,0.205999,0.758861,0.460415,0.526136,-0.660097,0.167708,-0.649893,0.404379,0.148913,0.406676,0.237294,-0.913811,0.214049,-0.619788,-0.306754,-0.700059,-0.229861,-0.744198,0.520326,0.941281,-0.188298,0.386281,0.415987,-0.370397,0.528691,-0.252646,0.034474,0.761400,-0.742868,0.449839,0.248605,0.087078,-0.456492,0.091157,0.281523,-0.269696,-0.177185,0.552649,0.367364,0.717365,-0.064058,0.037366,0.428221,-0.539424,-0.012793,0.139531,-0.368979,0.758281,0.678473,-0.511529,0.659147,-0.916695,-0.812106,0.270780,-0.355496,0.478739,0.000142,0.000095,0.087367,-0.274209,-0.605414,-0.336757,-0.061265,0.784124,-0.095570,1.200689,0.896492,1.338103,-0.724206,0.426436,-0.014674,0.147671,0.811719,0.104940,0.339940,0.397551,-0.121405,-0.511180,-0.545868,0.645931,0.414079,0.255114,0.615665
0.141948,0.271572,0.002960,-0.318894,-0.224719,-0.459263,0.522490,-0.435329,0.212965,0.065279,-0.066445,0.718838,-0.006115,-1.366633,-0.652875,0.080874,0.831424,-0.351618,0.366235,0.801745,-0.749331,-0.436907,-0.108218,0.221518,0.530102,0.173374,-0.227194,0.236814,-0.076539,0.720354,-0.473054,0.737768,0.148033,-0.188694,-0.231126,0.046374,0.062614,-0.961607,0.462936,-0.753630,-0.786246,-0.592551,-0.794331,0.080244,-0.007432,-0.255371,-0.305652,-0.313307,-0.354637,-0.764810,-0.258884,0.065447,0.683199,-0.616410,-0.744153,-0.759780,-0.127479,1.029770,0.232335,-0.167040,0.530369,0.969913,-0.039593,-0.405082,0.274613,0.452763,-0.622917,-0.931001,-0.519147,-0.653704,0.457454,0.050051,-0.347141,0.401762,0.993214,0.539622,0.072260,0.361944,-0.332262,0.816180,-0.047362,0.902762,-1.014529,0.652984,0.550540,-0.232419,0.011246,-0.249055,0.216736,0.468474,0.022562,0.148787,-0.349306,0.518529,-0.313911,0.005567,0.365432,-0.369360,-0.032497,0.246536,0.947953,-0.335334,-0.153066,0.791312,0.567050,0.187399,-0.833498,-0.022095,0.333466,0.135126,0.374465,-0.621316,-0.001796,0.452414,-0.508414,-0.686214,-0.193493,-0.003283,-0.118102,-0.869516,-0.030219,-0.318092,-0.152067,-0.849155,-0.102822,-0.030544,-0.165017,0.330197,0.547018,0.532458,-0.599902,-0.408737,0.222927,0.605954,0.166155,0.731369,-1.007120,0.889805,0.134597,-0.095136,-0.393703,0.117350,0.409483,0.636060,0.776987,-0.043970,0.256088,0.194686,0.667179,-0.168153,-0.382901,-0.255445,-0.806793,0.634299,0.382761,0.475001,-0.243576,0.989933,-0.950462,0.017507,1.190076,0.918001,0.600533,0.044841,-0.372406,-0.412375,0.089611,-0.654438,0.037053,-0.053204,-0.032963,0.362917,-0.093331,0.308578,0.022499,-0.411631,-0.487799,-1.464026,0.352702,-0.397411,-0.853360,0.319857,0.987833,-0.687353,0.553227,-0.348674,0.127231,0.554030,-0.099036,-0.036004,0.149361,-0.671931,0.092059,-0.065699,-0.201209,-0.042837,-0.191729,-0.727038,0.185460,-0.222801,0.576914,-0.046575,0.284358,0.460517,0.591594,-1.135294,0.271312,-0.771773,-0.695569,0.580892,0.989932,0.650485,-0.315305,-0.311223,-0.554129,0.495244,-0.206277,0.412163,0.510569,0.317971,-0.115680,-0.296549,0.446700,-0.265600,-1.236330,0.604720,-0.938309,-0.085614,-0.075273,-0.767838,-0.315291,-0.638748,0.001419,0.108024,-0.066558,0.719981,-1.040579,0.176092,-0.053737,-0.674058,0.812735,0.374373,0.180860,0.441122,-0.217589,-0.600065,-0.680085,0.682149,-0.033720,-0.063656,0.693914,0.547750,0.785896,0.059817,-0.657028,0.940201,0.138120,-0.020501,1.367837,0.285668,-0.438747,-0.457563,0.599826,-0.161308,-0.159531,0.506732,0.071615,0.909100,0.728409,0.872262,-0.959551,-0.035321,-0.338833,0.357991,-0.149155,-0.191775,-0.174056,0.179882,0.404467,-0.518240,-0.436938,0.556438,0.560529,0.307660,-0.432809,-0.955146,0.084628,0.452862,0.102292,0.217317,0.730654,0.118306,0.251239,0.235370,0.250766,-0.679220,-0.348118,0.474035,0.277840,0.098994,-0.202226,0.057763,0.303151,0.204710,-0.278907,-0.507391,0.002559,-0.477562,-0.296931,-0.351516,-0.201108,0.308060,0.464861,-0.294921,0.230542,-0.755601,-0.553006,0.413393,0.073935,-0.083899,-0.183610,-0.514444,0.272299,-0.514487,0.866356,0.304705,-0.267601,0.593913,-0.568083,0.435894,-0.034643,0.055260,-0.252438,-0.156967,-0.274252,0.316221,1.280087,-0.083848,0.392017,0.680493,0.075943,0.362248,-0.416483,0.086833,0.599100,0.359399,-0.210362,0.769166,0.044695,-1.019901,-0.895999,0.120749,0.269391,-0.065368,-0.203547,0.418988,-0.605449,0.229686,-0.255498,-0.140120,-0.150214,-0.403227,0.063161,-0.581096,0.271515,-0.241975,-0.564203,-0.000238,0.109129,-0.633554,0.006340,0.248387,-0.435047,-0.316408,-0.179017,0.908912,0.324584,0.570607,1.164943,0.275061,0.249327,0.661720,0.555961,-0.358578
-0.330957,-0.175520,0.258029,0.862116,-0.031395,0.796576,0.737134,0.352522,-0.290221,-0.682751,-0.623395,-1.117449,-0.056715,0.414327,0.252167,-0.968004,0.092311,-0.632162,-0.684085,0.177135,0.337014,0.560168,-0.496307,-0.326751,-0.505794,0.674255,-0.422853,-0.043308,-0.821431,-0.277376,0.666393,-0.274473,-0.056052,0.725054,0.817275,-0.134304,0.485835,0.232405,-0.398780,-0.525061,-0.255696,0.033799,-0.202985,0.136866,0.777443,-0.411685,0.630590,-0.386051,-0.105343,-0.342614,-0.190717,0.090942,0.518660,0.560169,-1.090208,0.783170,-0.111845,-0.032798,0.463408,-0.175937,-0.636934,0.208683,-0.525294,-0.105203,-0.438489,0.050935,0.715818,-0.014262,-0.098696,-0.146494,0.745782,-0.353124,0.004484,0.417704,1.156452,-0.439203,0.253680,0.878884,0.347060,0.183609,-0.057663,1.441227,0.212553,0.389425,-0.551918,0.011657,0.494179,-0.099207,-0.088880,0.664799,0.152872,0.022198,-0.037012,0.630650,0.057966,-0.328375,-0.648525,0.337311,0.211889,-0.015948,0.045672,-0.003475,-0.804576,-0.318667,-1.050447,0.378772,0.354174,0.128897,0.232518,0.334628,0.794786,-0.091062,-0.326318,-0.215125,-0.597391,1.282286,0.250071,0.021428,0.195586,0.466773,-0.045144,1.004522,0.841339,0.938665,-0.351004,-0.226744,-0.728793,0.585569,0.754680,0.096077,0.346089,0.251827,-0.157833,0.343562,0.249840,0.904790,-0.599760,0.335380,0.789425,0.449784,0.471683,-0.294246,-0.216550,0.455847,-0.042390,0.177856,-0.392887,0.620431,1.002998,-0.044337,0.709748,0.367787,0.038920,-0.279982,-0.241550,-0.167284,-0.009051,0.108057,-0.770794,-0.325613,-0.065760,0.702803,-0.183500,0.706709,-0.351860,0.860187,0.075235,-0.123090,-0.217359,-0.217881,0.150140,0.071200,0.239937,-0.189277,0.079426,-1.260540,-0.703402,-0.099548,-0.314673,0.330879,0.281398,-0.847613,0.184691,0.617714,-0.579652,-0.510398,0.652869,0.157690,0.457477,0.210294,-0.310218,0.339990,0.051246,-0.844207,0.278271,-0.791761,1.051525,-0.902682,-0.151204,-0.149342,0.095978,-0.165312,-0.899298,-0.735914,-0.417984,-0.456951,-0.384544,0.065307,-0.384328,0.130400,-0.191335,-0.239234,-0.353860,0.756029,0.459830,-0.739512,-0.973897,-0.449598,-0.010657,-0.234663,-0.223583,1.004791,0.388268,-0.170551,-0.385322,-0.082884,-0.242528,-0.469067,0.005191,-0.213980,-0.373276,1.045670,0.253405,-0.220735,0.189513,0.377575,0.432073,-0.829815,0.875238,-0.032636,0.045792,0.434541,0.623140,0.375364,-0.291678,0.212337,0.328399,0.244830,0.317995,0.350326,-0.345044,-0.122735,-0.267956,0.268211,-0.411468,0.170597,0.041713,0.798049,0.309393,-0.387500,0.522274,-0.405534,0.013913,0.434303,-0.570387,0.543970,-0.768642,-0.392210,-0.238112,-0.118338,0.317539,0.324243,-0.190605,-0.256463,-0.242257,-0.475453,0.453719,0.319787,-0.477973,0.641341,-0.256857,-0.936042,0.260353,0.003886,-0.460298,0.557634,0.062648,-0.031148,0.194816,-0.423324,0.562782,0.273982,-0.513149,-0.966013,-0.513613,0.289927,0.377020,-0.338112,0.233144,-0.031338,0.162637,-1.235755,0.326358,0.148082,0.626752,-0.538657,-0.760237,0.069533,0.907185,0.233973,0.574384,-0.496184,-0.024437,-0.947336,-0.902259,0.143468,0.340759,1.889926,0.437166,-0.629385,0.468019,-0.050350,0.484956,0.009244,-0.072828,0.070840,0.125668,0.499506,0.009115,0.774685,0.484557,-0.735996,0.304879,0.098888,0.273318,0.326001,-0.151010,0.309205,0.479968,-0.158017,0.444972,-0.554972,0.747982,-0.312789,0.494891,-0.130337,0.368391,0.332344,0.194318,-0.371589,-0.008374,-0.283819,-0.236651,-0.460780,-0.280305,0.732695,0.298800,-0.396492,-0.046516,-0.064182,-0.373440,-0.259538,0.355515,0.473790,-0.058386,0.025323,-0.981766,0.072011,-0.457457,0.438868,0.806807,0.227483,-0.509607,-0.675851,-0.232786,0.522388,0.147896,-0.285458,-1.166782,-0.046556,-0.346891,-0.393208,-0.179327,0.087271
0.290208,0.187730,-0.289875,-0.352133,-0.322599,-0.108887,-0.307057,0.426662,-0.781190,-0.114058,-0.289199,0.171632,-0.253652,-0.047812,0.610092,-0.626505,-0.565598,-0.005877,-0.048760,0.666323,-0.236064,0.024453,-0.698674,-1.048828,-0.138144,0.401395,-0.118259,-0.449025,0.963830,0.427649,0.212114,-0.511550,0.143060,-0.655178,0.552179,-0.580363,1.047615,-0.713742,-0.025276,0.201901,0.754681,0.363199,-0.648182,0.057783,-1.010350,-0.213250,-0.563173,1.188487,1.024661,-0.860310,0.160839,0.364254,-0.159825,-0.185482,-0.072931,-0.299343,-0.311252,0.452251,-0.177913,-0.035418,1.061352,-0.770576,-0.044883,-0.244646,0.773289,0.085271,-0.333971,0.564372,0.186988,0.608810,0.426123,0.235289,0.638446,-0.219186,0.670701,0.218846,0.405822,-0.227376,-0.079563,0.528607,0.575867,0.366707,-0.907842,-0.021786,0.039254,0.166579,-0.291215,0.379311,0.044381,-0.364546,-0.064608,0.810975,-0.755211,0.044849,-0.509458,0.447224,-0.133139,-0.170424,-0.477150,1.086915,0.547557,0.061313,-0.077526,-0.836455,-0.175815,-1.400045,0.630564,-1.150356,-0.717702,-0.784677,1.338397,-0.681292,0.036288,-0.163210,0.414205,0.507346,0.362297,-0.417369,-0.374785,0.803135,-0.344022,0.762662,-0.563579,0.092511,-0.821843,0.754505,0.112505,0.735105,-0.616519,0.181379,0.446184,0.403554,0.085023,-0.122394,0.653193,-0.261952,-0.554990,-1.156460,-0.270597,-0.736400,0.191313,0.668359,-0.266491,-0.554476,-0.629977,-1.407356,-0.590559,0.433601,-0.370961,0.246928,0.362787,-0.010629,0.150289,-0.163185,0.834692,0.192247,0.160855,-0.663838,0.435163,0.368896,-0.115348,0.693276,-0.950311,-0.874251,-0.209802,-0.201042,0.434495,-0.119733,0.316287,0.809773,-0.218270,0.366744,0.297707,0.260604,0.019995,-0.719671,-0.482147,-0.867088,0.511027,-0.629292,-0.494342,-1.437696,0.707375,0.440232,-0.050594,0.224048,-0.240738,0.297183,-0.078007,-0.444397,0.525928,0.060281,-0.263453,0.442313,-0.695177,-0.591226,0.145556,-0.917658,-0.746061,-0.461745,0.039563,-0.154120,0.328140,0.001903,-0.186402,0.942964,-0.321556,-0.360899,-0.625681,-0.034277,-0.505800,0.313589,0.199543,0.177366,0.668698,0.030392,0.590495,-0.580562,0.153340,0.218061,0.151450,0.526386,0.191362,-0.424778,0.145234,-0.853476,-0.317212,-0.128158,-0.058749,-0.545456,-1.158294,-1.046474,-0.609169,-0.244400,0.267157,0.408300,-0.211835,-0.468015,0.710247,-0.505751,0.007153,-0.276343,0.383083,0.495949,0.089216,1.110610,-0.991970,0.560866,0.365331,0.233672,0.006821,-0.547807,0.505398,-0.787302,0.687913,-0.251181,-0.212952,0.287973,-0.022513,-0.684727,0.281217,-0.818137,0.287612,0.535219,-0.343842,-0.157065,0.613407,0.480689,0.112748,0.553611,0.358788,-0.080749,-0.053318,-0.853318,0.869698,-0.831557,-0.284296,-0.092840,-1.453568,0.241989,0.365520,0.129538,-0.155605,-0.099820,0.558613,0.159520,0.181023,0.423224,0.257056,0.075037,-0.456030,0.167312,-0.685446,-0.613738,-0.099867,-0.000895,0.257966,0.049620,-0.680502,-0.053431,-0.725050,0.627798,1.303694,-0.426656,-0.358261,-0.514686,-0.196968,0.410619,0.201431,0.259685,0.304095,-0.489190,-0.829329,0.268012,-0.928343,0.486590,-1.026292,-0.789630,0.545030,-0.431901,-0.409964,-0.638792,0.259558,-0.170812,0.162291,0.354912,0.538928,-0.668727,-0.375117,-0.420831,-0.686217,0.563599,0.417818,0.144582,1.346931,-0.089736,0.052485,-0.793305,0.422924,0.103164,-0.558981,0.138253,0.702148,0.046622,-0.062978,-1.178698,0.398741,1.161378,0.530202,-0.182697,-0.974655,-0.055004,-0.721412,-0.735617,0.265139,0.045351,0.990479,-0.390629,-0.793282,0.076417,-0.621316,0.466697,0.297887,-0.494220,0.179372,0.688800,-0.443510,-0.096596,1.601453,-0.034539,1.024816,0.102383,0.058559,0.486457,0.100830,-0.756296,-0.252181,-0.152841,-0.929551,-0.513071,0.390031,0.500099,-0.018705,0.319516
0.755878,-0.242289,0.539962,-0.077600,-0.650460,0.343530,-0.497273,-0.962008,0.560689,-0.098166,-0.167073,-0.838356,0.890521,0.511164,-0.555176,0.663200,-0.939908,-0.112226,0.390267,-0.637698,0.966342,-0.306957,0.507842,0.589245,0.331821,0.516227,-0.757005,-0.536021,0.410650,-0.319972,0.355064,0.131634,-1.066705,-0.185778,0.083809,0.585349,-0.761895,0.415872,0.691508,0.766367,0.285545,-0.528410,-0.819499,-0.894688,-0.157224,0.215740,0.758595,-0.683910,-0.458870,0.023650,1.030877,-0.054547,-0.345117,0.184532,0.222638,0.267512,-1.001504,-0.244707,-0.651290,-0.952594,-0.177222,0.137532,0.055711,0.184183,0.069018,-0.333674,0.021352,0.231882,-0.404666,0.329791,0.008428,-0.949315,0.128010,0.426703,0.440185,0.846683,-0.252730,0.197955,-0.779257,-0.139605,-0.735653,-0.648778,-0.131817,0.249662,-0.199736,-0.434962,-0.326279,-0.684519,0.394272,0.031555,-0.141919,0.469359,-0.557928,0.767255,-0.187642,0.301690,0.472927,0.490856,0.179532,-0.045659,-0.486893,-0.321562,0.225412,-0.647063,1.429653,0.270865,-0.175362,0.469420,-0.453412,0.982852,0.113950,0.270819,-0.014294,-0.132557,0.310006,-0.190912,0.219302,0.537048,-0.878861,0.418321,0.230096,0.302841,0.213100,-0.469955,0.837884,0.838060,-0.642185,0.236071,0.215711,-0.082289,-0.758658,0.068716,0.302271,-0.021500,-0.248567,-0.727270,0.121726,0.447303,-0.147439,-0.300933,-0.505318,0.648450,0.866737,-0.265879,0.059101,-0.440919,-1.137195,0.059279,0.203836,-0.258190,0.150886,0.424079,1.243938,0.159688,0.605805,-0.054950,-0.234744,-0.734782,0.051831,0.128542,0.151419,0.158652,-0.600028,0.185615,0.438091,-0.794461,-0.713530,0.343048,-0.561958,0.185074,-0.165174,0.118417,-0.574578,1.062079,-0.413549,0.203568,0.065650,-0.240336,-0.907208,-0.387341,0.418446,0.078303,0.472358,0.176049,-0.440383,-0.369425,-1.084652,0.487813,0.772082,-1.037401,-0.255819,-0.129610,0.670255,0.296343,0.293943,-0.675410,0.304820,0.082773,0.287546,0.196417,-0.623540,-0.609367,-0.831072,-1.308163,-0.409829,0.707107,-0.042989,-0.799353,0.417937,-0.895905,0.423935,-0.085426,0.215295,0.276151,0.568593,-0.921135,0.625640,0.175007,-0.523151,0.647519,0.569940,-0.660998,0.087963,-0.154684,0.384156,0.294499,0.199737,0.076737,0.420464,0.316302,-0.026562,0.248255,-0.765091,0.491290,0.457892,-0.512560,0.422998,-0.248038,-0.525628,-0.154462,-0.032700,0.099851,0.420353,-0.040727,0.038871,0.468572,-0.409151,-0.379878,-0.224348,0.173625,0.812199,-0.457204,-0.704590,0.583270,0.309439,1.177896,0.236593,0.786496,0.165280,0.057529,0.305692,-0.161375,-0.252195,-0.178372,-0.349199,-0.614216,0.391195,0.496112,-0.806062,-0.331962,-0.719317,-0.058737,0.512774,0.411809,-0.220862,0.079091,-0.576912,-0.748574,0.324241,0.176390,-0.218471,-0.922141,-0.265263,-0.382791,0.059394,0.070081,0.311458,0.678894,-0.692150,-0.735932,-0.481096,-0.359237,0.782003,-0.150803,0.087367,-0.283519,0.303200,-0.264372,-0.385971,-0.126880,-0.125739,-0.535896,0.835849,0.574594,-0.842007,0.729439,-0.025687,0.030430,0.130097,-0.274164,-0.210648,0.510266,0.322979,-0.155983,0.348534,0.816142,0.115119,0.013423,0.188784,-0.090052,0.284310,0.051244,0.145122,-0.121214,0.191158,0.479238,-0.876579,0.175657,0.529556,-0.091541,0.280612,0.059969,0.249510,0.414950,-0.465579,-0.430814,0.669995,-0.253814,-0.331964,-0.141460,-0.237642,0.694279,0.146474,-0.439039,-0.114949,0.229484,-0.561434,-0.112528,-0.707823,-0.277867,0.178885,0.374880,0.491050,-0.257249,-0.530628,-0.629229,0.779439,1.005769,-0.536467,-0.039241,-0.496994,-0.554807,-1.155190,-0.197938,-0.554564,-0.084155,0.480285,-0.074887,0.587349,0.982798,-0.461760,-0.118774,0.531133,-0.531396,-0.282791,-0.405055,0.318803,-0.113437,0.593075,-0.424971,-0.124508,0.951086,-1.096661,-0.006516
0.848156,-0.228616,0.182147,-0.442137,-0.224228,-0.737272,-0.207985,0.221524,0.491249,0.765342,-0.519698,0.439843,-0.002009,0.698084,-0.885585,-0.882465,0.119113,-0.111279,0.267506,-0.959495,0.147875,0.629308,0.122421,-0.896725,0.598674,-0.591522,0.306080,0.212005,-0.871515,-0.390006,-0.337594,0.419464,-0.263165,0.363083,-0.082446,-0.232578,0.173834,0.045410,0.115642,-0.234871,0.668548,-0.510485,-0.341722,-0.094671,-0.784704,-0.363783,-0.412181,0.095405,0.032402,-0.834670,-0.171729,-0.095005,0.039092,-0.141385,-0.999184,1.008658,0.421611,-0.036124,-1.264668,0.570001,0.642148,0.230593,0.674108,0.478653,0.194871,-0.467355,0.276396,0.318338,-0.794413,-0.230627,-0.175270,0.736540,-0.426717,-1.049382,-0.577959,0.825587,-0.310942,0.889917,0.753547,0.265814,-0.063465,0.076841,-0.555015,0.036789,0.215113,-0.058422,-0.687112,-1.399384,0.729206,0.507638,-0.576919,-0.530048,-0.819572,0.444813,0.392437,0.977694,-1.020419,-0.213493,0.034234,-0.445940,-0.910415,-0.715397,-0.536097,-0.384359,-0.658281,-0.939686,-1.170784,0.633024,0.650575,1.045186,0.124343,-0.038403,-0.305812,-0.396292,0.352943,-1.288130,0.710231,-0.193205,-1.060118,-0.504171,-0.168779,0.344226,-0.339480,-0.043382,-0.134128,-0.036503,0.159858,0.366844,-0.176670,0.802772,-0.183305,-0.089334,-0.015566,0.171635,-0.387936,0.182810,-0.128184,0.988841,0.172722,1.217149,0.117666,0.929199,-0.218083,-0.163587,0.939864,-0.390798,0.215380,0.064875,0.083927,0.500859,-0.834079,-0.134453,-0.590605,0.268699,-0.384163,-0.199261,-1.246890,0.064601,0.553843,-0.525185,-0.333697,0.007652,0.056095,0.512942,-0.796566,-0.283747,-0.582332,0.153576,0.533893,-0.080463,0.002275,1.104889,0.579740,1.020814,-0.608745,0.266190,-0.174539,0.010472,0.918394,-0.341043,0.429789,-0.855880,0.244745,-0.981887,-0.057833,-0.446175,0.375804,0.405261,-0.006811,0.455223,0.810375,-0.378269,0.090963,-0.312471,0.119731,0.655208,0.127308,0.224310,-0.962626,-0.016461,0.336481,0.058359,0.018269,0.029283,-0.246773,-0.162320,-0.011822,0.699863,-0.695741,-0.280724,0.182396,0.343292,-0.795594,0.046781,0.259470,-0.083216,0.435168,0.019061,0.074320,-0.413143,0.104008,0.488992,-0.637352,-0.022744,0.543709,0.197234,-0.017118,0.009023,0.257882,-0.241269,0.183600,-0.092474,0.206389,-0.772162,-0.293921,0.035602,-0.201036,-0.545991,0.018788,0.542359,-0.484870,-0.006631,0.859791,0.615233,-0.195473,0.568094,0.539881,-0.126037,-0.110368,-0.393331,0.571049,-0.011293,0.118096,-0.095686,-0.432505,0.237771,-0.159761,0.556139,-0.124235,-0.142038,-0.130167,0.263938,-0.253496,-0.374474,-0.632209,-0.819924,-1.193456,0.227864,0.356337,-0.395492,-0.174959,0.347876,-0.362776,-0.781739,-0.101938,0.119416,-0.131256,-0.151147,-0.358598,0.120437,-0.198941,0.738699,0.503751,-0.291283,-0.466406,0.635232,0.334765,-0.833568,0.226381,0.101568,-0.075351,0.927639,-0.052937,0.656439,-0.123852,0.721093,0.001733,-0.661807,0.006735,0.108050,0.295842,0.108038,0.414146,-0.127474,-0.605499,0.107283,-0.158908,0.058612,-0.121194,0.913057,0.005614,0.485454,-0.712047,-0.143277,-0.599161,0.118645,0.436231,-0.192711,0.135331,-0.478669,-0.590393,1.064838,0.891941,0.305293,-0.599450,0.077053,-0.633028,-0.631058,0.209493,-0.487320,-0.570880,0.841301,0.272011,0.076247,0.834913,-0.829601,0.764523,0.143531,-0.053123,-0.315746,0.309568,0.491223,-0.444499,0.140803,0.710387,0.553726,-1.057033,0.333237,0.926915,0.046511,-0.521313,-0.125608,-0.071563,0.383230,-0.175171,-0.734252,0.105418,-0.010135,-0.046797,0.781476,0.169342,-0.369960,-0.034970,-0.178704,0.238525,-0.143852,-0.166572,0.555053,-0.007546,-0.338591,-0.281889,-0.335893,-0.333522,0.936100,-0.214375,-0.274311,0.049642,-0.249293,0.149305,-0.659822,-0.799920,-0.951070,0.075732,-1.079539
0.555754,0.080792,-0.407194,-0.557620,-0.627407,-0.719355,0.738096,-0.416550,-0.339087,-0.108218,0.649280,-0.253915,0.487659,0.314034,-0.645630,0.490463,-0.157077,0.758706,0.690538,-0.204184,-0.764500,0.376410,-0.416940,0.099711,0.317086,0.029782,0.092202,-0.221122,-0.208082,-0.052724,-0.338158,-0.087547,0.252765,-0.158021,0.052066,0.268176,0.081637,-0.050935,1.183412,0.302463,0.201440,0.989690,-0.133197,0.170683,-0.240360,0.039575,0.114353,-0.479002,-0.649663,-0.190819,0.694114,-0.110443,0.402578,-0.424955,-0.761013,0.197029,0.486105,-0.188976,0.250650,0.010818,-0.126405,-0.187881,0.243447,-0.264288,-0.793112,-0.290629,-0.158147,0.074003,-0.515349,0.363184,0.140225,0.837090,-0.765208,-0.394051,0.454316,-0.052158,-0.106785,0.171169,0.565058,-0.170102,0.896563,-0.235081,-0.361192,-0.632413,0.313967,0.180863,-0.027913,-0.587278,-0.322499,0.470334,0.149109,0.458520,-0.626291,0.276715,0.131146,0.734477,-0.312964,0.529378,0.524309,0.562945,0.607930,-0.511192,1.061674,-0.618252,0.486522,-0.760246,0.935095,-0.423977,0.157712,0.831864,0.067151,-0.269779,-0.132553,0.425746,0.429244,0.230660,-0.466406,0.378775,-0.597254,-0.081618,-0.274759,-0.533179,-0.731701,0.325071,0.190045,-0.499033,-0.273369,0.118401,-0.245653,0.204940,0.430944,-0.050493,-0.537287,-0.658059,0.621268,-0.511290,0.108222,-0.158524,0.605053,-0.051079,0.651490,-0.479273,-0.002561,-0.159124,-0.662993,0.488207,0.403134,0.033149,0.172608,0.583081,-0.108381,0.463947,0.618848,0.401133,-0.071626,0.632311,-0.869471,-0.596088,0.074461,-0.505744,-0.725551,-0.012172,0.438023,0.608817,0.545976,0.607576,-0.546906,-0.892416,-0.276609,-0.649561,-0.563350,0.116764,-0.324721,0.865080,0.400031,-0.480385,0.090004,0.910328,0.047912,-0.737780,-0.773598,-0.170561,0.289308,-0.001346,0.447797,1.019958,0.542813,0.950749,0.205240,0.217499,-0.783423,-0.479860,-0.052281,-0.504070,0.340798,-0.359840,0.264690,-0.081974,0.075943,0.875514,-0.210207,-0.248235,0.840288,-1.160415,0.199498,-0.336781,-0.009984,-0.512577,0.146322,-0.202199,0.249751,-0.859206,-0.448940,0.239426,-0.195466,0.814294,-0.378297,0.013866,-0.185658,0.405249,-0.234637,0.038775,-0.462203,0.596455,0.305206,-0.239168,-0.430840,-0.197426,0.252081,-0.505312,0.053948,0.123483,-0.186390,-1.436916,-0.181656,0.391311,-0.026700,0.293634,0.078395,0.682374,0.334552,0.588737,-0.161624,-0.106830,0.199266,-0.510393,0.409714,-0.392139,0.153298,-0.125076,-0.173358,0.128425,-0.558577,-0.166824,1.017437,0.156972,0.054049,-0.188571,0.334672,0.175892,-0.000788,0.966421,0.939071,-0.915980,-0.056577,-0.506929,-0.060007,-0.732292,0.223878,0.247220,-0.485083,0.389939,-0.717232,-0.557046,-0.664922,-0.725635,0.064485,-0.262165,0.057600,-0.136487,0.745187,0.853959,0.197081,-0.169050,-0.067150,0.993666,-0.566518,-1.260796,0.027231,0.075880,0.498358,0.357134,-0.573215,-0.632353,-0.636931,0.083423,-0.201121,-0.762943,0.362276,0.315694,0.594031,-1.317328,0.000146,0.359015,1.035928,-1.251009,0.997407,-0.099291,0.268879,-0.086344,-0.118585,-0.219432,-0.392634,1.010467,0.152296,0.656152,0.162564,0.095063,0.382161,-0.481280,-0.100625,-0.193544,0.029864,0.589341,0.195136,-0.223570,0.153608,-0.368513,-0.360561,0.615238,-0.013424,-0.395688,-0.404647,0.099741,0.511302,-0.315879,0.683207,-0.888273,0.519114,-0.071941,0.314311,0.855847,0.675636,-0.560868,0.766599,0.550607,0.544804,0.219061,-0.312897,0.298785,0.841834,-0.358890,0.585721,-0.503454,-0.758995,-0.688663,-0.061634,-0.309879,0.428750,-0.651881,-0.072833,0.454475,0.401984,-0.357177,0.110159,-0.627776,0.259686,0.638087,-1.071711,0.840389,0.263768,-0.456909,-0.080695,0.427989,0.301439,-0.145119,0.127298,0.256673,0.351531,0.141365,1.508953,-0.590256,0.150227,-0.068990
-0.039194,-0.267449,0.682498,0.401135,-0.138296,-0.841663,0.031762,0.737069,-0.446148,0.157989,0.428608,1.084646,-0.519568,0.552213,-0.214725,0.505738,0.383377,0.035050,0.190289,-0.315623,0.383387,-0.758758,0.101053,0.619166,-0.104489,0.521796,1.025865,0.414486,0.733823,0.088600,-0.515579,0.880295,0.114504,-0.823546,-0.242894,-0.576095,-0.298136,0.002793,1.092513,0.817942,-0.419817,0.052004,-0.524501,-0.285930,-0.135243,-0.054873,0.031947,-0.245767,-0.028383,0.530854,-0.263550,-0.338927,0.303670,0.342293,-0.780792,-0.691695,-0.302646,0.405792,0.482861,-0.867232,-0.589336,-0.289438,-0.093686,0.319489,0.508159,0.161201,-0.115315,0.248555,-0.124754,-0.099046,0.705753,0.306552,0.217132,-0.258099,0.016981,-0.012100,0.337959,0.562827,0.153233,0.210943,0.135467,0.575777,0.190163,-0.427812,0.676690,0.174035,-0.143235,0.365868,0.209295,0.594547,-0.289682,0.952988,-0.341286,-0.391338,1.006119,0.318833,0.594656,0.332610,0.521789,0.211071,-0.186784,-0.094246,-0.551609,0.276136,0.541127,0.512102,0.043724,0.590232,-0.135582,0.111876,0.956050,-0.458380,0.153987,0.501210,-1.112254,-0.756078,-0.293056,-0.163352,0.353539,-0.136836,0.698456,0.040719,0.345608,0.721251,0.043386,-0.208202,0.141018,-0.532127,0.426592,-0.392318,-0.844479,-0.184544,0.238292,-0.213348,0.461038,1.036229,0.632690,1.100305,0.219154,-0.517546,0.340777,-0.188266,0.445427,0.295629,0.752948,0.235565,-0.486718,-0.785558,0.469268,-0.165459,-0.105091,0.787451,0.443541,0.539452,0.275511,0.008018,-0.068517,0.058953,-0.638044,-0.426052,-0.157175,0.065424,-0.351277,-1.022826,0.399933,-0.642337,0.082090,0.905295,-0.136128,-0.060530,0.352396,0.354221,-0.319609,0.852110,0.071564,-0.223111,-1.219133,-0.135679,0.589143,0.784522,0.142686,-0.143829,0.263275,0.130482,-1.167324,0.595386,0.380670,0.133135,-0.498487,-0.914869,0.117298,0.904768,0.289593,-0.255989,-0.051524,-0.768723,0.431085,-0.198966,-0.092724,-0.049230,1.195155,-0.170918,-0.070930,-0.354612,0.158990,0.165042,0.223854,1.134312,-0.619587,0.300136,1.594494,-0.013878,-0.123963,-0.407720,0.351834,-1.360974,-0.076315,-0.501855,0.050788,-0.049990,-0.208096,-0.172588,0.204523,0.169367,-0.058912,0.242376,-0.691163,0.324360,0.374842,-1.189706,0.466644,-0.870635,-0.369116,0.090358,0.390085,0.087502,0.626993,-0.698120,0.306656,-0.112089,-0.511494,-0.249036,0.946324,0.656150,-0.120320,-0.487865,0.352600,0.076470,0.553554,-0.078577,0.033733,0.437086,0.088649,0.163630,0.083176,0.508854,0.071886,-0.321415,0.129588,0.404702,-0.157153,-0.133338,0.258149,0.261769,0.117501,-0.892713,0.170118,0.463750,-0.137090,-0.016749,-0.577623,0.285101,-0.127018,0.038308,0.853728,0.058659,0.894220,-0.179928,0.606973,-0.620797,0.277952,-0.075645,-0.329446,-0.466798,-0.685310,1.020360,0.231655,-0.600149,0.729613,-0.685574,0.262226,0.053118,-0.018079,-0.041986,0.626776,-0.409081,0.135815,0.228998,1.374353,0.357277,-0.610113,-0.529225,-0.892852,-0.099017,-0.075952,0.198818,0.718732,-0.917498,-0.016607,-0.068215,-0.364328,0.204250,0.141631,-0.352157,0.349525,-0.254237,0.178189,0.065467,0.244283,-0.134798,-0.212392,0.732696,0.192587,-0.381022,-0.118578,0.115956,-0.146902,0.355780,0.333757,0.152185,-0.274173,-0.549655,-0.508492,-0.254271,-0.306818,0.201683,-0.982490,0.363132,-0.746859,0.663946,-0.440526,0.169212,0.285054,-0.566700,-0.285464,0.492401,0.438185,0.068606,0.433322,-0.417372,-0.048856,0.811463,-0.769389,0.171963,-0.681011,0.197779,-0.553842,0.624410,-1.242485,-0.664567,0.137185,0.132497,1.021617,-0.478021,0.092961,-0.799678,0.004812,-0.656333,-0.290863,-0.125644,0.067508,-0.329524,0.898887,0.028731,0.692201,-0.359704,0.227720,-0.150148,0.842337,0.293178,0.247775,-0.552918,-0.930292,-0.062391
