0.099327,-0.332725,0.094611,0.143513,-0.677441,-0.401883,0.703997,-0.332190,0.624764,0.057953,0.507380,0.009079,-0.125898,0.427274,0.865499,0.089112,0.093757,-0.410271,0.470412,-0.069671,0.214298,0.250036,0.262081,-0.725676,-0.169554,-0.114153,-0.421914,-0.628780,0.161766,0.107546,0.062386,0.494055,-0.727433,0.200468,-0.098602,-0.855438,-0.864992,0.517571,0.589036,0.378606,1.050030,0.120854,-0.194100,0.434000,-0.958253,0.628478,-0.216780,-0.120387,-0.517212,-0.702219,-0.886422,0.691555,-0.120746,0.687627,0.324977,-1.150461,-0.457863,-0.465003,0.179045,-0.383963,-0.526367,0.484415,-0.057730,-0.293222,-0.395360,0.119963,0.275753,0.374319,0.159783,-0.103282,-0.849096,0.251701,-0.723999,-0.493538,-0.420300,-0.181256,-0.376961,0.532750,0.535433,-0.241177,-0.678212,-0.649781,0.712252,0.374154,0.967718,0.159108,-0.803078,0.786499,-0.230695,0.777358,0.589886,-0.727362,0.519276,0.806665,0.788476,-0.179238,0.048791,0.200752,1.489730,1.083210,-0.829159,0.240704,-0.452219,-0.565310,-0.102084,-0.712328,-0.239764,0.596457,1.188719,0.757221,0.102173,-0.152098,0.447424,-0.028869,0.340963,-0.038348,-0.146218,-0.014210,0.410789,0.429008,0.086617,-0.150443,-0.648707,-0.530511,-0.299943,-0.806239,0.278958,-0.243800,0.427372,0.312337,-0.176085,0.538501,-0.073099,-0.156719,-0.807685,-0.330276,0.661478,-0.552269,-0.173223,0.337918,-0.409706,0.550895,0.669636,-0.527717,-0.199427,0.670642,0.081002,0.273057,0.239251,-0.122673,-0.105930,-1.055196,0.027723,0.146245,-0.242165,1.247231,0.049404,1.100481,0.121197,0.360961,0.288704,-0.524584,0.690371,0.024294,0.068329,0.202389,0.257730,-0.172419,-0.762780,0.207281,-0.675571,-0.271336,-0.025373,-0.190458,0.556471,0.209711,-0.947408,-0.550956,0.029455,0.014831,0.134637,0.880073,-0.221446,-0.079830,0.708680,0.933319,0.488168,0.236040,-0.045061,-0.248573,0.106573,-0.625083,0.198491,0.990879,-0.045762,-1.225024,0.060598,-0.831793,-0.031503,-0.274848,0.038309,0.127198,0.677265,-0.072099,0.135386,0.433149,-0.304513,0.959748,0.248099,0.887706,0.699610,0.048249,-0.746687,-0.250802,-0.353780,-0.300509,-0.014419,-0.742026,-0.486447,-0.667892,0.306186,-0.161036,0.907868,-0.254525,0.280959,-0.468602,-1.102602,-0.157872,0.001257,-0.003226,-0.462730,-0.287704,0.673967,-0.155971,1.274016,0.221764,-0.178475,-0.477764,0.551145,0.024451,0.123422,-0.007202,-0.164773,-0.473392,-0.590277,0.153134,0.103767,1.058849,0.018150,0.290842,0.094751,0.636500,0.158867,0.151631,0.239047,0.187893,-0.283033,0.537042,0.362278,-0.363914,0.399521,0.486234,-0.330493,-0.013470,-0.488932,-0.381168,0.286215,0.591026,-0.603284,0.013318,-0.173870,0.279463,0.352555,0.672174,0.049534,-0.521966,0.171576,0.044753,0.476050,-0.082786,0.246120,0.345210,-0.029240,-0.868182,0.645882,0.709761,-0.168301,1.206219,-0.678871,0.048180,-0.048026,-0.013705,0.274788,0.606840,0.163136,0.042356,0.041924,-0.235922,0.258016,0.422063,1.012828,-0.264300,-0.570983,-0.071967,0.277504,0.044835,0.117265,-0.688945,0.442985,0.461590,0.612760,0.683645,0.563981,-0.065709,0.021548,-0.037572,-0.074073,-1.251448,0.308879,0.443395,-0.334466,0.471648,0.255956,0.056483,-0.676626,-0.120817,0.475757,0.862794,-0.219354,-0.394519,-0.216638,0.425594,0.537013,0.950079,0.288817,-0.661930,-0.455392,0.632789,-0.523023,-0.160305,-0.092900,0.096400,0.949580,-0.388247,-0.550070,-0.220483,0.168956,-0.114712,-0.083963,0.038945,0.318501,0.241561,0.337061,1.134731,0.755332,-0.101636,-0.184211,-0.927089,-0.135891,0.104087,0.708214,-1.241237,0.267275,0.276703,0.990059,0.686854,-0.027589,-0.283770,0.127003,-0.367707,-0.042995,0.102673,-0.496459,0.151589,0.346525,-0.048031,0.867479,0.515381,-0.626041,0.254732,0.530872,-1.017044,-1.388735,-0.412068
0.321667,-0.900964,-0.728130,0.113651,-0.259013,0.816331,-0.126093,-0.584253,-0.560126,0.421688,-0.294569,0.009108,-0.332775,0.336794,-0.221719,-0.413050,0.462296,0.309329,-0.414667,-0.541744,0.383294,0.213488,-0.138576,0.318960,0.369875,-0.539280,0.550451,0.249326,-0.129035,0.025076,-0.478894,-0.322251,0.144251,-0.291744,0.059995,0.545039,-0.849524,-0.087232,0.400242,0.277939,0.288810,-0.344885,-0.217981,0.200263,-0.132091,-0.436577,-0.102996,-1.897769,0.091233,-0.082038,-0.361297,0.230380,0.068603,0.455089,-0.586236,0.554689,0.487584,-0.025014,-0.230993,0.238532,0.305991,0.183655,-0.171726,1.337848,-0.199827,0.104457,0.225861,-0.322512,-0.258628,-0.772548,-0.595668,0.305592,-0.200834,0.077795,-0.275374,-0.456831,-0.768593,0.476200,0.124286,0.215883,0.639022,-0.405060,-0.682535,-0.123118,-0.078137,0.929005,-0.323651,-0.067295,-0.173351,0.019269,0.399102,-0.215310,-0.390906,-0.174484,-0.450799,0.496238,-0.069810,0.360117,0.245256,1.453277,-0.588351,-0.198735,0.354853,0.929653,0.681699,-0.491340,0.356578,-0.093230,-0.317894,-0.004618,0.339098,0.602072,0.150083,0.108174,0.125194,-0.065162,-1.063118,-0.608374,-0.268353,0.039262,0.712091,0.340328,0.104101,0.669795,0.590507,-0.382712,-0.213402,0.861677,0.371477,0.290872,-0.259737,-0.155225,-0.281237,-0.774768,-0.021708,0.240370,0.261507,0.158660,0.148080,0.549001,0.846351,0.469180,0.035289,0.204349,-0.794516,-0.275924,-0.520660,0.428415,0.155278,0.553788,0.006133,-0.784564,-0.482015,-0.283364,-0.090061,-0.444419,0.072168,0.277905,0.782070,-0.108180,0.336220,0.225328,0.137527,-0.236286,0.187809,-0.452370,0.689397,0.564666,-0.468365,-0.127406,-0.460100,-0.766892,-0.806333,-0.029859,0.954907,0.052741,-0.262435,-0.099571,0.963724,0.478361,0.045123,0.660613,-0.183834,0.626356,0.424024,0.236100,0.095133,-0.441026,-0.209766,-0.545165,-0.440152,0.096357,0.046470,-0.734067,-0.559370,-0.271949,-0.235396,0.587330,0.725170,-0.318473,0.269562,-0.460927,-0.277079,-0.957149,-0.161835,0.338251,-0.407739,0.378422,0.268719,-0.145542,0.340375,0.769743,0.991671,0.539149,-0.572596,0.049833,-0.228854,-0.527929,0.120460,0.586960,-0.442316,-0.616844,0.254121,0.824421,0.187418,-0.568281,-0.905549,-1.005607,0.438193,0.172886,-0.157570,-0.055911,-0.504906,-0.097172,-0.494685,0.005666,0.439634,0.538608,0.259772,0.228506,-0.269656,-0.327241,0.287582,0.663954,0.471961,-0.265248,0.333825,-0.145813,0.851233,0.254254,0.173831,0.001221,1.194935,-1.511191,0.639422,0.306068,-0.259099,-0.601734,0.439182,0.756942,0.492846,0.531884,0.192768,0.619845,0.053568,-0.314525,-0.341127,-0.184008,0.582948,-0.628982,-0.065308,1.187694,0.415420,-0.026114,0.471332,-0.157983,-0.622558,0.308206,-0.666583,-0.159886,0.740886,-0.157605,0.413682,0.400208,1.434002,-0.372388,-0.201814,-1.263507,0.342199,0.314664,-0.485003,0.162169,0.117001,-0.179038,-0.599933,0.135820,-0.057119,0.907855,-0.294445,0.036617,0.699521,-0.281763,0.424624,1.132981,0.110791,0.262997,0.380162,0.179987,-0.259649,-0.400546,1.486147,-0.124592,0.046278,-0.459162,-0.510273,-0.387666,0.524159,0.628445,-0.508443,-0.161459,-0.317931,-0.003644,0.122124,0.523443,0.019173,0.404512,-0.511248,-0.139187,0.085220,-0.875230,0.091995,-0.082041,0.406866,-0.042438,-0.374798,-0.688240,-0.765990,-0.155787,0.464846,-0.489182,0.311939,0.294144,0.314017,0.274139,0.474398,-0.087803,-0.408277,-0.471705,-0.063596,-0.215524,0.142620,0.776409,-0.166322,-0.010463,-0.180653,-0.441524,0.158808,-0.822309,0.599481,0.334335,-0.092924,-0.295305,-0.652545,-0.340422,-0.504995,0.271681,-0.169051,0.617575,0.135837,-0.392202,-0.187471,-0.325922,0.196197,-0.252175,0.968070,-0.133719,0.060297,-0.015259,0.060731,-0.383035,0.152123,-0.009938,-0.800306,0.419187
0.069181,0.455495,0.394297,-0.327072,0.183346,-0.305311,0.518655,-0.173814,0.280377,0.151902,-0.745446,-0.397321,0.131205,-0.360894,-0.281194,0.591043,0.154653,-0.133869,0.077484,-0.351699,-0.537572,0.178972,0.452035,-0.219148,-0.201812,0.179026,-0.100736,-0.314682,0.220842,0.310338,0.008991,0.276631,0.252164,-0.397692,0.067565,-0.225835,0.323965,0.393094,0.096980,-0.033996,-0.287496,0.169073,0.809375,0.660358,0.232686,0.675369,-0.780962,0.001277,0.516254,0.526221,0.560582,-0.360254,-0.328296,-0.436516,-0.314014,0.362748,0.524893,-0.234546,-0.240373,-1.328415,-0.084084,0.273398,0.033543,-0.118405,0.091552,1.215201,0.143045,-0.235096,-0.521192,-0.368012,-0.296634,-0.969919,-0.700920,0.108404,-0.614104,-0.354984,-1.310679,-0.453599,0.246579,0.277076,-1.058671,0.832801,-0.222656,0.706868,-0.283793,-0.177243,0.239031,-0.234255,0.280113,0.509688,0.025488,-0.271144,0.794792,-0.512458,1.001278,-0.222712,-0.167067,0.486444,0.520662,0.473985,1.068487,-0.118944,-0.527416,0.150787,-0.936742,-0.375527,0.869750,-0.922077,-0.412489,0.081676,0.983167,-0.763108,-0.336383,0.093938,-0.141747,0.283013,-0.676411,0.594148,-0.520956,-0.428108,-0.225986,-0.290315,-0.393491,0.222831,-0.035644,-0.305054,0.973854,0.013355,0.005030,-0.190814,-1.102980,0.110685,0.350113,0.351637,-0.690517,-0.083031,0.220454,0.281834,0.120421,0.474753,-1.090109,-0.296375,0.423336,0.762830,-0.927715,-0.191602,0.756965,-0.004082,-0.557426,0.351791,-0.065257,0.668977,0.297874,0.517089,-0.099870,0.482566,-0.011482,-0.954666,-0.988645,-0.606945,0.271976,-0.787767,0.555800,-1.138083,-0.833904,-0.561311,0.812122,-0.464833,-0.082284,-0.388366,-0.502932,0.437156,0.186424,1.057787,-0.480832,-0.268549,0.097493,-0.487505,-0.433712,-0.029060,-0.647924,1.218169,-0.155995,0.293571,0.170458,0.473625,0.032795,-0.013025,0.483158,0.480279,0.254632,-0.577337,-1.352156,-0.020021,0.933102,-0.080280,-0.574850,-0.457272,-0.141965,-0.741061,-0.704623,-0.797909,0.010902,0.014875,-0.142892,-0.990260,0.949435,-0.132510,0.045838,-1.060347,0.568912,-0.544478,-0.041428,0.083391,-0.305941,-1.081504,0.255216,-0.824130,-0.207007,-0.488349,0.010156,-0.260638,-0.684861,-0.278082,0.107223,-0.033427,-0.685201,0.110264,0.281240,-0.141768,0.078705,-0.275588,0.351826,-0.129093,0.603539,0.912168,0.170329,-0.014039,-0.521315,-0.924502,-0.626610,0.236695,-1.150084,-0.171349,-0.200517,0.307241,0.356205,0.248650,-0.798989,-0.856201,0.211259,0.643004,-0.365640,-0.450112,0.106940,0.473076,0.199373,0.084760,0.164306,-0.256284,0.383275,-0.298059,-0.510249,0.603376,-0.150692,-0.213793,0.819922,-0.562124,-0.125637,0.925222,-0.556246,-0.457924,0.553305,-0.464634,-0.681723,-0.414874,-0.443754,0.781872,0.135541,0.346089,0.412160,0.292525,-0.279140,0.615517,0.472270,0.068918,0.031756,0.208852,0.255058,-0.512422,0.477151,0.314128,0.681181,-0.919734,0.527016,-0.120200,1.553190,0.351464,-0.519790,-0.441251,-0.100575,0.709283,-0.037843,-0.424198,0.125408,-0.575023,-0.390237,-0.419170,0.024947,0.133698,-0.552036,-0.289360,-0.001310,-0.571586,0.615052,0.081457,0.029391,0.048976,-0.222124,-0.252423,-0.798224,0.438817,0.558629,-0.572690,-0.338560,-1.021246,-0.051735,-0.031664,-0.288026,-0.299451,0.827506,0.379197,0.357920,-0.779295,0.078014,0.263931,0.376911,0.381907,1.217126,-0.442551,-0.345413,-0.360149,-0.417368,0.099593,0.141244,0.121961,-0.469461,-0.191129,0.518098,0.421834,0.222455,-0.394125,-0.170802,-0.649713,-0.499923,-0.189851,-0.240442,-0.270056,-0.301063,0.033390,0.044517,-0.148828,0.808456,0.173857,-0.022779,0.190343,0.458376,0.166648,0.830185,-0.813204,0.029784,-0.268002,0.105755,0.398488,0.375581,0.353368,-0.310448,0.023049,0.325233,0.443100,0.343404,0.071143,-0.102490,-0.422007
-0.763327,-0.573512,-0.255922,0.099382,-0.258118,0.426761,0.473585,-0.485803,0.516580,-0.023696,0.288477,-0.581610,0.178801,0.010661,-0.287402,0.775237,0.381891,-0.302557,0.727321,0.213465,0.870963,-0.486207,-0.462425,-0.157558,-0.044259,0.194820,-0.025752,0.573549,0.433761,-0.231233,0.194830,-0.444406,0.805317,0.598184,-0.239572,0.942676,0.668233,-0.084854,1.081846,0.095073,0.197597,-0.036810,0.369297,-0.412964,0.273037,1.502564,-0.221564,-0.225919,-0.147659,-0.922966,0.803043,-0.990678,-0.243040,0.732406,0.086741,1.027972,-1.141353,0.583794,-0.166693,0.054883,-0.549580,-0.453380,0.243480,0.219059,0.297491,-0.684835,-0.158471,0.318637,-0.402106,0.017575,-0.383673,-0.022879,0.414113,-0.261411,0.543980,0.570253,-0.057940,-0.103632,-0.248492,-0.108421,0.253158,-0.910297,-0.849222,0.107823,0.212256,-0.163016,0.099948,-0.197274,-0.214880,0.235910,-0.232874,0.414154,-0.604546,-0.308420,-0.434992,-0.207356,0.239843,0.103097,0.370976,-0.168952,0.342768,0.052900,0.043466,0.760620,-0.431583,-0.216723,-0.269868,-0.134032,-0.204561,-0.620298,1.186416,0.201015,0.449680,0.808115,0.329528,0.065625,0.489372,-0.505244,-0.392853,-0.251794,-0.565880,-0.503788,0.057021,-0.316851,0.520575,-0.092557,-0.634876,0.451066,-0.060775,-0.378538,-0.116253,0.177834,-0.148318,-0.057858,-0.580674,-0.192022,0.462859,-0.192842,0.003934,-0.351778,0.369811,-0.714638,-0.313122,-0.523177,-0.051201,0.676171,-1.048069,-0.341705,-0.662061,-0.062149,-0.421847,0.911910,0.484951,-0.065962,-0.448697,0.524628,0.256885,0.149823,-0.271552,0.449940,1.124817,-0.231326,0.439854,-0.248409,-1.989937,-0.274212,0.332627,-0.280824,0.276840,0.771565,0.233966,0.100170,-0.068325,-0.018917,0.343079,0.695927,-0.008892,0.140337,-0.716591,0.164386,-0.555831,0.184753,0.131866,-0.208701,-0.197186,0.328296,0.525821,-0.873061,0.672680,-0.476842,1.160883,0.300921,0.074531,-0.382214,-0.990866,-0.190677,0.082850,0.928577,0.225681,0.517633,-0.284924,0.188044,-0.000091,-0.401233,1.266264,0.813733,0.337320,-0.389551,0.289463,0.570668,0.428342,0.150345,0.292459,-1.239428,0.359017,-1.194162,0.011166,-0.947078,-0.070940,-1.257756,0.049689,0.176300,0.733437,-0.928263,0.340424,0.125289,-0.189920,-0.269506,-0.069695,-1.198806,0.299553,0.082117,-1.125002,-0.047751,0.539698,0.356051,-0.189994,0.018349,-0.485238,0.907328,0.316726,-0.102069,0.420607,0.488238,-0.104713,0.044418,-0.135127,0.189277,0.108218,0.015500,-0.343080,-0.970083,0.955368,0.764708,-0.081372,-0.828765,0.405335,-0.308265,-1.375412,0.017529,-0.287300,-0.107563,-0.219455,0.278082,-0.959837,0.150151,-0.561162,-0.564613,-0.891312,-0.024971,-0.272497,0.142813,0.600141,-0.912852,-0.717344,0.226304,-0.909179,0.044950,0.068649,0.074127,-1.065083,-0.314582,-0.077821,0.005617,0.765311,-0.347098,-0.611439,0.361170,0.048274,-0.301878,0.319611,0.254232,0.423030,-0.391804,-1.394449,0.171944,-0.382393,0.476632,-0.713936,-0.456545,-0.964900,-0.156083,-0.594111,0.453170,0.082453,-0.058776,0.297602,-0.696057,-0.052277,1.284033,0.006154,-0.514030,-0.643167,0.261272,-0.653359,0.776929,0.190029,-0.537526,-0.121887,0.196079,1.240254,0.850374,0.541007,-0.381032,0.774807,-0.318806,0.793466,-0.776159,-0.125489,0.189796,-0.436714,-0.129643,-0.210396,-0.147231,-0.860382,-0.109418,-0.976881,0.032574,-0.282975,-0.068466,0.245166,-0.390698,-0.046130,-0.117888,0.316769,0.003379,0.156836,-0.043789,-0.321836,1.284325,0.253240,-0.471171,0.194210,0.210633,0.111433,-0.322397,0.531593,-0.785574,-0.179974,-0.264689,-0.231583,-0.022185,-0.349485,-0.147443,0.716655,0.506751,-0.421257,0.367778,0.002838,0.009511,0.095721,0.181031,-0.525088,-0.087368,-0.066805,0.105948,-0.696841,-0.269983,0.104926,0.432642,0.197461,-0.319661,0.344300,0.049613
0.196108,0.143832,0.237216,0.134491,-0.110130,0.162988,0.226471,0.012469,-0.298359,0.044134,-0.310631,-0.616054,-0.394489,-0.138513,0.369101,-0.841911,0.280636,0.587108,-0.180989,0.587908,-0.157690,0.064258,0.588233,0.299708,0.120060,-0.122169,-0.820391,-0.533943,-0.206043,-0.229082,-0.862470,0.204518,0.030962,-0.082540,-0.365356,0.190398,0.498723,0.158005,-0.056115,1.111696,0.798874,-0.666929,-0.211413,-0.125413,-0.452465,-0.088713,0.670129,0.448058,-0.801075,0.139275,0.398687,-0.072667,-0.000332,-0.336751,-0.464459,0.164975,-0.982124,-0.162070,-0.847975,-0.319538,0.446010,0.429409,0.121757,0.461659,0.121671,-0.322740,-0.307580,-0.598105,-0.096093,0.231292,-0.637139,-0.501580,-0.596309,0.385492,-0.662208,-0.571143,0.004099,-0.384567,-0.134248,0.012845,1.042379,0.393536,-0.247152,1.559166,-0.375845,-0.284665,0.807663,-0.165970,-0.075586,-0.019096,-0.253639,-0.063549,-0.590376,0.303126,0.493612,0.561635,0.260525,0.840164,-0.048667,0.487441,0.048789,-0.592730,-0.876954,0.111521,-0.882676,-0.257582,-0.581842,-0.131174,-0.294039,-0.071860,-0.145627,0.349263,0.481760,0.418760,-0.741127,-0.097726,0.145294,-0.208368,0.008247,0.519261,-0.078490,-0.204876,2.016602,0.260006,-0.764061,-0.123428,-0.248419,0.252308,0.772548,0.481798,-0.700811,-0.304514,0.832077,-0.106198,0.505052,-0.109626,-0.156863,-0.381901,0.647104,-0.068294,0.194971,-0.787882,0.604181,0.138726,0.527965,0.231761,0.268847,-0.216851,0.549208,-0.465447,0.878527,0.002301,0.890311,0.264708,-0.124215,-0.263979,-0.095467,0.129810,0.665634,-0.243372,-0.339282,-0.363838,0.020170,-1.095990,0.066705,-0.363938,0.529619,0.446838,0.142549,0.288266,-0.022961,0.657346,-0.117822,-0.330574,-0.152053,-0.779294,0.549304,0.048886,0.045274,-0.687242,-0.478243,0.375757,-0.022820,0.533310,0.701472,-0.012529,-0.909039,-0.016034,0.821737,-0.150998,-0.000722,-0.693991,0.640253,-0.124655,-0.638685,-0.298479,-0.297947,0.052114,0.095443,-0.221888,0.001022,-0.379181,-0.389861,0.567318,0.236018,0.048953,-0.942453,-0.779729,0.314776,-0.763484,-0.127264,-0.637399,-0.910318,0.111603,0.336333,-0.519095,0.348988,0.032479,0.612343,0.890684,-0.537032,0.518748,0.307300,-0.432758,0.187108,1.230703,-0.377523,-0.214191,-0.238570,0.715680,-0.095388,0.607831,-0.579784,0.513186,0.193269,-0.843138,-0.608879,-0.262960,-0.360840,-0.251624,-0.068250,-0.473158,0.781643,0.442308,-0.764192,-0.030412,0.767936,0.112701,0.376996,-0.713683,-0.171059,0.368257,0.741952,-0.101484,-0.330658,0.564804,-0.603071,0.534434,-0.012614,0.073151,-0.070356,0.241877,0.631875,-0.767823,-0.100555,0.112214,0.908859,-0.624296,0.105091,0.269965,-0.299730,0.110361,0.217252,-0.029233,-0.101884,-0.592684,0.534798,-0.298072,-0.537046,-0.183529,-0.634217,-0.150021,-0.327403,-0.147206,1.019030,0.260737,-0.479000,-0.457087,0.279844,-0.224741,1.285828,0.901863,-0.740265,0.419027,-0.543040,0.046088,0.154388,0.472876,-0.665067,-0.530023,0.022603,-0.115476,0.394498,-1.118346,0.271554,0.095140,0.359296,0.435516,-0.264995,0.446956,-0.402218,-0.473772,-0.135672,-0.491409,0.168222,0.908904,0.406723,-0.456097,-0.152435,-0.230464,0.615881,-0.322185,0.560281,-0.229391,0.171785,-0.139842,-0.077723,0.052824,-1.338856,-0.942754,0.500012,-1.170725,-0.122827,0.375673,-0.069807,-0.364984,-0.071723,0.080773,1.254795,0.333024,0.220509,0.813758,0.010697,0.665205,-1.018640,0.065615,-0.336546,0.556196,0.249558,-0.407654,-0.831740,0.106909,-0.001210,-0.687648,-0.667885,-0.569830,0.166372,-0.039251,0.508190,0.673770,0.753856,0.677828,0.895321,0.346912,0.629540,0.842387,-0.985728,-0.280533,0.013141,0.007279,-0.637079,-0.086571,0.776287,-0.276099,0.524140,-0.796632,0.180514,0.243792,-0.320806,-0.053553,0.508332,0.392403,0.052833,0.077128
-0.400494,0.174451,0.183124,-0.743142,-0.892911,-0.279522,-0.039548,1.324735,-0.737855,-0.660132,-0.362846,0.096956,-0.143314,-0.361541,0.652388,-0.716961,-0.644417,-1.082686,-0.162121,-0.072125,0.362830,1.328620,0.427931,-0.892876,0.014406,-0.317611,-0.385394,-0.224641,-0.167311,-0.341655,0.837642,0.056977,0.031976,0.213616,0.320788,0.289471,0.284985,0.562563,-0.034583,0.154741,-1.055938,-0.296215,-0.108684,0.420516,0.291727,-0.562997,0.264223,-0.279334,-0.299929,-0.338783,-0.367323,0.406308,0.227838,0.144099,0.076798,0.316020,-0.521914,0.304413,1.102662,0.310829,0.876359,0.243041,0.390917,0.378357,0.123852,0.131770,0.859865,-0.160597,0.632969,-0.632251,0.214924,-0.096631,-0.565820,-0.592795,1.102746,-0.253301,0.440085,-0.504757,0.133652,-0.190574,0.048140,0.353309,0.021532,-0.447156,0.141867,0.172371,-0.700520,-0.419437,-0.719117,0.058276,-0.314563,-0.438462,0.215488,0.239751,-0.017123,-1.019356,-0.096762,1.359742,0.038382,-0.465999,-0.934351,-0.133614,-0.104724,-0.270305,0.486136,-0.194985,0.835197,0.735672,-0.534864,0.040586,0.629796,0.015562,0.083598,0.112036,-0.159342,-0.223081,-0.002632,-0.591486,0.411187,-0.361239,-0.057831,0.142253,-0.274007,-0.568521,-0.071147,0.197463,-0.201658,0.279451,0.100671,0.243709,-0.066714,0.061040,-0.473255,0.323748,-0.098729,-0.372082,0.095860,-0.009723,0.137123,0.574901,0.493152,0.161484,0.981882,-0.052789,-0.221673,0.462947,-0.335852,-0.747320,0.356378,0.423688,-0.950996,-0.398001,-0.246003,0.039705,-0.710579,-0.245976,1.408120,0.636355,0.394736,0.447615,0.158326,-0.115133,-0.241646,-0.169924,-0.481945,0.152049,-0.069142,-1.576309,-0.379329,0.004203,0.684920,-0.057511,-0.238142,0.357839,-0.454573,0.337773,0.069476,-0.511083,0.143144,-0.083129,0.300243,-0.034178,-0.180942,0.418676,-0.089289,0.362949,0.389326,0.026537,-0.548823,0.124792,-0.048984,0.444169,0.167265,0.347980,0.702576,-0.309010,-0.657141,-0.082905,0.186058,0.227969,-0.157296,-0.312834,-0.056120,-0.485468,0.144362,0.355552,0.621715,0.093157,-0.060506,-0.155175,-0.004211,1.090180,-0.893129,-0.975788,-0.101910,-0.836951,-0.635433,0.181656,0.693289,0.347476,0.527321,-0.630993,-0.445727,0.198265,-0.732411,-0.754811,-0.055471,1.093732,0.181458,0.030111,-0.162821,-0.135480,-0.199401,0.940582,-0.456506,-0.129233,0.225242,0.287662,-0.747096,-0.994091,-0.016329,-0.005902,0.418337,0.188687,0.618359,0.916166,0.289695,-0.726780,-0.308118,0.001455,0.208996,-0.004577,-0.529143,-0.385786,0.060120,0.357067,-0.059375,0.065804,0.023493,-0.420262,-0.062628,1.092935,-0.073926,0.088011,0.218590,1.028599,-0.427946,-0.078821,1.524298,0.205698,-0.623845,0.493424,0.016131,0.687015,-0.001977,0.670439,0.401051,0.027743,-0.016579,-0.178983,-0.191581,-0.332539,-0.679987,-0.001672,0.475253,-0.059084,0.164208,-0.714622,-0.193857,0.047606,0.048086,-0.745259,-0.574921,0.017786,-0.402525,0.297868,-0.509002,-0.285968,-0.092303,-0.311146,-0.484078,0.491385,-0.166873,0.332120,-0.295835,0.447777,0.256895,0.039638,0.044001,-0.475211,0.311733,-0.783788,0.147170,0.730063,-0.642440,-0.252321,-0.528797,0.923591,-0.473225,0.161850,0.353125,0.256744,0.225933,-0.185401,-0.258825,0.145315,0.510435,0.448065,-0.051509,-0.204637,-0.126363,-0.429389,0.589113,-0.230664,-0.702914,0.287600,-0.199880,0.574478,0.136715,0.308852,-0.463833,0.392342,0.012711,-0.598511,0.252779,0.419820,-0.481591,-0.030582,-0.691492,0.067268,0.977390,0.371389,-0.516182,-0.193809,-1.552400,0.002453,0.403091,-0.049399,-0.191632,-0.246175,0.764475,0.443769,-0.492882,0.010442,0.108439,0.400597,0.079201,-0.479704,1.894308,-0.565103,0.379161,-0.380738,0.160942,-0.380040,-0.910037,-0.746697,-0.489039,-0.506908,-0.341031,0.276614,-1.090313,0.065370,0.026812,-0.896390
-0.427997,-0.682688,-0.320752,-0.915572,0.230656,-0.757086,-0.218757,0.904164,-0.248782,-0.145465,-0.039347,-0.649625,-0.145387,-0.451866,-0.262747,0.779831,0.474419,0.245253,0.487414,0.662539,-0.139469,0.127621,-0.017413,0.216235,-0.095971,0.054837,0.147493,0.207041,-0.536398,-0.174123,-0.535004,0.685494,-0.317143,0.198277,-0.015513,-0.857857,0.107122,-0.551095,0.546706,0.334206,-0.287938,0.814804,-0.566728,0.285123,-0.744368,-0.157723,-0.693891,0.195337,-0.662885,0.120638,0.635729,-0.074761,-0.984518,0.313150,0.414313,0.552966,0.614847,-0.286351,-0.122089,-0.420434,-0.183095,0.135524,-0.894103,-0.214613,-1.097954,0.103473,-0.025486,0.986626,0.474411,-0.610527,-0.477543,-0.140165,0.491563,0.114340,-0.376607,-0.283533,0.121747,0.368328,0.741536,-0.941326,-0.508477,-0.587013,0.130784,0.147024,0.425233,0.131412,1.065556,-0.820860,-0.309766,-0.700123,0.011938,0.099505,-0.046326,-0.141842,0.277034,-0.013915,-0.051914,0.157303,0.448063,0.026464,-0.142058,0.188660,-0.402087,0.198823,0.107705,0.011166,-0.839214,0.344095,-0.344816,-0.080787,-0.709102,-0.071073,-0.133074,-0.904433,-0.035764,0.033101,-0.993922,0.429555,0.264663,0.252461,-0.187829,0.499305,-0.190952,0.606546,-0.105932,-0.139550,-0.064943,0.110938,-0.932152,0.265516,-0.675833,-0.295942,0.540209,0.356515,0.171402,0.458631,0.083499,-0.280087,0.034836,0.898210,0.143376,0.474444,-0.211364,-0.761693,0.694150,0.473271,-1.289330,-0.310302,0.540307,-0.119473,-0.310723,-0.522335,-1.132011,-0.037569,0.481394,-0.357767,0.413533,-0.155758,0.578368,-0.053934,0.651819,0.524122,-0.321820,-0.311302,-0.413947,0.282273,-0.136882,-0.046606,0.213066,0.284236,-0.112668,-0.048801,0.949161,1.192376,0.460328,-0.383249,-0.455737,-1.321109,0.225927,0.242269,0.059035,-0.911847,-0.574986,0.736618,0.809925,-0.009590,-0.006754,-0.330639,-0.457336,-0.222925,1.031368,-1.003509,-0.335958,0.005724,0.597925,-0.258912,0.784536,-0.248217,0.755693,-0.520658,0.002649,0.178409,0.654258,-0.079017,-0.433465,-0.327187,-0.168482,-0.373718,-0.316340,0.032539,0.284576,1.215407,-0.906037,-0.504096,-0.565060,0.419761,0.447686,-1.484179,-0.433112,0.099774,0.824874,-0.330514,0.178606,0.281662,-0.175595,-0.347529,0.388125,-0.621230,0.847650,0.179338,0.139963,-0.505530,-0.005890,0.068294,-0.407333,0.226670,-0.262035,0.688631,-0.217337,0.227369,-0.352473,-0.680973,0.417251,-0.209860,0.504907,0.382673,0.142432,0.263909,-0.464407,-0.002709,-0.492005,0.947649,0.140302,-0.729192,0.631739,0.602351,0.438107,-0.444420,-0.307767,0.003618,1.036679,0.121633,-0.698749,-0.795855,0.362082,-0.172640,0.117404,0.670854,-0.172597,0.328165,-0.009028,0.252678,-0.641838,-0.262933,-0.637564,-0.113179,-0.601575,0.706753,-0.392268,0.313328,-0.167422,0.709057,-0.126662,-0.240243,0.038187,0.570625,-0.713937,0.086979,-0.460561,-0.794015,-0.114706,0.315281,-0.421368,-0.059281,-1.285611,0.297852,0.410334,-0.285796,-0.450102,-0.568243,0.302484,-0.957478,0.481875,-0.765927,-0.037853,-0.571267,0.291641,-0.145396,-0.619504,-0.680600,0.768092,-0.634495,0.609561,0.235254,0.524650,-0.542667,-0.316233,-0.657647,-0.347514,0.185063,0.397291,0.455354,0.454692,0.304006,0.236094,-0.464581,0.304050,-0.501495,0.278054,0.117450,0.042967,-0.661749,-0.383538,0.305543,0.158248,-1.011347,-0.245765,-1.285994,-0.017778,-0.578215,-0.082972,-0.758673,-0.135347,0.249692,0.266322,-0.101789,-0.912553,-0.456699,0.799847,-0.524321,0.066597,-0.289357,0.217759,-0.135554,0.143405,0.767657,0.418664,-0.056684,-0.295347,0.570585,0.317868,0.022534,-0.071537,0.650588,-0.197576,-0.234619,-0.881144,0.083185,0.715527,0.076800,0.177191,1.142133,0.201654,1.037283,0.325312,0.449456,-0.193532,1.314178,0.436496,-0.049908,-0.306793,-0.144827,0.143359,0.015526
-0.597792,-0.366113,0.378692,1.169416,-0.813783,-0.374740,-0.135273,1.320222,0.025969,0.850852,-0.002879,-0.054461,0.040641,0.184076,-0.203052,0.299481,-0.223832,-0.109364,0.450679,0.294033,0.356082,1.379206,-0.604884,-0.129149,-0.578804,-0.218272,0.250684,-0.434570,-0.445981,-0.553752,-0.067637,0.430779,1.009723,0.922216,-0.088288,-0.146255,-0.286412,-1.102699,-0.229234,-0.000752,0.265868,0.326526,0.426803,-0.924545,-1.255654,-0.000840,0.384200,-0.587382,-0.234302,-0.406253,0.424557,0.509633,0.309569,0.389671,-0.456529,0.634396,-0.438510,0.265407,-0.667485,0.364706,0.130663,-0.004350,0.012675,-0.591970,-0.603612,0.084412,0.553299,-0.035051,0.086429,0.664264,0.567055,-0.294163,-0.938338,-0.034334,0.560592,-0.686093,0.179641,-0.195386,0.351187,-0.213338,-0.142787,0.115054,0.392437,0.244299,0.530848,0.117483,0.504710,-0.065761,0.213612,0.693184,-0.556466,0.356126,0.098207,0.936192,0.007643,-0.088047,-0.377078,-0.466939,0.147514,-0.283145,-0.094793,-0.042353,0.005010,-0.310339,-0.329300,-0.398187,-0.734598,-0.583515,-0.294718,-0.603609,-0.284851,-0.296826,-0.068137,0.352090,-1.340596,-0.691967,0.183574,-0.255288,-0.471226,0.452388,0.615463,-0.412814,-0.300258,0.787768,-0.187539,0.434786,0.483218,-0.178235,-0.117112,-0.011568,-0.242224,-0.645899,-0.709453,-0.011688,-0.662661,-0.185730,-0.547624,0.538947,0.115841,0.553310,0.235424,-0.747840,0.033236,0.282718,-0.083594,0.131241,-0.500113,0.387319,0.535611,0.054858,-1.040343,0.364387,-0.031235,-0.634035,0.545372,0.284068,-0.587857,0.289902,1.008343,0.138281,0.155262,-0.688535,0.700859,0.041279,0.372991,-0.921621,-0.469028,-0.074291,0.528491,0.215387,-0.289730,0.358612,-0.250434,0.318744,0.587910,-0.938440,0.608847,0.619107,-0.230922,0.776349,-0.555320,0.022840,-0.359616,-0.201495,-0.368141,0.791293,0.202282,-0.662816,0.345698,-0.230591,0.199175,-0.169864,0.057141,-0.862292,-0.041013,-0.005500,-0.633885,-0.433858,-0.166963,-0.815315,-0.783465,-0.129058,-0.103946,0.096013,-0.602041,0.758077,0.519177,-0.148138,0.906825,-0.453348,-0.144482,-0.069424,-0.004252,1.387472,1.425585,0.596211,-0.037721,-0.403414,0.836250,-0.387023,0.228549,0.601496,0.604799,0.186529,-0.463905,-0.070656,-1.033796,-0.116564,0.153785,0.738371,0.119133,-0.143172,0.561656,1.337492,-0.509801,-0.252722,0.313662,-0.388626,0.115703,0.062707,0.462643,0.234812,0.018711,-0.438553,0.418654,0.327348,0.496018,-0.393989,-0.544770,0.163588,-0.078687,-1.191438,-0.642457,-0.057549,0.268454,-0.152853,-0.030306,-0.010133,-0.091786,0.268468,0.215960,0.896159,0.267198,-0.706932,-0.359246,-0.245456,0.374615,-0.366752,0.010811,-0.592310,0.153789,-0.530054,0.756184,-0.043712,0.344980,-0.197495,0.210661,-0.204683,0.055665,-0.284689,-0.132547,-0.106396,-0.217623,-0.167368,-0.100899,1.090175,-0.266352,-0.029163,-0.485569,-0.656850,-0.234844,-0.416319,-0.118024,-0.356406,-0.931120,0.328774,0.277373,0.027445,-0.165195,0.402692,0.399229,-0.034276,-0.001994,-0.075733,-0.260128,-0.183472,-0.610406,-0.102051,-0.317321,0.069797,0.229991,0.364660,-0.305294,-0.039995,-0.881428,0.296190,0.808276,-0.046809,0.145191,0.418342,-0.558285,0.916506,-0.035023,0.410341,0.448382,0.058643,0.321930,-1.125151,-0.382265,-0.096240,-0.102551,-0.339950,0.031343,-0.062488,0.129796,0.429179,0.438658,-0.381497,-0.146139,0.710314,-0.080774,0.231197,1.120244,0.439579,-0.172164,0.255527,0.551785,0.184655,0.701884,0.073272,0.885210,0.060999,0.263853,-0.083724,0.262794,0.350821,-0.949211,-0.352550,0.107790,-0.093341,-0.233365,0.315649,0.742038,0.183539,0.526507,-0.623885,0.120834,0.577204,-0.395710,1.041517,-0.044823,0.549233,0.456354,-0.495631,0.302904,-0.481826,0.185942,-0.130978,0.308808,0.433053,-0.964404,0.109250,-0.543060,0.252466
0.939696,1.081125,-0.442839,0.111923,-0.271663,0.152359,-0.369699,0.250372,0.105293,-0.554955,-0.146421,-0.276321,0.801009,-0.108918,0.227242,-0.189412,-1.205019,0.525838,0.017522,0.373175,-0.033591,0.659192,-0.641492,-0.008831,-0.200177,0.757453,-0.247144,0.538120,-0.008749,0.120447,0.188292,-0.575699,0.079770,-1.047193,-0.339188,0.333738,-0.077738,-0.215477,0.165574,0.452598,0.147953,-0.098219,-0.778332,0.241364,-0.089996,0.038225,0.023939,-0.550625,-0.667659,-0.420832,0.737619,-0.383009,-0.210038,-0.336387,0.589757,0.195051,0.437325,-0.555291,-0.412565,0.342823,0.441759,-0.929040,0.102481,-0.057037,0.614606,0.407247,0.038018,0.383557,0.120247,-1.034019,0.145387,0.482052,0.937003,0.115674,-0.384458,0.497829,0.464727,0.447495,0.224400,0.404916,0.067762,-0.240467,-0.647267,-0.284020,-0.544389,-0.104993,-0.850144,0.269733,0.640664,-0.100822,-0.110486,-0.253747,-0.256564,0.800154,-0.674449,-0.195974,-0.392382,0.022772,-0.488922,0.627187,-0.097950,-0.120098,0.423598,0.037312,0.159010,0.131666,0.298888,-0.275881,-0.918657,0.448724,0.595861,0.228559,0.175217,-0.096958,-0.754741,-0.438869,-0.226626,0.178678,-0.051740,-0.086028,0.053000,-0.236424,-0.013538,-0.388560,-0.152198,0.342579,0.288526,-0.240850,-0.003002,-0.564426,-0.603814,-0.127581,-0.191652,-0.051978,-0.545799,0.913245,0.402494,0.745002,-0.370696,0.549528,0.265028,0.188084,-0.400785,0.114299,-0.228111,-0.488489,0.358401,-0.197444,-0.239914,0.121478,-0.957320,-0.378347,0.848218,0.238277,0.645033,-0.683928,-0.831499,-0.372173,-0.368574,-0.220310,0.703575,-0.003873,-0.229301,-0.267741,0.456483,0.153164,0.742967,0.009653,0.268959,0.396572,0.267041,0.937455,-0.105555,-0.426886,-0.671909,0.160888,-0.068113,0.238669,-0.441073,0.279401,-0.257982,0.020614,0.114854,-0.993270,0.175318,0.181795,0.405425,-0.671544,-0.274140,-0.405888,-0.239060,-0.739071,-0.293249,0.206510,-0.131242,0.049684,0.070111,0.904103,-0.856552,-0.346088,-0.236208,0.031806,0.207555,0.959970,-0.769865,1.307322,0.108274,0.623739,0.587405,-0.700540,-0.159906,-0.737029,-0.136303,0.583116,-0.577324,-0.341018,0.612517,-0.225063,-0.278037,-0.100078,0.184319,0.093718,-0.143400,0.028725,0.169484,0.293668,-0.364738,0.685221,0.713742,-0.275241,-0.266471,0.194660,0.039188,0.070729,0.158026,0.059459,0.162200,-0.492297,-0.384651,-0.455517,-0.627475,0.361685,-0.012977,-0.823244,0.131595,0.571810,0.705189,0.012014,0.727313,-0.666259,-0.299266,0.905925,0.120112,-0.562643,0.835230,-0.380590,-0.586365,-0.698229,0.896552,0.026116,0.099744,0.108610,-0.142092,0.160142,-0.341350,0.221143,0.928612,0.478535,0.568005,0.511158,-0.111158,-0.116383,-0.310564,-0.205736,0.473069,0.177013,-0.992574,0.610710,0.189955,-0.679578,0.221240,-0.398117,0.563037,1.421009,0.400152,1.255089,0.471235,0.757100,0.470741,0.276779,-0.012977,-0.608536,-0.148740,-0.805346,-0.362499,0.428714,-0.173016,-0.034935,-0.030518,1.248174,0.264940,0.602685,-0.110924,0.418999,-0.223701,0.108199,0.092428,0.137851,0.579064,0.352520,0.554511,-0.449454,-0.664845,0.016976,-0.078412,-0.496267,0.344499,0.758139,0.421897,0.771915,0.081544,0.454738,-0.491318,-0.211724,0.168930,0.754918,-0.291554,-0.028551,0.311792,0.522596,0.124700,0.012540,0.611442,-0.043215,0.406597,-0.576989,0.994522,0.058146,0.349699,0.013558,-0.111808,0.284670,0.290626,-0.184503,0.292225,0.686912,0.390391,-0.234948,0.196056,0.340721,0.675278,0.238782,0.103691,-1.191788,-0.362134,-0.087544,-0.740872,0.323947,-0.361855,-0.492564,0.174745,0.861645,0.238824,-0.530318,-0.255744,0.059188,0.754777,-0.420929,-0.492243,0.495269,0.036648,-0.412951,-0.718651,0.298548,0.317651,-0.707878,0.197391,-0.134938,0.692182,0.683279,0.772484,-0.744792,1.228912,-0.217437
-0.318414,-0.071204,-0.269730,-0.169925,0.563547,0.218720,-0.089081,-0.977513,-0.196848,-0.320957,-0.370407,0.322791,1.119655,-0.485837,-0.060590,-0.125608,0.070142,-0.895281,0.183153,-0.010946,-0.492286,0.874085,-0.435649,0.145226,0.291130,-0.273139,0.629920,0.092660,-0.357492,0.122502,0.258760,-0.926964,0.256050,0.927214,-0.655045,0.228653,0.121026,-0.813796,-0.190264,0.433923,0.355416,0.065363,-1.002314,-0.431808,0.132395,-0.129260,0.401844,0.276703,0.399243,0.548147,0.522587,0.611679,0.878726,0.399030,0.543131,-0.030684,-0.238379,-0.510596,0.013542,0.554187,0.070779,0.363299,0.269844,-0.227904,-0.761721,-0.775249,-0.760352,-0.244364,-0.801379,-0.636405,-0.322772,-0.493771,0.432009,-0.635445,-0.390556,-0.089515,0.650311,0.726589,-0.308680,0.711469,-0.307597,-0.359411,0.537020,0.238062,0.178032,-0.652737,-0.018853,0.444960,-0.419276,0.148679,-0.107930,0.366566,0.209352,-0.080192,0.111575,-0.215261,-1.350801,1.120024,-0.019465,0.672074,0.521570,-0.276022,-1.393492,0.236512,-1.332565,0.046297,-0.063749,-0.365116,0.057330,0.248530,-0.185854,-0.261815,-0.277006,0.564551,-0.568283,0.327740,-0.568966,-0.467473,0.718817,0.038092,0.089293,0.198296,0.287060,-0.030044,-0.212750,-0.335573,0.005464,0.297850,0.061195,-0.256747,-0.562631,-0.209108,-0.424388,0.461689,-0.283309,-0.271551,0.479148,-0.321030,0.266592,0.324106,-1.049377,0.242687,-0.183042,0.876834,-0.239532,0.420825,-0.184511,0.084307,-0.337673,0.325316,0.483416,-0.502748,0.508282,0.202120,-0.431997,1.396380,0.143073,-0.382765,-0.250338,0.144754,1.222530,0.078878,-0.076764,0.023847,-0.058757,-0.315682,0.859167,0.503295,-0.360860,0.396047,-0.528648,0.178981,-0.446713,-0.462466,-0.792129,-0.819736,0.390305,0.467520,-0.470982,-0.371269,-0.154410,-0.029411,0.475265,0.460293,0.843931,1.161641,0.993637,0.020768,0.006969,0.176956,-0.113034,0.010702,-0.197150,0.100874,0.244366,-0.838299,-0.765124,-0.277226,1.006850,-0.076649,-0.569059,0.330679,-0.369527,0.201762,0.152593,-0.011746,-0.144510,0.018778,0.539712,0.815571,0.208178,-0.073632,0.427012,-0.390820,-0.587737,-0.530214,0.147813,0.123486,-0.081251,-0.238554,0.998149,0.929386,0.035196,-0.181753,0.073133,-0.381679,-0.014804,-0.599755,-0.790081,-0.739859,-0.013782,-0.035910,-0.172551,-0.286108,0.387446,0.662003,0.133508,0.058913,-0.399215,-0.656583,0.360434,-0.736528,0.324995,0.271214,-0.069556,0.758363,0.410527,-0.149363,-0.196103,-0.018201,-0.049815,-0.356295,-0.442143,-0.221795,-0.791586,0.107813,0.588358,-0.652514,-0.500863,0.468855,0.024305,-0.349782,-0.421979,0.036964,-0.029347,-0.429750,-0.360121,0.144795,-0.217103,-0.106596,0.073594,-0.145129,0.712048,-0.209362,0.541490,0.485215,-0.419614,1.156474,-0.611161,0.009712,-0.240677,0.378973,-0.142577,0.797678,-0.412092,0.580355,-0.327417,-0.062741,0.346989,0.416679,-0.155707,0.324941,0.267622,-0.530987,0.528082,-0.110378,-0.616777,-0.286426,-0.052268,-0.662069,-1.031557,-0.352937,-0.159176,0.143625,-0.652538,0.373246,0.742390,-0.016788,-0.326979,-0.181676,-0.467199,0.557104,-0.143383,-0.556375,1.252939,-0.383167,-1.281456,-0.615796,0.521663,-0.342977,0.858311,0.065464,0.351630,-0.227764,0.337378,0.399109,-0.045771,-0.278975,-0.426625,-0.197286,0.518674,-0.965024,0.939531,0.038040,0.022936,0.014966,-0.777549,-0.487645,0.063606,0.071486,-0.694223,-0.092473,-0.107120,0.883277,-0.294204,-0.538686,-0.440959,-0.755167,0.250531,-0.715030,0.272483,0.371547,0.013489,0.484915,-1.211341,-0.023498,-0.904585,0.085221,0.270417,0.181833,-0.608097,-0.395945,-1.064595,-0.484352,0.053485,-0.104149,0.701838,0.184111,-0.898854,-0.558838,0.056302,-0.288851,-0.875353,0.291938,0.434388,-0.053520,0.181592,-0.082556,0.068974,0.271861,0.438072,-0.385425,0.075917,0.212404
0.616512,-0.019149,0.182167,0.620552,-0.179064,-0.604150,0.793725,-0.051849,-0.402238,0.384372,-1.316241,0.638260,0.028369,0.163523,0.917677,0.247411,0.706124,0.787347,-0.249286,0.338725,-0.364544,0.092890,-1.082414,0.202223,-0.236146,-0.626215,-0.076280,0.083233,-0.239672,0.146913,-0.485416,0.614999,0.685161,-0.847756,1.204443,-0.416103,-0.098787,0.308797,0.009910,-0.046798,0.333083,0.553619,0.374218,0.112608,-0.864885,-0.854623,-0.421316,0.081706,0.115044,0.300734,-0.322882,-0.900837,-0.965494,1.399836,-0.370826,0.068940,0.277367,-0.392580,0.359541,-0.415997,0.133707,-0.327101,1.087763,0.696652,0.705634,-0.064942,-0.239459,-0.484843,-0.031704,-0.598196,-0.814649,-0.322343,0.362707,0.002528,-0.747056,-0.231083,-0.031479,-0.484002,0.323949,0.440731,0.631170,0.366253,-0.226886,0.173589,0.203237,0.623438,0.201181,0.007921,-0.399490,0.279193,0.187274,-0.289030,0.457867,-0.187843,-0.008141,-0.177291,-0.660807,-0.163200,0.427759,-0.230110,0.280977,0.219029,-0.319324,0.894944,-0.626733,0.159064,0.295290,0.400422,-0.845753,0.154535,-0.155535,0.038006,0.666453,-0.617680,0.593034,0.686421,0.036604,0.148306,-0.753020,0.323258,-0.306703,-0.409953,-0.366748,-0.163802,0.549148,0.318779,0.144727,-0.029663,0.112313,0.105529,-0.509918,0.359254,0.759238,0.488343,-0.316083,0.565979,-0.154254,-0.680221,1.138779,0.053626,0.150103,-0.100997,0.433647,-0.431271,-0.756753,-0.162547,0.101287,-0.055175,1.241513,-0.093663,-0.628938,-0.883404,0.542345,-0.090235,0.182985,1.140436,-0.296343,-0.048676,-0.148884,-0.419320,0.082808,-0.569130,0.266784,-0.199967,-0.860381,-0.173244,0.188719,0.110436,0.392139,0.014733,0.232863,0.429960,0.319771,-0.203095,-0.168304,-0.105809,-0.975985,-0.388180,-0.542946,-0.337285,-0.386265,-0.426336,-0.306176,0.791377,0.120852,0.064124,-0.501196,-0.344835,-0.792060,-0.432167,0.180948,0.283826,-0.686901,0.014558,0.927460,-0.318492,0.035477,-0.489533,0.460189,-0.502372,-0.176113,-1.277009,-0.297659,0.698038,-0.124761,0.253070,0.332144,-0.244417,0.710577,-0.356951,-0.778777,0.041231,0.966379,-0.715636,0.195057,0.379153,0.313118,0.189435,-0.855207,0.418469,-0.394271,-0.163200,-0.110598,-0.030945,0.001370,-0.099177,-0.692403,0.688335,0.278214,-0.260232,0.163131,-0.103614,-0.447192,-0.032120,-0.088363,-0.744695,-0.256187,0.586684,0.340944,0.036673,1.282964,-0.878165,0.569693,-0.392082,0.534236,0.911187,-0.587548,-0.089212,0.736445,0.279238,-0.202980,0.432619,0.615275,-0.004666,-0.065082,-0.359222,0.458647,0.575527,-0.595535,0.232615,0.098426,-0.717484,-0.568656,0.489661,0.265801,0.618598,0.204260,-0.618109,-0.175058,-0.442420,0.239090,0.462133,-0.618887,-0.190243,-0.498124,-0.506534,0.178263,-0.298352,-0.098909,0.347545,0.470733,-0.247587,0.229942,-0.330892,-0.504883,-0.826235,-0.679005,0.409590,0.083081,0.295363,0.491835,0.512097,0.419032,-0.655582,0.967289,0.699666,0.132902,-0.091277,0.217808,-0.174608,-0.409456,0.044365,0.830264,0.474509,0.070560,-0.936074,0.100772,0.495096,0.161947,-0.058533,0.408531,0.060417,-0.936681,1.097930,-0.857635,0.273106,-0.061783,0.598770,0.357348,0.458607,-0.005041,-0.351522,-0.257619,0.051784,-0.127939,-0.137206,-0.260117,0.400198,0.577804,0.538421,-0.074770,0.301927,0.906222,-0.199226,-0.381329,-0.035320,0.033379,0.147029,-0.667509,-0.134951,0.276328,0.927408,-0.406561,-0.874833,0.294593,-0.092825,0.777618,1.197787,0.062002,-0.417508,0.012384,-0.271522,0.007843,-0.178032,-0.174968,0.038830,-0.715530,0.067453,0.335806,-0.592948,-0.405815,-0.049346,0.186116,0.803227,0.137429,-0.603320,0.078688,0.258727,-0.705786,-0.654502,0.267769,0.348964,-1.201143,-1.066693,-0.088892,-0.396118,0.795026,-0.137446,-0.506343,0.184840,0.369527,0.159214,0.319867,-0.969335
-0.803396,0.306678,0.846497,-0.102793,0.405350,0.936618,-0.242043,-0.293083,0.276290,0.108273,0.229228,0.147112,-0.017584,-0.573449,0.246200,0.441660,0.227079,-0.338299,-0.096745,0.001178,-0.416428,0.383211,0.319863,0.593965,-0.122295,-1.223026,-0.352719,-0.348211,0.121089,-0.531083,0.048249,-0.372913,0.753899,-0.368019,0.074932,0.034934,-0.064154,-0.682785,-0.640305,0.169894,0.748825,0.232780,0.315472,-0.136002,0.192726,0.000451,-0.874723,-0.141973,0.114408,-0.669469,0.045466,-0.188104,0.531917,-0.460727,0.445220,0.239810,0.350886,-0.874386,0.202271,-0.234941,0.280315,-0.267637,0.479869,0.730268,-0.190022,0.323488,-0.153247,0.131770,-0.506807,0.547070,-0.262472,0.026985,-0.588718,-0.140967,-0.390338,0.181058,-0.450646,0.030721,-0.306188,-0.576326,-0.030185,-0.092154,0.072963,-0.433460,0.389193,-0.403009,-0.102211,0.139019,-0.020039,-0.145414,0.140733,0.339210,0.260922,-0.520762,0.071107,0.668374,-0.934163,-0.654222,-0.532749,-0.505350,0.152345,-0.997592,0.012635,0.420321,0.522233,0.448924,-0.401845,0.096700,0.501079,0.022816,0.202597,0.038563,0.433717,-0.287555,0.262956,0.691149,-0.790860,0.425145,0.573456,0.112831,-0.197633,0.257158,0.591955,-0.122577,0.111540,0.143073,-0.780334,-0.159651,-0.588829,-0.233664,-0.205198,0.272981,0.136200,0.809086,0.663173,0.291076,0.557410,-0.707884,1.246210,-0.810028,0.128597,0.074607,-0.161714,-0.959450,-0.457020,-0.556829,-0.866719,0.017341,0.257218,1.017514,0.464918,0.700929,0.034323,0.613415,0.410056,-0.260965,0.035381,0.899853,0.519368,-0.143935,-0.979002,-0.381402,0.602422,0.238736,0.399259,-0.199807,-0.069589,-0.762517,-0.547997,0.327121,-0.219889,-0.148336,0.368894,-0.269466,0.861019,0.467085,-0.480576,-0.594250,0.024860,0.405005,0.505212,0.606124,-0.567706,-0.781838,0.098982,-0.757956,-0.203480,0.006126,-0.096505,-0.683298,-0.322685,0.604902,0.211377,0.508760,-0.115675,-0.040092,0.401832,0.568439,-0.150961,0.207519,0.285320,-0.884883,0.080939,-0.728764,-0.333224,-0.088796,-0.453431,-0.433144,-0.512155,0.304107,0.228334,0.041958,-0.602291,-0.655807,-0.204114,0.104655,0.539299,-0.323783,0.094845,-0.161148,-0.441419,-0.717338,0.694012,0.244342,-0.156457,-0.549910,0.256146,-0.125762,0.714717,-0.241331,0.533426,0.170561,0.231481,0.261587,0.961344,-0.232472,0.514933,-0.788905,-0.643604,0.956660,-0.749944,0.563477,-0.059307,-0.373204,-0.696426,1.410346,-0.343570,0.130399,0.478702,-1.063377,0.733349,0.203935,-0.617036,0.360999,0.290719,0.460366,0.271707,-0.009496,-0.680963,0.181555,0.651392,0.535012,-0.963072,-0.023893,0.468220,0.209396,-0.133556,0.369434,-0.298852,-0.362666,0.279682,-0.313447,0.035203,-0.101268,0.065530,-0.305492,-0.504500,0.276697,0.254680,-0.122268,-0.728402,0.398204,-0.332225,0.383632,0.294170,0.212875,-0.453022,0.196308,0.391526,-0.252396,0.685038,0.067677,0.098967,-0.571606,0.535766,0.243515,0.957018,-0.716154,-0.127418,-0.997323,-0.146940,0.571420,0.529489,0.066172,0.372862,-0.218825,-0.007204,0.556870,0.019520,0.299878,-0.129551,-0.752429,0.461115,-0.642107,0.833593,0.174921,-0.871133,0.333643,0.827304,-0.098394,-0.088155,-0.333346,0.841175,0.852347,0.173183,0.355787,-1.069512,-0.338937,0.490336,0.231562,-0.476277,-0.332827,0.522857,-0.321914,0.037273,0.735450,-0.060050,-0.105890,0.155983,0.732576,-0.050702,0.012656,0.442568,0.958028,0.722106,0.460587,0.742561,0.001616,-0.290978,0.001094,-0.721935,-0.351964,0.789888,-0.366206,0.990501,-0.111045,0.357360,-0.460371,0.058779,0.750426,-0.691924,0.405629,-0.474291,-0.727392,-0.029455,-0.433346,0.404343,-0.043940,0.418361,0.138352,0.292986,-1.283514,-0.067521,-0.619982,-0.312994,-0.394747,-0.288340,0.900688,-1.044840,-0.442281,-0.615228,0.222876,0.677931,-1.396056
0.154241,0.446612,0.288231,-0.116681,-0.060759,-0.561019,0.067079,-0.110087,-0.196966,0.319654,0.185804,-0.445858,0.315585,0.625239,0.349398,0.249146,0.678866,0.270749,0.614445,0.044759,-0.779277,-0.570882,0.678828,-0.224246,-0.301004,-0.435428,0.384006,0.753617,0.163814,-0.177499,1.254794,0.133973,-0.067910,-0.006247,0.414166,-1.262926,-0.264844,-0.289737,-0.293239,-0.866168,-0.298669,1.174325,-0.980312,0.969799,-0.142554,0.075574,0.078473,-0.593660,0.521466,-0.392562,0.328594,0.252683,0.350056,0.183965,0.494120,-0.014730,0.025660,0.500918,0.401042,0.488413,0.143135,0.048772,-0.049387,0.554509,-0.310286,0.260353,-0.294100,0.320569,0.270192,0.195489,-0.107340,0.263651,-0.300795,0.013892,1.084208,-0.229677,0.034191,-0.201798,0.072662,0.070933,0.641026,-0.826716,-0.203470,0.192851,0.167542,1.118657,-0.529419,0.391613,0.276149,0.554977,-0.224635,0.979375,-0.539632,-0.121404,-0.542283,0.087883,0.382217,-0.481981,-0.530258,-0.814352,0.189025,-0.974734,0.580203,0.407079,-0.287783,0.427314,0.645703,0.058860,0.245465,-0.021986,0.272373,0.149800,-0.399165,0.308788,0.139414,0.232074,-1.156726,-0.325887,0.165299,-0.360131,0.074503,-0.097837,0.370008,-0.802485,0.361750,-0.255935,-0.089320,-0.420423,-0.795500,0.021604,-1.030591,-0.535591,-0.295997,-0.084747,0.220511,-0.787765,0.039554,0.128934,-0.059788,0.467257,-0.453137,-0.181257,0.037244,-0.938660,0.173789,0.724389,0.221618,0.316211,0.634125,0.747517,-0.698527,-0.109637,-0.019376,0.378453,-0.394305,0.229644,0.119496,-0.630433,-0.579253,-0.016241,0.472808,-0.633552,-0.401583,0.778992,-0.067759,-0.741372,-0.657858,-0.259422,-0.049141,-0.376490,0.565859,0.492307,-0.747750,0.283427,-0.174135,-0.515246,0.246414,0.572899,-0.170652,0.445994,0.071033,-0.320642,0.636564,0.224329,0.055225,0.084982,0.298678,-0.469922,-0.285429,0.392486,0.069571,-0.018404,-0.508099,-0.207927,0.885634,-0.181871,0.166508,-0.421216,-0.323853,-0.081954,0.117503,-0.098270,-0.074525,0.487210,0.354440,-0.305422,-0.727444,-0.194821,-0.661140,0.235858,-0.177501,-0.245274,0.166893,0.416010,-0.401018,0.514531,-1.162521,-0.223881,1.110221,0.196025,-0.339763,-0.161525,-0.518763,-0.405374,0.226789,0.793786,1.276546,-0.077048,0.341560,-0.513356,0.589942,-0.876702,0.260919,0.465158,0.240539,-0.565769,0.110229,-0.533513,0.505266,-0.513226,0.408472,-0.105437,0.072272,-0.569713,-0.051079,0.931193,-0.567420,0.747811,0.961283,-0.357266,1.143711,0.399561,0.187041,0.228751,0.248767,-1.119020,-0.055256,0.073613,-0.448832,0.565822,0.508044,-0.235227,-0.126141,-0.547711,-0.778192,-0.620114,0.708000,0.459819,-0.246271,0.148765,-0.594920,1.325619,0.134360,0.334512,0.106669,-0.511343,0.456472,-0.100198,-0.462449,0.047566,-0.297258,0.473574,0.877181,-0.001128,-0.372107,-0.021502,0.740729,-0.524434,0.490846,0.860601,-0.113787,0.450562,-0.008532,0.620470,-0.173472,-0.149670,0.422696,0.242274,-0.727160,-1.315745,-0.480397,-1.241384,0.504133,-0.298369,-0.928692,0.140988,-0.814462,-0.355937,-0.038974,-1.158630,0.969834,-0.360202,0.304112,-0.212295,0.528389,-0.498906,0.381850,0.438571,0.610961,-0.052299,-0.318457,0.406469,-1.022379,0.172025,0.019622,1.174695,-0.398758,-0.179584,0.074129,-0.356513,0.693443,1.057274,0.669346,-0.623732,0.003216,-0.043924,0.016276,-0.247189,-0.449560,-0.100836,0.547241,0.052795,0.342448,-0.078286,0.037108,-0.486034,0.196744,-0.410833,0.082736,-0.314128,-0.338520,0.445613,-0.156749,-0.124712,0.107105,-0.391875,-0.117299,-0.118432,-1.081573,0.854988,-0.381081,-0.147491,-0.236948,0.528725,0.208677,0.671784,0.304582,-0.935940,0.128383,0.475422,0.668524,-0.159251,0.043281,0.032451,0.472585,0.275199,-0.005244,-0.341834,-0.955846,-0.748732,0.518046,-1.130035,0.522298,0.453875
-0.074153,0.169873,0.261400,0.360532,-0.097905,0.045249,-0.241086,-0.237030,-0.156961,-0.374874,1.029531,0.305391,0.033365,0.113721,0.369602,0.622105,-0.226950,-0.151893,0.197578,-0.153847,0.986161,0.278904,-0.068449,0.408664,0.283730,-0.322261,0.052106,-0.120256,-0.833375,-0.218631,0.439094,0.051704,-0.719454,0.550946,-0.313531,0.096554,-0.039259,-0.126834,0.015827,-0.355771,-0.662131,-0.196049,0.441932,-0.112207,-0.015666,-0.359175,1.422078,-0.134515,-0.064039,0.151181,0.274011,-1.091591,-0.960443,0.002049,0.065107,-0.120598,0.307204,-0.503436,1.102820,-0.782105,0.043830,0.326169,0.817405,-0.060829,-0.240452,0.404090,0.306925,0.511943,0.448361,-0.157373,0.754874,0.619300,-0.026705,-0.942060,-0.578406,-0.157452,-0.013390,-0.343181,-0.553588,0.133552,-0.261542,-0.529912,-0.098210,-0.154807,0.085363,0.285489,-1.165670,-0.192128,-0.416975,0.306072,-1.293169,-1.111834,1.067143,0.214729,0.033405,-0.611411,-0.413694,0.465322,0.560808,0.177205,-0.028450,0.211517,0.129286,0.823393,-0.404914,-0.170454,-0.186174,0.117444,-0.281268,-0.538341,-0.102651,0.540582,0.264335,-0.832611,-0.964947,-0.376001,-0.243042,-0.280380,0.278424,-0.276720,-0.533058,-0.788015,0.122942,-0.336335,0.816077,-0.769453,-0.546193,-0.135817,0.432612,1.133187,-0.411130,0.563244,0.395631,-0.758855,0.309297,-0.053951,-0.668636,-0.044184,0.951566,-0.043004,-0.294002,-0.339442,0.168751,-0.537399,0.942419,-0.551579,0.139656,-0.292115,0.084961,-0.041325,-0.345972,-0.591147,0.180294,-0.072688,0.380977,0.021505,0.969681,0.042985,1.132552,-0.636864,-0.338619,0.074259,-1.012945,-0.515320,-0.439990,0.698184,0.375256,1.082677,0.135832,0.256890,-0.343402,-0.010581,-0.033941,-0.038055,1.006905,0.090769,-0.617242,0.753908,-1.061712,0.700954,-0.261685,-0.467312,-0.798369,-0.060827,-0.129284,0.123339,-0.374911,-0.438725,0.594912,-0.349633,-1.286023,0.611432,1.280895,-0.466360,0.294205,0.507827,0.295986,0.385383,0.411917,0.845453,0.387066,-0.343909,-0.248199,-1.186813,-0.650063,-0.376100,0.556283,-0.012313,0.138315,-0.130754,0.190574,-0.524457,-1.101636,0.660705,-0.006128,0.060328,-0.319257,0.531362,0.307665,0.502669,-0.531709,-0.325889,0.386479,0.527241,0.037813,0.600424,0.669937,-0.184486,-0.313199,0.025494,-0.082210,-0.456847,-0.486974,0.116799,-0.659036,-0.246793,0.873498,-0.472232,0.218191,-0.455386,-0.418049,-0.490337,0.472109,0.214936,-0.453172,-0.253815,-0.176321,0.041185,0.272256,1.065659,-0.365241,0.051307,0.037404,-0.172704,0.523548,0.269944,0.587900,-0.125852,-0.619113,0.391599,0.564826,0.094510,-0.336335,-0.244449,0.554215,-0.332932,-0.054431,0.165413,0.352173,0.060605,-0.135969,0.271381,-0.139653,0.076057,-0.785851,0.778523,-0.353495,-0.691548,0.088219,0.459291,0.320448,0.050912,-0.273212,-0.276665,0.428528,0.156709,0.340331,1.031008,-0.746469,-0.059195,-0.948113,-0.389043,0.351962,0.820929,0.412492,-0.886719,0.031730,-0.149557,0.375033,0.223767,-0.115347,0.005224,0.254652,0.175877,-0.307482,-1.249667,-0.703072,-0.480958,-0.785819,0.010536,-0.288072,-1.069552,-0.072952,0.230265,0.316924,-1.016409,0.389514,-0.037814,0.676311,0.323304,0.440710,-0.005780,-0.686980,0.296651,-0.487132,0.399495,-0.214262,-0.873011,-0.144220,-0.230974,-0.074797,0.193009,0.536338,0.017868,0.715893,0.926331,0.503957,0.190938,0.429472,-1.638080,0.128323,-0.622684,0.545870,0.336462,-0.357653,0.691505,0.134305,0.303991,-0.547003,0.329539,-0.408821,0.496322,0.057263,0.136040,1.189734,-0.106803,-0.219141,0.334373,0.476673,-0.362572,0.060670,0.161996,-0.047564,0.844989,0.938209,-0.231213,0.095315,0.115949,-0.313191,-0.290842,-0.366626,0.180863,-0.446352,-0.536073,0.142802,0.235593,0.136202,-0.226292,0.194085,0.170981,-0.035596,0.559612,0.482534,-0.344347
