0.525907,0.094930,0.520083,-0.527161,-0.107408,0.395401,0.448987,-0.421308,-0.125119,0.450230,-0.714831,0.621445,0.618198,-0.401563,-0.681930,-0.426808,0.365063,-0.204817,-0.124038,0.294675,0.023241,0.158046,0.539217,0.381104,-0.156217,-0.793825,0.052598,0.411420,0.025552,-0.470052,0.526811,0.766532,0.477936,-0.261526,0.526239,0.785106,0.097209,-0.183738,-0.939754,0.037728,-0.443249,1.007635,-0.335900,-0.171400,0.765233,-0.611085,1.026119,-0.079700,-0.572297,0.455833,0.610852,-0.222776,0.149478,-0.131265,0.700298,0.368111,-0.199281,0.951315,0.048802,0.190444,0.107282,0.309217,0.547523,-0.582625,0.654844,0.470031,-0.195190,-0.751286,0.067340,0.001284,-0.324053,0.102870,-0.161959,0.601098,0.448680,-0.544474,-0.270939,-1.179648,0.154495,-0.486819,-0.188404,0.243568,0.555546,0.247898,-0.296695,0.372817,0.181706,0.237941,0.395324,-0.485590,-0.388047,0.094063,-0.323965,-0.629340,-0.714949,-0.013408,0.127460,0.011234,-0.347110,0.381276,-0.509393,0.304739,0.057508,0.227329,0.253627,0.770518,0.601703,-0.511744,-0.890969,-0.095955,0.869063,-0.687202,-0.446218,-0.640247,0.127841,0.022593,-0.113748,-0.347811,-0.489258,0.415853,0.283464,-0.822170,0.947211,-0.428478,0.430369,0.090124,-0.627025,0.002320,0.157493,-0.247136,0.057191,0.056060,-0.164025,-0.135599,-0.074257,0.473272,0.194115,-0.558071,0.382888,0.057675,-0.027035,-0.463141,0.140988,0.303758,-0.400313,0.719692,0.095800,-0.426185,-0.252291,-0.459692,0.520985,0.378792,-0.778126,0.666634,0.157989,-0.744045,0.634716,0.691519,0.179727,0.255773,0.799040,-0.012084,-0.568629,-0.566289,0.349571,-0.403782,0.343299,-0.601455,0.602447,0.730759,0.054936,0.165608,-0.190894,-0.385823,-0.013364,0.570973,0.329941,0.171146,-0.479491,-0.133353,0.099514,0.004103,0.058338,-0.512400,-0.369027,-0.046336,0.236213,0.496316,-0.523026,-0.593857,0.190943,-0.374576,-0.169417,0.182762,0.288072,-0.782793,-0.057936,0.625086,-0.329442,-0.675395,0.069907,-0.428260,0.908608,0.138243,0.517775,0.120234,-0.655588,-0.933047,1.264824,-0.226650,-0.406857,-0.332883,-0.390046,-0.004830,0.040222,-0.866752,-0.857866,-0.508548,0.202207,0.604493,-0.624805,-0.610086,-0.405501,0.422330,0.539334,0.641333,0.185209,0.073942,-0.000067,1.187573,0.035164,-0.208001,0.449314,0.979082,0.096167,-0.215805,-0.332938,-0.812559,-0.436786,-0.655549,-0.902640,-0.911842,-0.235801,-0.293245,0.020661,-0.303480,0.041548,-0.966715,0.108361,-0.353264,0.289950,-0.025350,-0.167069,0.590780,-0.028780,-0.379709,-0.293292,-0.097024,-0.336637,0.618979,-0.409566,0.748533,-0.323611,0.399050,0.828999,0.669573,0.453747,-1.394237,0.453469,0.242776,-0.269241,0.345266,-0.420783,-0.380900,1.045469,-0.059998,-0.701105,-0.991192,-0.268160,0.224482,-0.521119,-0.181214,0.319811,-0.129883,0.011623,0.252566,-0.230773,-0.346174,-0.398764,-0.294319,-0.412731,0.220540,0.413294,0.436384,0.325016,0.247074,0.778573,-1.165854,-0.959328,0.369191,0.304357,-0.196124,0.258336,-0.067952,0.063143,0.372884,0.122166,0.169381,0.000174,0.209871,0.171551,-0.051699,0.364372,-0.125045,-0.506781,0.479388,-0.331512,0.080039,0.736224,0.323650,0.976512,1.143312,-0.086497,0.095627,-0.676379,-0.100560,0.250534,-0.582811,-0.135645,-0.884170,-0.746038,0.537791,0.213864,0.599520,0.289865,0.938462,0.047694,0.026295,0.337430,-0.367951,0.035745,-0.800180,0.007191,0.327844,0.097603,0.800550,0.697144,-0.647918,0.420123,-1.501131,0.183087,0.463108,-0.713056,0.504625,1.116426,-0.203575,0.007289,0.519363,-0.197301,-0.025788,0.662478,0.819162,-0.106737,0.606715,0.317057,0.743704,-0.311867,-0.285730,-0.905431,-0.241824,0.449208,0.844348,0.219905,-0.378311,-0.141899,-1.408171,0.211441,-0.009977,-0.266688,0.297494,0.540235,0.248305,0.276526,-0.812913
0.001979,-0.517427,-0.791297,0.135761,-0.208586,-0.740414,-0.093622,0.467244,0.537109,-1.011033,0.403173,-0.076910,-0.635000,0.743983,-0.299004,0.504952,-0.262983,0.326076,-0.371269,0.349834,-0.374649,-0.284326,0.495497,0.599343,-0.232861,-1.078724,0.140933,-0.063056,0.555163,-0.514004,-0.428360,-0.285350,0.802747,-0.844548,-0.168609,-0.233972,-0.392345,0.863199,-0.048881,-0.290420,-0.565251,0.061939,-0.774327,0.697875,0.549136,-0.850906,0.278238,1.173015,0.219327,0.340252,0.454259,0.270829,0.209997,0.235915,-0.211787,-0.896444,0.155142,0.167345,0.447443,-0.052402,-1.190319,-0.531301,-0.611534,-1.001163,1.075231,-0.802819,0.055053,0.809488,0.330570,0.170540,-0.616263,-0.412574,-0.250004,-0.282995,-0.235295,-0.168853,0.756506,1.170347,0.483888,0.229996,-0.046996,-0.027342,-0.444990,-0.381083,0.410036,-0.137718,-0.611892,-0.166649,0.022033,0.183659,-1.513236,0.720368,0.020932,-0.213024,-0.132580,-0.189584,-0.404979,0.835134,-0.877045,-0.646596,-0.582860,0.538831,-0.491712,0.373069,0.906416,0.562049,-0.378165,0.040869,-0.009263,0.514695,-0.640011,-0.294783,-0.055103,0.327301,-0.270040,0.145087,-0.982024,0.624715,0.129526,0.114624,-0.468523,0.441899,-0.555234,-0.093591,0.625476,-0.378400,-0.338765,0.028625,-0.139005,0.599543,-0.170661,0.032989,0.648516,0.463386,0.233921,-0.346991,-0.702419,0.157310,-0.285844,-0.248856,0.305518,-0.419413,-0.307233,0.572701,-0.187385,0.133916,-0.071043,-0.433594,0.363820,0.525852,-0.768325,0.876645,-0.503745,-0.163708,0.058389,-0.434615,0.043612,-0.519371,-0.278616,-0.100019,-0.098531,0.214214,-0.060725,0.164242,-0.318761,0.375350,-0.066892,-0.088505,-0.826401,0.310644,0.978796,-0.695464,-0.378011,-0.163699,0.438766,-1.275185,0.265933,-0.195429,0.863162,-0.567893,-0.084046,0.297031,-0.225947,0.813932,0.107463,0.441111,-0.033589,-0.343078,-0.113325,-0.892541,-0.951822,0.478902,0.613481,0.002203,-0.939986,-0.454791,-0.453906,0.341122,-0.267644,0.920190,-0.270612,0.050782,0.108008,-0.187832,0.236694,0.824743,-0.782917,-0.674097,-0.558814,-0.355253,-0.994882,0.267556,-0.146958,-0.283546,-0.539914,0.150719,-0.162870,-0.115414,1.312252,0.149245,0.675482,0.135383,0.256374,-0.269911,-0.571806,0.825886,1.142478,0.436959,-0.562379,-0.136445,-0.081148,-0.097302,-0.832622,-0.383340,0.344119,-0.151086,0.256518,-0.610205,-0.456975,0.039577,1.006898,-0.320801,-0.103687,-1.008892,-0.103189,-0.201642,0.499331,0.353156,0.102546,0.837571,-0.014053,-0.619884,-0.379139,0.062718,-0.329900,0.314165,0.488144,-0.003045,-0.557655,0.294278,0.103797,0.293507,0.035541,-0.015901,0.201149,-0.413725,-0.369855,0.875207,-0.000503,-0.645862,0.220842,0.745012,0.230096,-0.734735,0.285126,-0.355001,0.209541,-0.509148,-0.254647,-0.377948,-0.283437,0.425523,0.439789,0.049231,-0.393272,0.815167,0.464094,-0.050811,0.552173,0.120490,-0.458861,0.794420,-0.635111,0.184579,0.166458,0.823162,0.539399,-0.109327,0.412126,0.634621,0.208057,-0.611256,0.411261,0.046652,0.078893,0.126841,0.638467,0.321687,0.255884,-0.361927,0.056321,-0.431637,0.648898,0.204851,-0.399331,-0.789333,0.032123,-0.738265,0.398072,0.803149,-0.030545,-0.372648,0.518668,-1.040803,-0.169813,1.281179,0.299119,-0.703313,0.040770,-0.699382,0.765664,0.201877,-0.647590,0.410889,-0.199238,0.078212,0.164179,0.214749,0.371374,0.918063,-0.015691,0.200668,0.610884,0.693713,0.468947,-0.049709,0.528362,-0.455670,-0.801009,0.651110,-0.095367,-0.181444,-0.306613,-0.811316,0.490535,-0.702585,1.114057,0.037655,-0.038142,-0.912157,0.413202,-0.311903,-0.605485,-0.281828,0.540686,0.131356,0.717096,0.169731,-0.010571,-0.486146,0.628067,0.130735,-0.710024,-0.538360,0.293354,-0.116311,-0.619306,-0.400239,0.102545,0.390157,-0.251932,0.262373,0.529159,0.886265
0.478598,-0.401868,-0.361295,-0.863525,-0.038244,-0.400236,0.715755,-1.368734,0.171846,-0.159746,-0.526459,-0.487207,-0.906348,-0.465165,-0.313624,0.286840,-0.283220,0.407618,0.338369,-0.583148,-0.142600,-0.233354,-0.169614,-1.236864,0.263101,0.144241,-0.423808,0.751609,0.186719,-0.985242,-0.768028,-0.063025,0.121574,-0.218767,0.393913,-0.703643,-0.322813,0.574846,0.052535,0.140424,0.664609,0.107900,-1.335507,-0.817740,0.176012,0.454776,-0.284284,-0.061714,-0.099182,-0.535847,0.533047,0.070876,-0.030022,0.370184,0.169173,-0.516375,0.474750,-0.800287,0.373885,0.490244,-0.060910,-0.193712,-0.062299,0.400685,0.610461,-0.024327,0.373540,0.078525,0.338693,-0.162534,0.893811,0.647097,0.539517,0.019748,-0.006108,0.525533,-0.117671,0.091071,-0.185037,0.015204,-1.037768,0.414304,0.263059,-0.277205,-0.467104,-0.618001,-0.170435,-0.061862,0.048796,-0.324061,-0.135465,-0.423905,-0.210691,0.028754,-0.566041,-0.900114,0.409766,0.161533,0.228884,0.345444,-0.065107,-0.562904,0.015585,-0.144886,-0.239714,-0.545592,-0.247382,-0.789083,-0.102251,0.213712,-0.744789,-0.451142,-0.175294,-0.242782,-0.588961,0.200038,-0.029933,0.311920,-0.900714,-0.131962,0.015881,0.369246,-0.392624,0.455753,-0.862295,0.286594,1.047552,-0.172508,0.018432,-0.668717,0.307784,0.067607,-0.154622,-0.137113,0.321835,0.306873,-0.932506,0.157012,-0.743225,0.485622,-0.653513,0.018774,-0.305909,-1.264341,0.055559,-0.202435,-0.069241,-0.327295,-0.139113,-0.413054,-0.304821,0.048699,-0.488041,0.042142,0.955667,0.613681,0.087617,0.403749,0.094061,-0.633363,0.066470,0.334189,0.092688,-0.069395,-0.026704,-0.980533,-0.210006,-0.079983,0.697174,0.429209,0.040109,-0.406345,0.175696,0.237623,-0.793482,0.857727,0.738986,-0.502466,-0.408239,-0.696996,0.479062,0.089423,0.103899,0.088024,0.389374,0.298745,0.293853,0.670013,-0.167683,-0.264587,0.499494,-0.472307,0.274497,0.617483,-0.140167,0.076975,-0.538418,-0.059289,0.187865,0.540257,0.444268,-0.133401,-0.161478,0.649808,-0.994816,-0.129350,-0.830851,0.336323,-0.929671,-0.044748,0.055575,0.243745,0.039392,-0.368827,-0.450844,-0.159002,0.635223,-0.004499,-0.222316,0.681372,0.735361,-0.249445,0.653003,-0.623312,-0.020446,-0.206566,-0.606928,0.380848,0.543292,-0.159222,-0.021174,-0.264367,-0.413924,0.520506,-0.385771,1.016418,0.273630,1.311847,0.187036,-0.380752,-0.408503,0.092858,0.817814,-0.203201,-0.070616,0.048728,-0.586254,0.020396,-0.226680,-0.586199,-0.021662,0.372078,0.056422,0.417442,0.675769,0.115329,-0.148296,0.666194,-0.270636,-0.240560,0.700342,0.530894,-0.837890,0.872610,-0.002031,0.437456,0.908886,0.649767,0.188528,-0.576059,0.251281,-0.086171,0.229404,-0.337263,-0.443003,-1.318143,0.288095,0.286618,0.888473,-0.753238,1.038216,-0.162234,0.444702,0.011158,-0.072191,-0.387646,0.413051,-0.083842,-0.734178,0.231662,0.731522,0.690805,0.383692,-0.090318,0.232646,-0.251284,0.622938,-0.270521,0.350464,0.031156,0.331644,-0.738032,-0.255122,-0.271213,0.412122,0.656427,-0.158975,0.302907,-0.200038,-0.370497,0.192331,0.082016,-0.478985,0.232067,0.245407,-0.790176,0.264326,0.074604,-0.053737,-0.030093,-0.392560,0.741724,-0.211510,-0.440425,-0.139647,0.216666,-0.186749,-0.516389,-0.366019,-0.591295,-0.503028,0.369037,-0.242498,0.720264,-0.409376,-0.711848,0.365478,0.672793,-0.967174,-0.143177,-0.820448,0.359772,0.100725,-0.509137,0.132362,-0.294424,0.363122,0.109548,0.381345,1.549292,-0.166470,-0.051164,-0.548552,0.042911,0.018629,-0.214699,-0.486733,0.209340,-0.692149,-0.142238,-0.478150,-0.646693,-0.201399,0.351731,0.234810,0.097295,-0.182441,0.107315,0.351402,-0.256882,-0.297941,0.131422,-0.474791,-0.596672,-0.770013,-0.213370,-0.655319,-0.500378,0.285539,-0.596879,0.003855,0.381323,-0.699236,0.669820
-0.360662,-0.067178,0.897722,-0.128119,-0.000556,0.159673,0.348338,-0.670101,0.754875,-1.078870,-0.302509,-0.920017,-1.339858,0.288135,-0.403848,0.157011,0.461627,-0.359485,-0.525979,0.540318,0.018747,0.088897,0.243679,-0.136842,-0.479008,-0.163478,-0.093581,0.019555,0.695804,0.133511,0.200116,0.899908,0.418371,-0.460519,0.549734,0.592312,-0.449332,-0.336432,0.138032,0.875502,-0.077470,0.301652,0.106187,0.652608,-0.108768,-0.100026,0.596970,0.730830,0.538768,-0.513348,-0.509884,0.090830,-0.591689,-0.425495,-0.304468,-0.233831,0.666546,0.447300,0.100222,0.482250,-0.557703,-1.359005,0.139373,-0.024761,0.161563,0.552921,-0.192022,0.866566,-0.637662,-0.210900,-0.264614,-0.035812,-0.146111,0.333810,0.019700,0.214155,-0.421785,-0.324869,0.510099,-0.045343,0.034788,0.235542,-0.497807,0.674144,0.372320,0.379682,0.652650,-0.007280,-0.022046,-0.368031,0.568885,0.178055,-0.391038,0.649576,-0.628775,-0.735231,1.060525,0.471560,-0.218836,-0.756448,0.307298,0.023028,0.779547,-0.125082,-1.313350,-0.222207,0.917997,0.121821,0.042919,-0.025672,1.003306,-0.001419,-0.563121,-0.528541,-0.100699,0.855896,-0.564210,-0.165182,0.473818,-0.437931,-0.515831,0.020834,0.980262,-1.185279,0.308576,0.103201,-0.519340,0.575568,-0.285363,0.998141,-0.339957,0.128369,0.881014,0.368017,0.216077,-0.041066,0.174464,-0.115713,0.206971,-0.216234,-0.001897,0.809188,0.647271,0.177627,-0.879183,0.790253,0.317342,-0.761990,0.266048,-0.216346,-0.425199,-0.490284,0.453826,-0.418539,-0.224540,0.085238,-0.499702,1.221469,-0.052585,-0.432764,0.450829,0.549698,0.061850,0.091141,-0.371015,0.233891,0.248060,-0.518499,0.403134,0.195745,-1.236421,0.788580,0.589185,-0.651338,-0.896560,-0.267057,-0.810739,0.221518,0.516276,0.262163,0.334452,0.137733,-0.358648,0.260012,0.636080,-0.243561,-0.104375,-0.113307,-0.150035,0.032325,0.512299,0.075262,0.524163,-0.167908,-0.667247,-0.075095,0.054709,0.483891,-0.017625,0.970876,0.135904,0.820736,0.869734,0.505733,-0.218542,-0.227350,0.188009,-0.781685,0.136015,0.310088,-0.197656,0.121890,0.353061,-1.023162,0.095659,-0.375915,-0.147900,-0.385552,0.351066,-0.082199,-0.291553,0.559724,-0.007069,-0.403932,0.538248,0.114987,-0.354574,-0.292746,0.466978,0.192756,-0.475099,0.388622,0.735527,-0.761082,-0.241430,0.212118,-0.179506,-0.266351,0.342080,-0.465825,-0.446962,-1.507706,-0.684995,-0.012015,-0.197710,-0.589970,-0.168768,-0.409668,0.424724,0.203445,1.008787,-0.114937,0.096266,0.027478,0.162588,-0.631398,0.022513,0.460303,1.156878,0.149887,-0.276999,0.515633,-0.098801,0.333899,-0.150181,1.531848,1.148623,0.280531,-0.915738,0.619789,0.712034,-0.526863,-0.184324,-0.297702,0.291539,0.013774,0.669295,-0.289659,-0.485548,0.419121,0.695136,0.918102,-0.105202,0.324286,0.175881,-0.227757,0.179575,0.497848,0.008152,-0.582474,-0.543332,0.563070,-0.979590,-1.443509,-0.345740,0.583555,-0.754163,-0.263003,-0.709956,-0.395007,-0.119577,0.416763,0.039376,0.396288,0.274104,-0.311944,0.076017,0.104278,0.461636,0.444351,0.056101,-0.772975,0.326315,0.468675,0.414638,0.881202,-0.056886,0.920122,0.486910,0.115838,0.031027,-0.309869,-0.322209,-0.686432,0.394465,-0.176809,0.381687,0.016217,1.437181,-0.402542,0.378748,-0.181992,0.212766,-0.436570,0.288374,-0.019634,0.440722,-0.021391,-0.283636,-0.625989,0.120510,-0.725863,-0.221373,0.330038,-0.520669,-0.865885,-0.478578,0.640155,-0.570461,-0.134547,0.524041,0.358023,0.290234,0.232981,-0.537715,-0.429551,0.166761,0.607904,-0.551940,-0.656813,-0.373841,-0.340812,-0.562777,0.112361,-0.833057,-0.103124,-0.104739,-0.203158,-0.008328,0.853750,0.220433,-0.958007,0.859562,-0.144286,-0.227303,-0.183453,-0.751364,-0.149995,0.354247,0.020192,0.216840,-0.353911,-0.541540,-0.443694
-0.690797,0.340931,0.113755,-1.066399,-0.499841,-0.032816,0.031894,0.031689,0.094572,0.317617,0.368329,0.330765,0.199655,-0.528991,0.312990,0.125973,-0.789416,-0.296793,0.556427,-0.291922,-0.688383,-0.375046,0.126641,-0.087499,0.611339,-0.082551,0.256494,0.198273,0.262135,-0.437700,-0.000466,0.084308,0.670314,0.432666,-0.241605,-0.526123,0.489027,0.357743,-0.035873,-0.070097,-0.809915,0.856178,0.813210,0.251983,0.228533,0.193350,0.182423,-0.656072,0.328358,-0.375410,-0.468229,-1.052705,-0.437125,-0.032292,-0.367219,-0.044437,-0.411978,0.304088,0.434418,0.717559,0.421700,0.567017,0.423131,0.958266,-0.287972,-0.235135,0.106020,-0.919115,0.668152,-0.420935,-0.379265,-0.197447,0.011754,-0.026457,0.837182,0.363048,0.575804,-0.668699,-0.400805,0.237710,-0.426781,0.781555,-0.069464,0.734853,0.152066,0.081525,-0.898261,-0.148525,0.139428,0.501199,0.470061,0.852824,-0.819220,0.154209,-0.647166,0.196692,0.020946,0.445044,0.581653,-0.846450,-0.117585,-0.084207,0.053026,-0.560303,0.171191,0.055713,0.158884,-0.057416,-0.415978,0.462327,0.403608,0.813546,0.069901,0.173031,0.419771,-0.368792,0.500569,0.490908,0.698029,0.484305,0.346178,0.325134,-0.684460,0.053059,0.944763,-0.304933,0.282763,0.409062,0.708270,-0.284743,-0.215749,0.813196,0.187514,-0.280317,-0.636352,0.142299,0.333314,0.752968,-0.089343,0.627576,-0.750013,-0.200480,-0.299857,-0.546375,0.117563,-0.243792,0.109572,0.390306,-0.330622,0.022250,0.538424,-1.050293,-0.219517,0.271995,-1.030222,0.835080,0.072378,0.396332,0.393845,-0.118537,0.148165,0.606752,0.118803,-0.618547,1.151486,-1.141181,-0.871062,0.436296,-0.892018,0.711920,-0.052802,-0.747541,-0.766573,-0.168668,0.402854,0.024872,0.605661,0.070095,0.448904,-0.354071,-1.332535,0.909287,-0.462789,0.623891,-0.395638,-0.141436,-0.505428,0.030634,-0.671198,0.448009,0.115007,0.429046,-0.227289,0.066139,-0.418238,-0.099649,-0.462518,0.611996,-0.030115,-0.255343,-0.068312,0.722734,-0.155982,-0.033370,1.174648,0.074366,0.446077,-0.552583,-0.021646,0.002199,-0.252718,-0.382185,0.500456,-0.166431,0.053378,-0.355736,0.232237,0.078684,1.356831,0.604341,0.104753,-0.364473,-0.227453,1.120477,-0.308403,0.358724,-0.094316,-0.231598,0.853082,0.498007,0.302289,0.437360,0.486838,-0.346793,0.204266,-0.038772,-0.088444,-0.750294,0.243186,-0.839682,0.323840,-0.307232,-0.439349,-0.403005,0.532298,-0.640268,0.014102,-0.222127,0.303711,0.777090,0.574433,0.580030,-0.515385,0.802638,-0.371479,0.068459,0.407085,0.072781,-0.031245,0.327151,-0.352157,-0.415396,0.085984,-0.218773,-0.066228,0.199151,0.103781,-0.553348,-0.254699,0.841492,-0.029906,-0.141346,-0.471828,0.637732,0.107683,-0.912164,0.018985,-0.276962,0.022797,-0.019034,0.082374,-0.502566,0.419654,-0.286751,0.455512,0.244821,-0.082799,-0.506718,-0.547837,-0.347311,0.264980,-0.263192,0.244303,-0.886602,-0.365717,-0.192252,0.057498,0.538139,-0.029235,0.119474,-0.311730,0.036145,0.346976,0.146387,1.357407,-0.254642,-0.480916,0.342620,-0.569781,-0.485728,-0.261943,-0.737579,0.612192,-0.542547,0.023210,0.214717,0.336535,-0.372991,-0.183752,0.532556,0.554831,1.146329,-0.607576,-0.173173,-0.173417,0.629028,0.539305,-1.052385,-1.691339,-0.600216,-0.247574,0.266838,0.416860,-0.122322,0.404320,-0.384729,0.135059,-0.478725,0.176035,-0.027383,0.143153,-0.044652,-0.967739,0.120490,-0.697154,-0.126579,0.568860,0.807811,-0.940063,-0.245055,-0.405497,-0.353350,-0.433521,-0.637265,-0.000188,-0.511993,0.159360,0.735330,-0.206353,-0.059849,0.324829,0.351348,-0.443168,-0.135899,-0.158283,-0.321720,-0.096837,-0.123774,1.119102,-0.937660,-0.022435,0.713015,-0.637730,-1.028642,-0.389612,0.131834,0.049525,-0.969243,0.081292,0.360076,-0.046074,0.070318,-0.301802,0.006042
-1.165768,-0.274014,-0.527964,0.126839,-0.420728,0.045916,-0.300754,-0.114201,-0.944018,0.851185,-0.149716,-0.402181,-0.724098,-0.241100,0.349435,0.515053,0.245451,-0.475606,0.022938,-0.060948,0.442122,-0.081808,-0.030488,0.642362,-0.637600,0.017265,0.460846,-0.216300,0.524598,0.163801,0.201105,-0.313194,0.114384,0.439133,-0.564873,-0.451450,-0.192021,1.114873,-0.077322,-0.285713,-0.180742,-0.041822,-0.056043,-0.109298,0.341338,0.647758,-0.197004,-0.498782,0.231043,0.185906,-0.822297,0.300157,0.664832,0.515410,0.638112,-0.257681,-0.434479,-0.729526,-0.581926,0.305321,0.272833,0.404489,0.215792,0.028326,-0.368293,-0.265305,-0.198108,0.358410,0.047305,-0.317863,-0.338451,-0.734416,0.121109,0.006147,-0.203251,-0.291871,-0.463837,0.786878,-0.027409,1.313698,-0.100476,-0.807622,0.471506,-0.693659,-0.139264,-0.917822,0.308544,-0.729320,-0.361200,-0.061906,0.434978,0.308671,0.470656,-0.749659,-0.593683,-0.407465,-0.382167,-0.632430,-0.008300,-0.083046,-0.409960,-0.175971,-0.010796,0.686176,0.527254,0.530320,0.288098,-0.533892,0.524620,-0.357575,-0.353186,-0.968170,-0.155826,-0.175802,-1.007342,0.047819,0.416019,-0.505277,0.500778,0.258798,-0.348972,0.270507,0.365306,0.009961,-0.375055,-0.230609,-0.487389,0.491622,-0.409826,0.119275,-0.038558,0.559031,0.134484,0.123176,0.523187,0.169425,-0.135559,-0.749310,-0.464336,0.499967,0.061730,0.215340,-0.902405,-0.632709,-0.660980,0.175341,0.227634,0.050407,0.774455,0.106182,0.357854,0.055522,0.313043,0.479711,-0.017013,0.169287,-0.077505,-0.489745,-0.499630,-0.072732,-0.830397,-0.010629,-0.509744,-0.108457,0.679840,0.417596,-0.260620,-0.131228,-0.414951,0.832990,-0.261229,0.375686,0.208404,-0.253211,-0.129299,1.320493,0.444591,0.696273,0.012721,-0.346879,-0.368005,1.120500,0.030748,-0.269732,0.055129,0.380820,-0.000860,-0.010664,-0.713662,0.571343,-0.573332,0.087606,0.047574,-0.131684,-0.657262,0.027623,0.189858,-0.103589,-1.618188,0.660391,0.139165,0.627711,0.209567,-0.000860,-1.029957,0.814366,-0.014120,0.020324,0.144024,0.305326,-0.965298,-0.658175,-0.797295,-0.313031,-0.313127,0.539433,-0.920474,0.254807,-0.208668,-0.057996,0.583986,-1.206847,-0.938864,-0.131577,0.475890,0.429264,-0.684570,0.471020,-0.864441,-0.373689,0.153193,0.052872,-0.662417,0.878586,0.516718,-0.166916,0.138954,0.771056,-0.422035,1.006502,0.999246,-0.143881,0.164813,-0.654708,-0.711913,0.642632,0.746627,0.009970,0.049588,0.171985,-0.439073,0.319941,0.102759,-0.272277,0.053637,-0.529971,-0.255671,0.068703,-0.507581,0.070768,0.643978,0.205515,0.880549,-0.097012,-0.155746,0.327259,-0.704785,-0.339927,-0.289483,-0.503063,-0.422710,-0.742368,-0.117868,0.683474,0.237555,-0.501504,-0.117659,0.109448,1.337996,0.044340,1.433084,-0.608954,0.412356,0.182581,-0.257979,0.280776,-0.713841,-0.554683,0.136487,0.427527,0.353273,0.066495,-0.106484,-0.267968,0.442431,-0.490613,-0.655009,-0.658702,0.514115,0.085554,0.040065,0.704528,-0.420422,-0.806068,-0.113100,-0.396095,0.786924,-0.653101,1.063380,-0.418997,0.502131,-0.588166,0.409923,0.666836,0.181853,0.256813,0.444930,-0.296834,1.488288,-0.709048,0.209384,-1.555612,0.535899,0.300232,0.026395,0.247418,0.966000,-0.614233,0.496609,0.331740,0.009845,-0.094647,-0.708945,0.410131,-0.285117,0.210294,-0.127381,-0.193112,0.056609,0.076280,0.070333,0.158591,0.632608,0.498046,0.561674,-0.769188,-0.107426,0.497179,0.081815,-0.556807,0.066291,-0.034054,0.095912,-0.443698,-0.078217,0.318340,-0.182639,0.450344,0.081573,-0.253292,-0.284961,0.535958,0.546601,0.169182,0.209673,0.848318,0.213778,-0.198829,0.200579,0.033833,0.221694,0.540445,-0.006944,0.924448,-0.301367,-0.483703,0.897437,-0.084950,-0.554543,-0.664351,-0.406960,0.544361,0.105762,-0.337659
-0.226145,-0.000914,0.014828,0.031150,-0.349708,-0.500912,0.415302,-0.891117,0.055840,-0.307086,-0.519099,-0.629556,-0.109932,-0.364481,0.485575,-0.359706,0.590361,-0.255905,-0.911255,0.115684,1.002724,0.165349,0.432387,-0.215881,0.777772,-0.674634,-0.309389,0.849502,-0.477161,-0.321687,0.227537,0.361763,-0.001488,0.159250,0.156738,0.876084,0.370213,0.247356,-0.090841,-0.402885,0.705047,-0.038627,0.154913,0.330401,-0.190471,-0.181743,-0.065076,-0.379477,0.624610,-0.241554,-1.563095,-0.415854,0.127108,-0.735166,-0.253914,0.030577,0.968512,0.163313,0.330837,-0.784634,0.943612,-0.409875,0.489644,0.102087,-0.476172,0.103450,-0.002305,-0.134481,-0.165590,0.790136,0.311002,-0.347401,-0.120555,-0.387919,0.165703,-0.614920,0.978206,-0.595144,-0.191973,0.058182,-0.123337,0.058110,-0.530074,0.163545,-0.126651,0.289903,0.243517,0.027455,0.035165,0.558347,-0.275633,0.102850,-0.069875,0.292421,0.416031,0.228941,0.267541,1.161317,0.294872,-0.943318,-0.309498,0.907376,0.238104,-1.019394,0.378288,-0.992603,-0.297355,-0.832961,-0.541392,0.387682,-0.969828,-0.523819,-0.094534,-0.952925,-0.393227,0.611924,-0.552071,0.295192,0.296317,-0.785068,-0.962984,-0.101309,0.016590,0.342301,-0.794814,-0.670218,-0.392693,0.891929,-0.514582,-0.813467,0.242956,0.460312,0.619624,0.134354,0.046915,-0.257007,-0.336969,-0.455433,-0.832968,-0.492200,0.117951,0.708339,0.485969,-0.438603,0.379957,0.905926,0.341554,-0.232379,0.696094,-0.511109,-0.287419,-0.146085,1.069912,-0.011781,0.941399,0.720830,0.321488,-0.184334,-0.692002,-0.215170,-0.221345,-0.376835,0.466064,-1.608923,1.024196,-0.136112,0.283849,0.534367,0.311315,-0.251271,-0.587380,0.072312,-1.064850,0.503039,-0.460693,-0.497663,-1.041626,0.438822,-0.718482,-0.357709,0.132031,0.475772,0.083561,0.189358,0.425873,0.498367,-0.287760,-0.173303,-0.354548,-0.060688,1.340681,-0.608454,-0.566153,0.091572,0.206421,-1.084327,0.341228,-0.483074,0.143241,-0.158341,-0.431190,-0.138328,-0.068334,-0.375765,0.216246,0.122470,0.079713,0.502423,0.056831,-0.257260,0.469793,-0.591016,0.486692,0.056110,0.518444,-0.306233,0.551481,-0.077233,0.419948,0.164529,0.454868,0.529983,-0.062981,0.335334,0.542577,0.227241,-0.008476,0.609716,0.198512,-0.340421,-0.721449,-0.078474,-0.315385,0.347241,0.383231,-1.239227,-0.776600,-0.791076,-0.109255,0.553782,-0.078432,-0.060577,-0.188295,0.210329,-0.130801,0.202838,0.590823,0.424167,0.606223,0.556409,0.698945,0.306180,1.094366,-0.421017,0.219217,-0.023147,-0.190427,-0.486474,-0.241183,-0.485066,0.398535,-0.162858,0.088444,0.450069,-0.228562,0.102067,0.662326,-0.066506,-0.974760,-0.010339,0.486130,0.051680,-0.236799,0.072594,-0.909424,-0.349914,0.241071,-0.049677,-0.131762,0.007631,0.253156,0.366067,0.080823,0.307886,0.002478,-0.509536,0.034384,-0.399342,0.244197,0.859660,0.085476,0.950802,0.490394,-0.503879,0.566592,-0.013922,0.065209,-0.906042,0.211423,0.326128,0.129679,-0.118625,-0.074095,0.256296,0.484749,-0.092395,0.122722,0.125953,-0.624988,-0.793091,0.080388,0.637710,-0.320683,-0.291927,0.870575,-0.047928,0.813950,0.285997,-0.494857,0.360276,-0.508564,0.226978,-0.337955,0.089308,0.219375,-1.342717,-0.782133,0.265172,-0.269817,-0.682410,0.630080,-0.330322,0.038144,-0.095444,0.303895,-0.047855,-0.361481,-0.554157,0.083097,0.170626,-0.483790,0.020411,1.009116,-0.520113,-0.681425,0.734017,-0.258690,-0.627141,0.384178,-0.659709,0.024993,0.143857,0.704582,-0.322809,0.513957,-0.741158,-1.109493,0.065724,0.107575,0.074368,-0.395454,0.302325,-0.186710,0.183969,0.173211,-0.917169,1.769553,0.064062,-0.004521,0.512460,0.353631,0.546342,-0.314880,-0.026926,-0.296869,0.383015,0.256137,-0.440143,0.449407,-0.001781,0.345805,-0.394204,0.765387,0.055460
-0.136202,0.745110,0.049842,-0.468775,-0.970945,0.445688,0.217971,0.165051,0.010665,-0.315441,-0.641255,-0.583435,-0.161511,0.146813,0.692002,-0.336512,0.203557,0.236493,-0.029555,-0.814373,0.381753,-0.844208,-0.763897,0.075670,-0.228107,0.344148,0.792897,-0.139900,0.114199,-0.802924,0.388942,-1.127806,0.060494,0.138331,-1.258743,0.609923,-0.304270,-0.510232,0.051205,-0.166236,0.520618,-0.244617,0.582730,-0.046571,0.226755,1.222468,-0.391236,0.174430,-0.420318,0.059546,0.421018,0.404032,0.057374,-1.068338,-0.183433,-0.368402,-0.221221,0.154465,-0.406996,0.480399,0.065234,-0.105564,0.828801,-0.199838,-0.277800,-0.025639,0.158202,-0.462311,0.463381,-0.288410,0.610827,0.424806,-0.301527,-1.262416,0.382452,-0.433465,0.358337,-0.976340,0.040085,0.209753,-1.053548,0.847518,0.276880,0.158991,-0.825629,-0.222509,0.114008,0.580139,-0.499985,-0.103277,-0.466871,-0.412287,0.234245,-0.517170,0.130397,-0.060022,-0.510871,0.725578,-0.061180,0.269981,0.316031,0.036858,-0.115914,0.345579,0.081697,-0.178775,0.570398,-0.100018,0.563232,0.250592,-0.055422,-0.599512,-0.506666,-0.059748,-0.046440,-0.460058,0.049373,0.014016,-0.514617,-0.107612,-0.179495,0.674099,0.128753,-0.406692,-0.276848,0.022816,0.485781,-0.197528,0.321777,0.884216,-0.306045,0.154043,0.398539,-0.185452,-0.519849,0.683300,0.288582,0.358433,-0.051288,-0.066179,0.330468,-0.590749,-0.537611,-0.348993,-0.603303,0.069672,-0.614120,0.704803,-0.669362,-0.300517,-0.190753,0.472749,-0.030310,-0.147770,-0.565802,0.579220,-0.007230,0.625615,-0.569231,-0.583621,0.211259,0.645689,-0.487500,0.280189,-0.079125,-0.411922,-0.693323,0.371880,0.059220,-0.785299,0.276293,0.307847,0.367492,0.795792,0.650895,0.705872,0.340284,0.370497,-0.310788,-0.572142,-0.199661,0.143681,0.875136,0.196211,1.188863,-0.194626,0.372488,0.194173,-0.091883,-0.482489,0.099345,-0.229693,-0.155755,0.180125,0.166197,-0.087781,0.249837,0.581703,-0.063301,-0.100781,-0.149315,0.092269,0.056191,0.095451,0.790270,-0.151186,-0.040623,-0.027412,-0.549565,-0.684969,-1.017855,0.231001,-0.269251,-0.405720,0.896158,-0.583169,-0.470375,-0.772620,0.257857,0.193088,-0.747044,0.179741,-0.341421,-0.167405,0.131626,0.967395,-0.259166,-0.569743,-0.055054,0.623688,-0.365666,0.113087,-0.031351,0.383781,0.109490,0.718248,-0.211827,-0.242370,-0.267150,0.296153,1.021040,-0.031570,0.499475,-0.034272,0.320549,-0.312741,-0.601720,-0.550567,0.297142,0.339624,0.145057,-0.400728,-0.714016,0.286361,-0.040912,-0.571301,0.251460,0.288213,0.189535,-0.290896,0.123962,-0.609552,0.093640,0.166561,-0.375911,0.417465,0.765184,-0.795134,-0.220541,1.054359,-0.448146,-0.528237,0.663262,0.055965,-0.774076,-0.087913,-0.355251,0.283095,0.401903,-0.271229,0.494522,0.546492,-0.385373,0.157799,0.605462,0.409873,-0.479570,1.255322,0.752427,0.539207,0.467501,0.036927,0.324372,-0.163869,-0.713443,0.013904,-0.290331,-0.272280,-0.568504,0.677127,0.072027,0.665716,0.088719,0.221433,0.017834,0.447274,-0.086022,0.683931,-0.009878,0.228462,0.156410,-0.303553,-0.529665,0.386775,-0.649745,-0.644573,0.934391,-0.346839,0.365874,0.409724,1.035521,0.075838,-1.091047,0.659706,0.318381,0.421800,-0.137346,-0.195751,1.770585,0.523293,0.078013,-0.174800,-0.219235,0.176629,0.486008,0.039718,-0.314379,-0.073836,0.839138,-0.430029,0.474574,0.312474,-1.110108,-0.260788,-0.896744,0.977030,0.280046,-0.020109,-0.317648,-0.100903,0.202185,0.910372,0.353468,-0.233465,-0.026661,0.477700,-0.362001,0.017050,-0.052848,-0.834945,0.665128,-0.102487,0.746655,-1.002937,-0.074934,-1.314345,0.080983,0.263937,0.351833,0.485609,0.418977,-0.664431,0.077800,0.453564,0.307273,0.021986,-0.217132,-0.585570,-0.231225,-0.092910,0.151553,0.343455,-0.027141,-0.272756
-0.910930,-0.699220,0.093180,1.249144,0.643906,0.153279,1.093629,0.417530,-0.046400,0.612157,-0.284817,0.185346,-1.423836,0.422933,-0.180206,-0.840738,-0.591884,0.198397,0.010425,0.346653,0.815283,-0.131295,-0.817536,0.181061,-0.064714,0.644656,0.768392,-1.404025,0.724560,-0.835310,0.288473,0.277972,0.375676,-0.409304,0.693025,0.150398,0.043410,-0.042897,0.196111,-0.545870,0.741469,-0.336782,-0.715189,0.674803,0.043291,0.045284,0.811283,0.018750,-0.232216,-1.039155,-0.338909,-0.289615,0.120391,-0.342328,0.054909,0.203809,0.442456,0.117581,0.849312,0.316229,-0.052804,-0.192089,-0.468598,0.682880,-0.789756,-0.499708,0.917291,0.533759,-0.045925,-0.061953,-0.540504,0.637860,0.378004,-0.552965,-0.111038,0.823142,0.856139,-0.054446,-0.290408,0.174431,-0.004169,-0.196080,-0.034636,0.219121,0.184661,-0.072878,-0.403554,-0.017309,-0.343248,0.297653,-0.501168,-0.328376,0.113093,0.789717,0.000898,-0.677454,-0.309915,0.084631,-0.558303,-0.542298,0.960218,-0.920524,-0.202602,-0.444788,-0.831152,0.315109,0.742318,0.568214,0.307481,-0.546934,0.591143,0.277511,0.257000,-1.370143,-0.259852,-0.241330,-0.372315,-0.839039,0.322033,0.641648,-0.983352,-0.458609,0.351443,0.184297,0.003157,-1.061260,0.508578,0.827635,-0.964264,-0.295367,-0.110176,-0.194895,-0.709543,-0.297902,0.301263,-1.092638,-0.461978,0.061139,0.081315,0.026729,0.437319,0.183418,-0.428114,-0.141385,1.152177,-0.568462,0.206521,1.081643,-0.336200,0.799362,0.699248,0.521778,-0.000667,0.003010,0.073333,-0.369044,0.696098,-0.117000,-0.205778,-0.120924,-0.453825,-0.367799,0.286715,-0.365906,-0.219519,-0.374713,1.057253,-0.300157,0.265662,0.239853,-0.648220,0.385113,0.688211,0.376301,0.411906,-0.205802,-0.390048,0.504543,0.973196,-0.191069,-0.675740,0.547914,0.876087,0.204801,-0.808645,0.343743,-1.190771,0.978134,-0.060049,0.500946,-0.620023,-1.037865,0.379838,1.231091,0.053953,-0.190092,-0.417139,-0.713316,-0.518054,0.353435,0.960850,0.124969,0.025125,-0.011276,-0.600395,-0.951205,-0.573335,0.856630,0.591984,0.645347,-0.412537,1.022444,-0.102202,-0.160509,-0.182678,-0.354500,0.961970,0.326351,0.340023,0.279552,-0.341683,-0.570845,-0.110905,-0.454480,-0.154571,-0.551013,-0.271597,-0.144406,-0.208586,0.136170,-0.702691,0.098515,-0.848422,-0.080007,-0.433645,0.567404,-0.130107,0.994765,-0.163124,-0.139393,0.195335,0.742571,0.643413,-0.746818,-0.444911,-1.015011,-0.493300,0.243956,-0.480493,-0.410066,-0.075067,-0.873798,-0.493586,0.226597,0.626554,0.358945,0.359820,1.234713,-0.234981,-0.346055,0.492472,-0.742704,0.175627,-0.908074,-0.574641,-0.431606,-0.677844,0.243260,0.294537,0.086633,-0.694683,-0.118324,0.400847,0.020798,-0.389431,0.590327,-0.614708,0.268150,0.572512,0.814087,0.553606,0.918334,0.741367,0.878438,0.098443,0.065436,-0.727206,-0.430203,0.463379,-0.457298,-0.413687,1.120989,0.210908,0.574874,-0.509987,0.449424,-0.260904,0.150901,0.696783,-0.118447,0.570103,0.889410,0.708243,-0.071228,-0.869746,-0.399415,-0.691286,0.378221,0.064075,-0.099512,0.205888,0.176417,-0.038094,0.779766,-0.525476,-0.523803,-0.303733,0.156653,-0.142608,0.490282,-0.045093,0.195334,-0.442637,-1.072738,-0.262372,-0.203564,-0.151397,-0.310507,0.051715,-0.319398,-0.852011,-0.036534,0.593249,-0.928127,0.511997,0.000711,-0.202856,0.608282,0.888560,0.174438,-0.172357,0.365145,-0.030266,0.074548,-0.264956,0.067563,-0.683835,-0.328807,0.063752,-0.111041,0.158148,0.160617,-0.814148,0.701039,0.054832,1.074320,-0.475988,0.176286,0.660772,-0.531720,-0.376232,1.093408,0.255694,0.668229,-0.116642,0.518099,-0.013387,-0.488604,-0.024079,0.072287,0.399507,-0.885867,-0.504550,1.010955,-0.217023,-0.258485,-0.550408,0.461670,-0.404379,0.275016,-0.255714,0.434932,-0.169491,-0.238672
-0.475928,0.429835,0.105918,-0.213651,-0.346681,-0.068078,-0.339354,-0.382268,-0.259230,-0.423412,-0.054048,0.325335,-0.687471,0.465978,-0.040122,-0.277437,1.209101,-0.259146,-0.429184,-0.149762,0.399711,0.597414,-0.129604,0.233638,0.421877,-0.380783,-0.284714,-0.128924,0.321404,1.181615,-0.514160,0.725845,0.363443,0.014880,1.582860,-0.611838,-0.310395,-0.871317,-0.081424,-0.196380,0.370902,0.382230,0.242468,0.080885,0.612806,0.982676,0.555079,0.167177,-0.193030,0.598237,-0.430172,0.079733,0.089773,-0.184839,1.533017,-0.475840,0.278469,-0.341654,-0.390263,0.187231,-0.113577,0.118718,-0.168703,0.240503,-0.059179,-0.191434,1.007911,-1.119984,0.313119,0.044440,-0.071931,0.207439,-0.201876,-0.322019,0.149660,-0.221183,-0.751294,0.285130,0.007904,0.396854,-0.046975,0.402094,-0.244560,-0.217234,0.578108,-0.806362,-0.764668,0.735555,0.166320,0.200255,-0.364571,0.789625,-0.137682,-0.690906,0.080993,0.839990,-0.051504,0.356407,-0.164925,0.550148,-0.641430,-0.488571,0.461476,-0.175045,-0.357570,-0.344936,0.509358,0.001039,0.521795,-0.369294,0.252255,0.003294,0.125001,-0.284308,-0.739018,-0.186930,-0.010895,-0.459164,0.310268,0.930186,-0.243499,0.324531,-0.096521,0.741206,-0.564922,-0.609822,0.153992,-0.256514,-0.158654,-0.331077,0.049376,0.437626,0.107428,-0.550934,-0.243293,0.146138,-0.701067,0.144337,0.254145,-0.447062,-0.839065,0.743627,-0.128479,0.670713,-0.256251,0.430313,-0.033111,-0.113605,-0.028862,0.486565,0.135902,0.169810,-0.625382,0.856587,-0.066440,0.253126,-0.274069,0.084023,0.426969,0.106718,0.337960,0.038506,-0.830951,-0.419929,0.113902,0.203308,-0.382319,0.149903,-0.373817,0.513185,0.999322,0.461382,-0.528628,0.134200,0.711136,-0.434624,0.009500,0.814312,-0.448438,0.590788,-0.307251,0.163597,-0.217419,0.299602,-0.017487,0.129936,-0.310360,0.155674,-0.063644,0.702295,0.184890,-0.560358,-0.696474,0.385588,-0.435042,-0.428890,0.345864,0.609876,-0.364027,-0.163989,-0.861397,0.181316,0.083231,-0.372444,0.049810,0.264095,-0.443460,0.656934,-0.293493,0.357127,-0.007618,-0.481148,-1.580885,0.277629,0.084101,0.830616,0.027945,0.703420,-0.972036,0.434783,0.121948,-0.125974,0.676033,-0.935319,-0.093067,0.259753,0.158511,-0.328093,0.979406,-0.328969,-1.141166,0.388431,0.163450,-0.570239,0.398539,0.391722,-0.350078,-0.000482,0.704171,-0.019299,-0.387083,0.448806,0.258451,-0.945169,-0.262757,-0.330581,0.568600,-0.537999,0.543262,0.659073,-0.215389,-0.513423,-0.353435,-0.166410,0.172594,0.078130,-0.536203,0.373685,-0.042271,-0.173440,0.440843,0.814537,-0.224471,0.597859,0.077050,-0.471324,-0.247890,-0.139293,-0.205220,1.052192,0.009099,-0.568388,0.833032,-0.343318,-0.581903,0.221554,0.632366,-0.333648,0.414651,-0.002543,-0.803595,0.181621,0.426672,0.137117,-0.179242,0.475595,0.386870,-0.190441,-0.177360,0.496897,0.114308,0.426706,0.153287,-0.573737,0.040152,-0.085772,-0.305843,-0.153072,-0.359354,-0.451863,0.271627,-1.022896,0.357772,0.248502,0.059576,0.325363,-0.899423,0.149323,0.350414,-0.224496,-0.169792,-0.301723,-0.134089,0.005634,-0.841892,0.143886,0.200091,-0.330630,-0.097549,0.490792,0.746782,1.127142,-0.507860,0.436848,-0.276366,-0.734051,-0.201112,0.410179,-0.232301,-0.490802,0.000406,-0.440249,-0.258769,-0.562027,0.216228,0.472503,0.157294,-0.473623,-0.124536,0.367090,-0.440576,-1.073917,0.041028,0.628197,-0.257456,-0.564355,-0.078811,-0.055119,-0.767838,0.323514,-0.314839,-0.288290,-0.077834,-0.076084,-0.611038,-0.368689,0.247391,0.415620,0.016572,-0.483163,-1.574666,0.053675,-0.031627,0.103954,0.807785,0.102170,0.216460,-0.006046,-0.284619,-0.510671,0.255848,-0.368598,-0.392419,-0.617131,-0.439214,-0.002591,0.218689,0.152539,-0.109691,0.838534,0.118130,-0.076011,0.149211,0.494756
-0.156230,0.154127,0.062351,-0.283618,0.029681,0.135735,0.063201,0.107206,0.367010,0.415720,0.331226,-0.608587,0.107465,-0.095288,-0.251012,0.656623,-0.286785,-0.545629,-0.967876,-0.495787,-0.450121,1.128621,-0.535090,-0.348184,-1.074380,0.558080,0.195887,-0.255519,0.683578,0.371097,0.176061,0.633526,-0.326666,-0.450919,-0.399432,-0.243346,0.196905,-0.058464,0.696280,0.194189,0.144198,0.121730,0.242155,-0.015294,0.992099,0.353304,0.295568,0.179751,-0.298525,0.240621,0.554103,-0.439753,-0.872511,-0.128924,0.642305,-0.085048,0.677408,-0.461918,0.151884,0.305939,0.549316,0.019393,0.061060,-0.890807,0.267216,0.069059,-0.975756,-0.572377,0.187445,0.479201,1.138957,-0.121437,-0.813265,0.326686,0.265325,-0.139250,0.474724,-0.075954,-0.875104,-0.434514,0.224365,0.523865,-1.099189,0.450247,0.165367,-0.833493,0.096653,0.634039,-0.645614,-0.570176,0.412022,0.244282,0.491393,0.277522,-0.125375,0.283749,0.632271,0.566462,0.488576,-0.040381,0.406405,-0.606476,0.274371,-0.818038,0.275598,-0.516052,0.296276,-0.370734,-0.357090,0.784005,-0.612907,-0.103825,-1.091724,0.220764,0.705225,-0.852850,0.999986,-0.185034,-0.103236,0.360747,-0.937175,0.953938,0.076871,-0.476521,-0.458239,0.284807,0.331570,-0.018394,0.221902,-0.049680,-0.239083,0.600263,-0.211701,-0.422018,-0.401087,-0.246851,-0.071139,0.379788,-0.638472,0.644052,-0.493852,-0.048676,-0.694868,0.512773,-0.227288,-0.934920,0.575308,-0.294063,-0.371842,-0.547984,0.002616,0.705230,-0.095811,-0.255387,-0.298919,-0.480065,-0.008028,-0.497772,-0.579131,-0.361012,-0.500918,0.497633,-0.358131,-0.459280,-0.124381,-0.394943,0.563468,-0.815742,0.924190,0.885901,-0.855753,0.078927,-0.832773,-0.260543,0.764922,0.003213,0.159307,-0.257547,0.183370,0.387265,0.408005,-0.972399,-0.524667,-0.040259,0.037387,0.522357,-0.020221,0.109302,0.897917,0.162916,-0.420954,0.622162,1.502702,-0.135281,0.345843,0.063582,0.135568,0.087975,0.313569,-0.171709,0.456342,-0.423351,0.112952,0.036667,0.168059,0.259457,-0.437083,0.067809,0.314740,0.119985,-0.782355,-0.518592,-0.318086,-0.127048,0.229277,0.047322,0.425288,0.456933,0.080597,-0.093459,-0.135858,-0.470891,-0.033039,0.347810,-0.257202,0.140998,-0.283408,0.714175,0.350455,0.445402,-0.576853,0.264159,0.370451,-0.820371,0.013827,0.001776,-0.632219,0.688612,0.484056,0.260288,-0.087719,0.148137,0.385208,1.005540,0.252585,-0.148642,0.545495,-0.055866,-0.371510,-0.377613,-0.160630,-0.293181,-0.673896,-0.431097,-0.241787,0.555177,-0.730979,-1.070991,0.788587,0.778072,0.238495,-0.216637,-0.086744,0.601182,-0.287941,0.293603,1.036596,0.412290,-0.041608,-0.348144,-0.288228,-0.083305,-0.318161,-0.069406,0.212425,0.376953,0.450711,-0.317238,0.527317,-1.199650,0.451245,1.185350,-0.182351,-0.160963,0.706390,0.509553,0.648269,-0.068264,0.420082,-0.461964,-0.333125,-0.210143,0.202773,-0.780640,-0.411986,-0.321814,0.767515,0.279279,-0.358480,0.218400,1.484491,0.214105,-0.905237,0.580566,-0.600967,-0.364708,0.484611,0.212987,0.728069,-0.173119,-0.115754,-0.993085,0.369525,-0.041401,-0.458792,0.646512,1.473996,-0.225587,-0.600325,0.064262,0.787623,0.351997,-0.052187,-0.563670,0.875824,-0.265794,0.761649,-0.631976,-0.190124,-0.135713,0.266045,0.000846,-0.432365,-0.146671,0.178384,-0.868855,-0.251981,0.033822,-0.995523,-0.452292,0.357223,-0.455383,-0.371305,0.504818,-0.591236,-0.010352,-1.244166,0.457591,0.444394,-0.377139,-0.415809,-0.637704,0.102480,-0.156023,0.823490,-0.531832,0.416568,0.449624,-0.275646,-0.237381,-0.201019,-0.099502,-0.664942,-0.047030,0.347518,0.888109,-0.195742,-0.105414,-0.169503,-0.475860,0.473376,0.075121,-0.987515,-0.483254,0.056496,-0.106211,0.231159,-0.952436,0.833184,0.403956,-0.078263,0.236477,0.117924,-0.727815
-0.398468,0.107305,0.053610,-0.452339,0.319155,0.301663,0.376456,-0.484160,0.433299,-0.229492,0.389093,-0.346602,0.564679,0.051797,0.170403,0.525699,0.082048,-0.372288,0.595273,-0.244396,-0.498418,0.167501,-0.020203,0.427597,-0.413928,-0.063905,-0.308138,-0.412936,-0.620565,-0.850792,-0.186218,0.293000,-0.203843,-0.465534,-0.651848,0.095992,-0.572263,0.106309,0.034029,0.531437,-0.286332,0.182093,-0.374040,0.581254,-0.751724,-0.155387,0.407609,-0.457126,-0.208842,-0.177966,0.031268,-0.181807,1.038910,0.638208,-0.264106,1.115536,-0.338891,-0.188354,0.773610,-0.071398,-1.488528,0.344692,-0.383890,-0.150183,0.414547,0.008360,0.392886,-0.458893,-0.024019,0.227624,0.357914,0.128909,0.170204,-0.829390,0.585092,0.396454,0.007458,-0.405786,0.007326,0.092934,-0.144423,0.002974,1.349395,0.674801,-0.720567,-0.585031,0.532168,0.855119,-0.761485,0.797936,-0.718376,0.369236,1.006061,-0.374525,-0.313661,0.016159,0.744901,-0.261046,0.243196,0.247912,-0.121132,-1.014976,0.750229,0.838670,0.275155,-0.183281,0.648638,0.001137,-0.023407,-0.137212,0.257254,-0.971405,-0.765175,-0.275427,-0.724325,0.446053,-0.596741,-0.223072,0.104733,-0.221212,0.493291,0.014419,-0.034772,-0.013155,-0.085848,-0.460559,0.372454,-0.045076,-0.303240,0.334497,-0.075294,-0.538132,-0.158374,0.267849,-0.422131,-0.201118,-0.296702,-0.825214,0.053252,0.380502,-0.361589,-0.053189,-0.058775,-0.117450,-0.263905,-1.111092,0.492645,-0.074068,-0.448473,-0.861314,-0.365027,-0.247454,-0.128305,-0.259956,0.129834,-0.332372,0.486212,0.625046,-0.480955,-0.393697,-0.090773,0.079517,0.257700,0.007867,-0.306402,0.266102,-0.801259,0.181869,0.017593,0.210261,-0.862854,1.120994,-0.129403,-0.376486,-0.395080,-0.352918,-0.118727,-0.587899,0.520612,0.045072,-1.178495,-0.823591,0.396434,0.353361,0.734443,0.379428,-0.714302,0.302071,-0.840948,-0.594644,-0.354890,0.869966,0.211158,0.756931,0.218617,-0.417575,-0.136454,0.693313,0.170159,0.000361,0.382056,-0.181927,-0.338523,-0.260594,-1.047389,1.124498,-0.257320,0.864613,0.643740,0.147734,0.273149,0.158605,-0.107906,0.001731,-0.369670,-0.205259,-0.456048,-0.226661,-1.341148,0.634033,0.816732,0.224351,0.035448,-0.582416,0.690019,0.203114,0.464769,0.173007,-0.329384,-0.198423,-0.491087,0.171541,0.377636,0.237751,-0.610373,-0.223233,-0.688029,0.070812,-0.399891,0.706393,0.522274,-0.614710,-0.547047,0.293467,0.181201,-0.090620,0.328833,-0.860692,-0.696931,0.094743,-0.942304,0.370472,-0.251283,-0.680449,0.481653,0.160185,0.660988,-0.157977,-0.060124,0.248830,0.373011,-0.458475,0.368433,-0.074741,0.948606,-0.120456,0.714170,0.833587,-0.735491,-0.197472,-0.218560,-0.085938,0.549314,-0.413479,-0.367635,0.165926,0.004512,0.056134,0.048750,0.219502,0.371345,0.483997,-0.434938,-0.082847,0.231168,0.207491,0.195199,0.730275,0.340296,-0.469787,-0.278916,-0.266063,0.335576,0.080627,-0.682747,0.533204,0.764569,-0.158071,0.079077,-0.089671,0.644357,-0.347091,-0.236251,0.056263,-0.427786,0.100278,0.114837,-0.102798,-0.001356,-0.198119,0.009286,1.162743,-0.127784,0.360785,0.875293,0.413420,-0.255877,-0.088858,0.123895,0.657317,-0.360685,-0.228515,-0.649210,0.409233,0.514505,0.571926,0.196797,-0.449681,0.066524,0.238369,0.408589,-0.064913,0.385762,0.444625,0.216466,-0.346343,0.478454,-0.065038,-0.221965,-0.070106,-0.300104,-0.246881,-0.694957,-0.250024,-0.397731,0.226086,0.352293,0.822874,0.180423,0.260409,0.335421,0.254829,1.100658,-0.391626,0.648075,-0.318242,0.016592,-0.558572,0.382395,-1.069270,-0.296368,-0.171546,0.749224,-0.661894,0.075586,0.337971,-0.582437,0.027874,-0.714617,-0.038748,-0.319793,0.092127,-0.287123,-0.186505,-0.299376,1.153426,-0.759869,0.677933,-0.288066,0.273635,-0.260435,0.149584,-0.787313,0.013163
0.235763,0.210036,0.396204,-0.014075,-1.285896,-0.543429,0.427231,-0.032513,0.339143,-0.400165,-0.052088,0.309300,0.247655,0.401669,0.059540,-0.100181,0.028596,0.656274,0.560909,-0.395433,0.407323,-0.327613,-0.092595,-0.493836,-0.101560,-0.032800,-0.429964,-0.109136,-0.217869,0.561455,-0.255034,0.059067,0.041398,-0.334785,0.837064,-0.244030,-0.212317,0.052241,0.610553,-0.242950,-0.080027,-0.369888,0.099769,0.318202,-1.177230,-0.106149,-0.547930,0.105471,0.394760,0.101643,0.772719,0.023243,-0.312106,0.532985,0.425719,0.761265,0.102353,0.626787,-0.151588,-0.018767,-0.689794,0.066535,-1.089666,-0.024790,-0.146261,-0.178826,0.191786,-0.099304,-0.732546,0.513719,0.175759,-0.918373,0.465270,0.002626,-0.199894,0.283354,0.472802,-0.603737,0.379331,-0.126397,0.034564,-0.094335,-0.244849,-0.261550,-0.054375,-0.580714,0.198614,1.007692,-0.178988,0.023119,0.141056,0.827996,0.340780,-0.665360,0.318444,-0.599554,-0.324855,0.125799,-0.377279,0.179735,-0.111852,-0.592714,-0.184968,-0.445687,0.676282,1.180831,0.925335,0.113359,-0.130725,-0.024416,-0.044688,0.300118,0.613939,-0.424345,0.184961,-0.416722,0.441427,0.177239,0.601790,0.092655,0.328486,0.115845,-0.156654,-0.429867,0.141068,0.417365,0.173348,-0.280360,0.536001,-0.320690,0.080068,-0.688044,-0.362194,-0.526998,-0.504564,-0.344730,0.540427,0.283312,0.164255,0.102545,-0.468437,0.317992,-0.000288,-0.425954,0.215927,-0.735197,-0.146803,0.985367,0.277563,0.696248,-0.120925,0.822256,0.187347,0.032524,-0.131436,-0.346459,-0.129000,-0.052071,-0.095043,-0.145160,1.049233,-0.094633,-0.181572,0.250306,0.302548,-0.295847,-0.264023,-0.674173,0.053676,-0.031755,0.286191,-0.021662,0.326810,0.374123,-0.632507,-0.994974,0.009009,-1.228979,-0.499854,0.091850,0.341591,0.465839,-1.267223,-0.371607,-0.371753,-0.235381,-0.649713,-1.388555,-0.555653,0.179215,-0.029644,-0.325471,0.437233,0.724955,0.099342,-1.122342,-0.483322,0.205490,0.001419,0.667536,-0.484911,-0.612541,0.274651,0.292751,-0.094032,0.850792,-0.297324,-0.723958,-0.091206,0.234744,-0.304146,-0.134346,0.594868,-0.043176,0.469036,-0.432526,0.407196,0.280454,-0.034344,0.215246,0.388581,-0.367894,0.259019,-0.593862,-0.686080,-0.182419,0.282873,-0.307466,-0.626360,-0.810732,-0.074991,0.333386,0.381355,-0.588882,-0.322785,-1.242042,0.340950,0.249017,0.155754,-0.394160,0.027715,0.280113,-0.080343,-0.013059,-0.506003,1.189942,0.377004,0.183143,-0.700666,0.015833,0.281343,0.281861,-0.060377,-0.621016,-0.457840,0.396941,-0.053892,0.093136,0.146754,0.628155,0.569537,0.530451,0.831444,-0.969047,1.099743,-1.067277,-0.298613,0.106016,0.232751,-0.631369,0.337603,-0.136515,-0.498940,0.685000,-0.429555,-0.068701,-0.023968,-0.086553,-0.317820,-0.551969,-0.133796,-0.508840,-0.247588,0.379598,0.595832,0.509103,0.663095,-0.247738,-0.421659,-0.564765,0.117078,-0.146775,0.885018,0.210225,0.588296,-0.229244,-0.125904,-0.508984,-0.326755,-0.514782,0.053532,-0.665432,-0.336756,-0.128650,-0.642708,0.903271,0.321949,-0.201825,0.505581,-0.379062,0.292279,-0.076580,-0.002727,0.742127,0.754663,-0.582142,1.187393,1.135909,0.727161,0.237979,0.064958,-0.532831,0.107307,-0.341456,-0.466393,0.104875,0.110256,0.281096,-0.270205,0.726911,-0.758346,-0.229806,-0.223479,-0.595650,-0.206109,-0.272342,-0.171065,1.006520,-0.488374,-0.569119,0.304628,-0.556629,-0.510462,0.451803,0.718881,1.088337,0.486456,-0.470320,-0.582346,0.878364,-0.861669,-0.151226,-0.317823,0.188948,-0.542135,-0.524886,-0.182704,-0.121619,-0.349033,0.891978,0.739769,-0.183950,0.210295,0.597783,-0.100789,0.778628,1.101610,0.016622,0.797266,0.336605,-0.119518,-0.014740,-0.110403,0.465977,-0.207288,-0.371381,-0.051256,0.756278,0.584591,0.584640,0.286836,0.070181,0.975305,-0.577658
-0.716976,-0.837008,-0.356876,0.116578,0.145342,-0.106089,-0.207349,-0.393336,0.170332,-0.014949,0.377063,0.445906,0.145210,0.178060,0.393254,-0.558111,-0.248749,0.275473,-0.115798,-0.015291,-0.359339,-0.247381,-0.060139,-0.419913,-0.279471,0.104202,0.237433,0.008802,-0.225985,-0.322084,-0.673670,-0.830285,0.526150,-0.059542,-0.413492,0.232450,0.104714,0.428761,-0.446443,-0.140463,-0.045214,-0.132423,-0.227710,-0.371627,-0.482317,0.097705,-0.775364,-0.219535,0.079923,-0.357049,0.289267,0.494597,-0.182556,-0.090606,-0.579888,-0.023257,-0.182924,-1.074490,-0.154464,-0.033049,1.365405,-0.464615,-0.019294,0.199856,-0.446241,0.426258,0.167702,0.460436,0.304704,-0.359765,-0.066415,-0.332971,-0.149518,-0.463749,0.480189,-0.760393,-0.883193,0.509803,-0.415482,-0.606829,0.387528,-0.619131,0.185688,0.076290,-0.783753,0.389291,-0.693485,0.217528,1.543349,0.443821,-0.411583,0.604316,0.577807,-0.561081,-0.192440,-0.668243,0.088048,-0.361408,0.262414,-0.166260,-0.017486,0.151247,-0.711491,-0.290687,-0.172115,-0.466945,-0.491598,-0.296864,0.063447,-0.094628,0.000114,0.732372,-0.015578,-0.126414,-0.405545,0.424502,-0.395945,0.663929,-0.221118,-0.055209,0.128365,1.536612,-0.983901,0.677707,-0.007122,-0.694266,-0.528237,-0.363104,-0.761267,0.252284,0.098099,0.293033,-0.058807,0.916377,-0.246830,-0.243009,0.530626,0.005468,-0.293079,0.001647,0.852145,-0.445493,0.090105,-0.446781,0.417141,0.478172,-0.469015,-0.509429,0.635211,-0.599840,0.107181,0.873042,-0.185779,-0.290038,-0.813712,0.365342,-0.479059,-0.433397,-0.139810,0.432628,0.612115,-0.131403,0.223261,0.960988,0.153521,-0.433475,0.272602,0.272224,-0.159089,-0.097021,-0.480218,-0.248349,-0.127266,-0.092482,-0.598726,-0.296450,1.267631,-0.431016,-0.222951,-0.125831,-0.407236,0.006650,-0.229290,-0.432876,0.297241,-0.394576,0.404053,0.433279,0.183931,-0.697544,-0.759800,1.115717,-0.225545,-0.399099,-0.358848,0.168336,0.257188,-0.032542,0.376266,-0.192277,0.287272,-0.554102,-0.411746,0.227152,0.125361,0.137317,-0.178549,-0.439064,0.610591,0.588740,-0.180010,0.764122,-0.673583,-0.286251,-0.029361,0.424769,-0.256441,-0.259475,-0.078585,0.260171,1.461524,-0.323764,0.149636,0.015898,0.043318,-0.345215,0.401938,0.101216,0.606564,1.056147,-0.326585,0.721856,-0.769212,-0.662086,0.418361,0.061072,-0.050515,0.127502,0.017295,0.164237,0.028468,-1.232527,0.940160,-0.117344,-0.455550,-0.142485,0.079005,-0.188577,0.048697,-1.563678,-0.015706,0.400904,-0.023759,-0.429629,-0.062253,0.551109,0.136889,0.039675,0.365255,0.428787,-0.028300,-0.087134,0.374593,0.146967,0.472505,-0.479473,0.957785,0.246102,0.524259,-0.283789,-0.824127,-0.753284,-0.271407,0.050684,0.412412,0.743547,-0.137066,0.235601,0.122162,-1.046519,-0.359044,-0.077977,-0.305431,0.989606,0.011902,0.048848,0.000852,-0.448302,-0.332875,-0.203258,-0.180939,-0.382142,-0.810930,0.177083,-0.732187,-0.233455,0.046183,-0.083871,0.095767,0.208853,0.174734,-0.439237,-0.756263,-0.074327,0.817820,0.052321,0.316560,0.447436,-0.140433,-0.704360,-0.227803,0.886131,0.452569,0.003751,0.066749,0.706338,-0.103139,-1.092781,-0.864535,0.088471,0.533601,-0.159484,0.135256,0.502468,0.069487,0.465242,-0.553611,-0.800620,0.397686,0.136524,0.278936,0.441711,0.287843,-0.691775,0.195980,-0.058228,0.462829,0.126396,0.202972,-0.168280,-0.864981,0.878117,0.354765,0.016692,0.060076,-0.022525,0.333970,-0.277163,0.120418,0.298484,-0.017612,0.675415,0.425871,0.117068,-0.222175,-0.379586,0.219422,-0.382832,-0.265189,-0.565519,0.225939,0.951410,0.035656,-0.238243,-0.122951,-0.732331,0.167248,-0.004291,-0.388916,-0.141917,-0.028160,0.129462,-0.360262,1.173648,-0.200953,0.600828,0.214420,-0.255918,0.870887,-0.583323,-0.374391,-0.597376,0.019924,0.264504
