0.136211,1.033616,1.765272,2.556182,0.469897,-0.468313,0.048346,-0.469916,0.047631,-1.588298,-1.626596,-1.398083,-0.579679,0.459826,2.066356,2.102836,1.205150,0.537969,-0.048446,-0.331878,0.613726,0.082826,0.038977,-1.627335,-2.325133,-1.642605,0.847863,1.628287,1.378762,1.441689,-0.293582,-0.230513,-0.007124,0.126414,-0.736721,-1.124997,-1.575839,-1.961914,-0.658750,1.623548,1.719793,1.746993,0.259248,-0.031197,-0.908327,0.011658,0.591889,-0.348990,-1.915707,-3.147658,-1.801309,-0.550767,0.968991,1.946627,1.241577,0.190783,0.357391,-1.036739,0.094066,0.372717,-0.374353,-1.870736,-2.240328,-0.320538,0.936053,1.388988,2.561426,2.236953,0.221687,0.724013,-0.213907,-0.587681,-0.087910,-1.169713,-1.938621,-1.604639,-0.305092,0.576400,1.765905,2.137835,1.498648,-0.117161,-0.033145,0.072032,0.047597,-0.991314,-1.150535,-2.319246,-1.472385,-0.304568,1.118324,2.185250,2.329280,0.633653,0.197941,0.352657,-0.975511,0.001180,-0.383571,-1.796687,-2.184632,-2.100822,-0.391441,0.986325,2.861884,1.122142,0.361569,-0.029021,0.063981,1.186448,1.138284,-0.278247,-1.641100,-2.540181,-1.296430,-0.290622,1.897195,1.176188,1.574452,0.147829,0.228886,-0.346169,0.476469,0.992824,-1.087460,-2.253708,-1.604285,-0.623653,1.024792,1.324853,2.321413,1.750158,-0.549776,-0.579326,0.430295,0.234344,0.401366,-0.524711,-2.498682,-1.690890,-0.610499,1.234879,2.651206,1.806353,1.098328,0.085700,0.273691,0.167302,-0.153784,-0.409731,-1.472309,-2.424286,-1.571413,-0.869279,1.954625,1.734229,1.556253,1.232733,-0.703586,-0.476042,-0.386716,-0.092952,-0.797892,-1.929450,-1.330234,-2.122908,-0.047344,1.538920,2.578988,1.470972,1.220349,-0.929302,-0.479403,1.033541,-0.475446,-0.526705,-1.576096,-2.328206,-1.638772,0.235120,2.209849,2.719066,0.533664,-0.339446,-0.184831,0.752211,0.856613,-0.740547,-0.701616,-2.160384,-1.894864,-0.170457,1.077510,1.044488,2.867260,1.940397,-1.131041,0.470426,-0.061577,-0.826458,-0.813188,-1.347454,-1.610290,-2.418173,-0.829560,1.217951,1.835060,2.774850,0.416166,0.027303,-0.289536,0.452276,0.747975,-0.125701,-2.218626,-2.518030,-1.610088,-0.556038,1.855913,2.248155,2.955461,0.512710,-0.887762,0.149077,-0.007059,0.413659,0.220352,-1.050089,-2.111304,-0.765411,0.455200,1.382416,1.752065,1.176474,0.600851,0.056176,-0.162057,1.058585,-0.525509,-0.963710,-2.091814,-2.113199,-0.994285,0.352326,1.321465,1.663603,1.958723,-0.211027,-0.225194,0.639060,0.548205,-0.084181,-1.377631,-2.789970,-2.595284,-0.071316,1.177298,2.591436,2.421534,1.235731,0.363667,-0.672905,0.205643,-0.262732,-0.749773,-1.581043,-2.088842,-2.797690,-0.425889,1.289343,1.361105,2.475663,0.416317,0.199543,-0.241576,-0.486859,0.024650,-0.895227,-2.139493,-1.918284,-1.450075,0.831742,2.045783,1.692314,1.249189,0.686933,-0.209283,0.865226,0.650465,-0.367715,-1.179794,-2.393905,-1.768122,-1.568424,0.991945,1.607160,2.621706,1.545685,0.618313,-0.446634,-0.422081,0.361332,0.746544,-1.763919,-1.584832,-2.163127,-0.961875,1.019038,1.196141,2.845501,0.138734,0.674602,0.548476,-0.226733,0.075183,-1.285288,-1.753865,-1.596594,-1.554976,0.346436,1.925191,2.691128,1.614640,0.324360,-0.721616,0.480024,0.472572,0.325591,-1.254347,-1.681166,-2.633504,-2.149887,0.898214,1.380194,2.608692,1.915428,0.664999,0.290799,-0.576423,0.329925,0.161691,-1.090690,-1.647198,-1.476272,-0.863337,0.805477,1.583634,2.182068,0.617000,-0.114154,0.480019,0.565572,-0.142940,-0.907070,-0.335794,-2.718541,-2.122739,0.229012,1.215798,2.305376,2.188674,0.379642,0.010342,-0.283405,-0.582495,-0.050081,-0.355472,-0.854057,-1.297614,-2.559777,0.130768,0.265187,2.710285,2.156537,1.522416,-0.200717,-0.182805,0.233527,-0.470171,0.065368,-2.471377,-1.973333,-1.976391,0.026473
-0.399567,1.199530,1.273564,1.231743,0.545065,-0.942971,0.246638,-0.013218,0.037453,-1.088853,-1.216715,-1.899678,-0.572819,0.478003,1.853146,2.688919,1.625284,1.165341,0.267379,0.735121,-0.078862,-0.585729,-1.994893,-2.469975,-2.080543,-0.660842,0.841560,2.809176,2.079377,1.272680,0.578853,0.672410,-0.083161,0.040547,-0.153750,-1.332620,-2.320715,-1.103543,-0.472157,0.780732,1.811330,2.797427,1.220751,0.174287,-0.263264,0.942900,0.154710,-0.337001,-0.883420,-2.798984,-1.544878,0.119094,1.452974,1.940544,1.919189,0.275114,-0.409181,0.370059,-0.432078,-0.201697,-0.510012,-2.086945,-2.382200,-0.966590,-1.340490,0.875207,1.772731,1.920071,0.642152,-1.274651,-0.436778,-0.261533,-0.708324,-1.672276,-1.887331,-3.072859,-2.374581,1.134292,1.806061,2.352206,1.438855,-0.000423,0.214916,-0.244363,0.222828,-0.749903,-0.509020,-1.694407,-2.043893,-0.894948,1.656694,2.157967,2.018390,1.203970,0.047351,-1.072028,1.248469,0.062685,-0.103345,-1.114739,-1.659323,-1.573736,0.403634,1.262666,1.604614,2.349389,-0.081970,0.921105,-0.410779,0.300621,0.122118,-0.648639,-1.658055,-2.285468,-1.856089,0.452054,0.858768,1.164992,1.094267,0.447112,-0.477700,-0.571665,-0.500280,0.078654,-0.413146,-2.303821,-2.550036,-1.638741,0.896773,1.812898,2.034987,1.282717,0.779708,0.182662,0.996727,0.453354,-0.434505,-1.183102,-1.393172,-3.040949,-0.850441,0.979020,2.250458,1.761933,0.156799,0.418003,-0.295744,0.351728,0.445820,-0.597808,-1.421860,-1.978426,-1.385983,-0.750716,1.234540,1.749571,2.044555,0.564536,0.036363,-0.543365,0.137403,0.968341,0.160484,-1.263379,-2.259936,-1.567731,0.203261,1.590173,2.024236,2.046069,-0.388329,0.021133,0.716017,0.111655,0.492994,-1.331325,-1.480878,-2.441055,-0.471377,-0.259132,2.345640,1.933245,1.067015,0.648830,0.274525,-1.087739,0.843716,0.614594,-2.224757,-1.979118,-1.705566,-1.572216,1.709243,1.319406,1.275560,1.062890,0.930785,0.378518,0.049008,0.492849,-0.783178,-0.836179,-2.834615,-1.867942,0.213769,1.773940,2.034036,1.375927,1.345458,0.160209,0.588161,-0.083734,0.644898,-0.492404,-1.832654,-2.247525,-1.647334,0.212383,2.000917,2.298075,1.379306,1.203549,0.724012,-0.331577,-0.131400,-0.516217,0.001439,-1.779869,-1.636894,-0.966260,0.731867,2.150745,2.231076,2.121415,0.255222,-0.090200,0.637274,-0.714879,0.336825,-0.965964,-2.256732,-1.764780,-0.842671,1.105236,2.031647,2.789407,1.171214,0.565798,-0.169143,0.000141,0.306547,-0.531966,-1.924247,-2.012875,-2.049030,-0.973789,1.139684,1.877250,1.802119,1.063310,1.112029,-0.450848,0.628677,0.381614,-0.596019,-1.671344,-1.777478,-1.791552,-0.678988,1.450617,2.211242,1.586660,1.939249,-0.206299,0.186125,-0.294230,-0.238436,-1.430346,-1.575809,-2.582929,-1.311482,-0.075434,1.015395,2.089563,2.393860,0.935214,0.180510,-0.842917,0.620891,0.181040,-1.409946,-1.458765,-1.010085,-1.322161,0.613403,1.935424,1.723058,1.825058,0.093722,-0.136649,0.798383,-0.904888,-0.922993,-1.326495,-1.925032,-2.462553,-0.371204,0.974251,2.847897,2.172816,1.225328,0.847302,-0.033490,-0.281045,0.256087,-0.111984,-2.117341,-1.748748,-1.651913,-1.296694,1.343879,2.155840,2.710979,0.926532,-0.735051,-0.575225,-0.000893,-0.293756,-1.111379,-2.035114,-1.512390,-0.902777,-0.404656,2.260650,1.888465,1.577303,0.945543,-0.228889,-0.819144,0.595734,0.500101,-1.049123,-1.596569,-2.483075,-1.645791,0.502228,0.915019,1.929664,1.072437,0.969240,-0.189324,-0.129843,-0.473128,0.479754,-0.727372,-2.477375,-1.422284,-1.406181,0.946194,2.621831,2.116555,1.604615,0.329162,0.435854,-0.220836,-0.381022,0.351024,-0.898310,-1.636274,-1.252049,-1.142128,0.754844,1.637030,2.184928,1.054964,-0.063000,0.289411,0.208694,0.865266,-0.419765,-1.357053,-2.345303,-1.101642,-0.912609
-0.230126,1.276624,2.324093,1.689456,1.226105,-0.112267,0.694620,-0.825481,-0.331389,-0.746621,-2.349230,-2.552322,-1.315458,-0.687757,2.580769,2.504196,0.640794,0.395550,-0.645553,0.234648,-0.155097,-0.658708,-0.254254,-1.557868,-2.034502,-0.725005,0.764868,1.577919,1.827399,0.218597,0.011637,-0.159489,0.425399,-0.406902,-0.657042,-2.112334,-2.340957,-1.248211,-0.072136,0.744857,1.824992,1.645202,0.367727,0.471173,0.149839,0.820082,0.301027,-0.859068,-0.864620,-2.430760,-2.410192,-0.913625,1.827371,2.797020,2.317127,0.690135,0.441697,-0.035496,-0.254614,-0.162999,-1.237043,-1.833252,-2.718628,-1.460527,0.534907,1.986307,2.408247,2.116132,0.369038,0.009214,-0.556986,0.727391,0.112691,-1.605580,-1.995631,-2.104584,-2.309707,0.536695,2.328727,1.540021,1.141820,0.743287,0.006877,0.477025,-0.071503,-0.929980,-1.846582,-1.730596,-1.160098,-0.695692,0.481402,3.185942,1.813319,0.456708,-0.332053,-0.563534,-0.136337,-0.042458,-0.989311,-0.842377,-2.076297,-1.948973,-0.203762,1.120448,2.475664,1.913454,1.711808,0.273771,-0.587388,-0.190394,-0.264514,-1.821746,-1.911440,-1.882881,-1.525089,0.544294,1.840540,1.824563,1.073966,-0.101706,-0.280415,0.179015,-0.304956,-0.966566,-0.913897,-1.214131,-1.632634,-1.398238,0.683964,1.868427,1.968960,1.377139,-0.069149,-1.097935,-0.269576,-0.033655,-1.112091,-1.423716,-1.671578,-3.010433,-0.942416,1.586701,0.826108,2.510356,1.000126,1.079294,0.105874,0.848657,0.462167,-0.296602,-1.323711,-1.731466,-2.594516,-0.857364,1.237632,2.484481,2.422848,1.378974,0.005194,-0.217920,0.145051,-1.109946,-0.425022,-1.674967,-1.808229,-0.853781,-0.343950,2.386352,1.600011,1.126738,0.561625,-0.184603,0.590976,-0.011808,-0.454552,-1.377951,-2.278422,-2.102056,-0.564626,0.650755,0.989577,1.548401,1.500801,-0.027705,-0.321516,0.135201,0.560581,0.188983,-1.655315,-2.695569,-1.790542,0.075211,0.600761,1.902606,1.996626,0.933147,-0.138631,-0.458298,-0.667809,0.458874,-0.107743,-1.539261,-1.818850,-1.119088,-0.851150,1.774726,2.043637,1.905233,0.810390,0.478875,-0.188085,0.091371,1.085998,-2.158822,-0.521865,-2.438778,-2.571131,0.006374,2.109146,2.659643,1.783433,1.576884,-0.120381,-0.459993,-0.150746,0.792033,-1.120328,-1.989381,-1.767098,-1.418683,-0.134093,2.538196,2.238449,1.824601,0.824974,-0.065852,0.270507,0.419217,-0.323811,-1.480313,-2.824616,-2.724793,-0.837637,0.281441,2.157566,1.153289,1.167076,0.977857,-0.115292,0.593825,0.156360,0.191366,-0.794408,-2.389556,-2.149908,0.308468,1.002473,1.781626,2.291856,0.978694,-0.213413,0.157903,0.192662,-0.066858,-0.715566,-1.197465,-1.601362,-1.325039,-0.677008,2.314861,1.966716,1.639901,0.526653,-0.131933,-0.015523,-0.060737,0.188493,-0.964401,-2.070886,-2.338922,-1.576350,0.341748,1.556487,2.641287,1.591198,0.322662,-0.401900,0.135328,0.114783,-0.236699,-1.605992,-1.885306,-1.926645,-0.796912,1.362772,2.334833,2.426853,0.215747,-0.152079,0.580332,0.385433,-0.218332,-0.057060,-1.261974,-1.891181,-2.009079,-0.681063,0.540346,2.333776,0.772406,1.138423,-0.223704,0.428433,0.537859,-0.215682,-0.831189,-2.513143,-2.081061,-1.062480,0.436592,1.015656,1.677400,2.560858,0.722065,0.479175,0.443033,-0.779391,0.118096,-1.165230,-2.310803,-1.804222,-2.031141,0.146897,0.774025,1.515240,2.598081,1.006473,-0.011861,-0.209139,0.624256,0.132189,-1.140977,-1.976108,-1.899184,-1.293655,-0.421305,2.060435,2.267378,2.000697,0.405029,0.473032,0.322455,0.648035,-0.602950,-0.828828,-2.457667,-2.675183,-0.310202,1.223309,2.247046,2.343668,1.243535,-0.464993,0.677229,0.650775,0.196246,-1.597124,-2.100209,-2.591950,-1.284536,-1.269038,1.060831,2.220381,1.750779,0.807067,-0.475216,-0.757139,0.425391,-0.452504,-1.717813,-0.999557,-2.155636,-1.726794,0.112766
0.460437,1.779174,2.395875,2.287419,0.849164,0.198627,-0.071996,0.115303,0.087676,-0.694654,-1.680281,-2.120098,-1.585960,0.369135,1.572823,2.600046,1.627897,0.683362,-0.472514,0.881284,0.590758,0.162146,-1.285330,-2.798604,-1.700223,-0.646960,1.129586,2.633612,2.174359,1.634353,-0.442396,0.052909,0.039041,0.250859,-0.097323,-1.152370,-1.166990,-3.070669,-0.381988,1.602111,2.637434,1.751603,-0.529205,-1.240589,-0.213317,-0.634149,0.430506,-0.485450,-1.093711,-2.253943,-1.792076,-0.035569,1.336646,1.772583,1.671767,0.479953,0.171751,0.059456,0.233172,-0.033288,-1.271648,-2.487736,-1.954178,-0.887959,0.188692,2.095259,2.451507,0.618324,0.171423,-0.741992,-0.343681,-0.386858,-1.193920,-1.836105,-2.168616,-1.683076,-0.308593,1.548567,2.198062,1.874261,1.157809,0.514302,-1.059958,1.527240,-0.181312,-0.794718,-1.307605,-2.666722,-1.701143,-0.355056,1.022933,2.607425,1.895427,1.447365,0.059542,-0.920463,-0.043625,0.902096,-1.344864,-2.215729,-2.693534,-0.810590,-0.509396,2.040570,2.151157,1.888280,0.573640,-0.270402,0.124365,0.454897,0.088615,-0.312477,-1.832478,-2.821569,-1.318649,-0.451219,1.982743,1.933558,2.115606,-0.200363,-0.921845,-0.529771,-0.092182,-0.063687,-0.716741,-2.510996,-1.431933,-1.444415,-0.085545,1.508074,1.256494,1.522776,0.452952,0.297897,0.304766,0.673705,0.312911,-1.433667,-1.722082,-2.147889,-0.255272,1.682877,2.446916,2.527671,0.909840,0.391370,-0.252839,-0.089923,-0.150609,-0.844904,-1.544201,-2.105850,-2.226198,0.369013,1.805306,2.478589,2.051361,1.236786,0.099869,0.019298,0.009195,0.470337,-1.494047,-1.682960,-2.299177,-2.123445,-0.150021,2.184787,2.135057,1.684146,-0.150683,-0.701976,0.070576,0.026358,-0.611792,-0.426123,-2.574092,-1.854334,-0.639289,1.200475,1.644010,2.649156,0.842445,-0.027303,-0.809249,1.250947,0.480509,-0.642607,-0.862270,-2.232184,-1.886542,-1.078923,0.191584,1.712782,1.868684,1.482475,-0.084350,-0.383084,-0.228179,0.387576,0.387372,-2.082922,-2.179529,-2.267725,0.286360,1.205573,1.692324,1.314694,1.128716,0.124231,-0.268821,0.119385,0.251820,-0.845372,-1.122991,-2.362454,-1.826501,-0.016202,1.346762,2.360455,2.342628,0.501364,-0.173870,-0.196319,-0.146525,0.527583,-0.718084,-2.065367,-2.186255,-1.173114,0.253757,1.938332,2.011247,0.433940,1.198218,-0.043779,0.464079,-0.145099,-0.617899,-0.563773,-1.127250,-1.023827,-0.547067,0.652421,2.574898,2.128692,1.147191,0.318467,-0.155204,0.830214,0.625952,-1.057447,-1.557335,-2.687906,-2.112564,-0.852696,1.670669,2.375108,1.190432,1.584947,-0.279101,-0.535184,0.494354,0.229771,-0.735399,-2.222818,-2.765608,-2.535479,-0.753478,1.474611,2.100605,2.126049,0.199432,0.350054,-0.507384,-0.539857,0.405109,-0.042469,-1.257016,-2.410471,-1.762266,0.616673,3.057584,2.452574,1.922548,-0.027820,-0.483554,-0.595951,0.999500,-0.124583,-1.475802,-2.140097,-1.642294,-1.387311,1.063381,1.819496,2.296797,0.560141,-0.188818,-0.786860,-0.564191,-0.051308,-0.911828,-0.946318,-1.870642,-2.669482,-0.777883,0.708419,1.964682,2.220696,1.431350,0.728221,0.233973,-0.168757,-0.399258,-0.574045,-2.057483,-2.496800,-1.321160,0.075154,1.096377,2.532101,1.737095,0.348097,-0.198760,0.555105,-0.252094,-0.142419,-0.361901,-2.031437,-2.246640,-1.118094,-0.194567,1.333442,2.072834,1.927112,0.290610,-0.534028,0.378825,1.088372,-0.189379,-0.736075,-2.056363,-2.020688,-1.606197,0.585012,1.248358,2.248506,1.264614,0.200195,0.108338,-0.762565,0.320157,0.136599,-1.428780,-2.600779,-2.207124,-0.623505,1.093858,2.415489,1.402316,1.616990,0.090927,-0.317943,-0.152098,0.715638,0.289113,-2.334894,-3.084753,-1.452079,-0.904391,1.591103,1.490710,3.501758,1.001848,0.638473,0.580064,-0.743609,0.211535,-0.565111,-1.614643,-2.377769,-2.426862,0.713363
0.525740,1.958113,2.310173,1.883308,1.594367,-0.317542,0.405721,0.443728,-0.292710,-0.203651,-1.570198,-2.027429,-1.196718,0.364062,2.410593,1.649713,1.384239,-0.471223,-0.427804,0.146182,-0.496387,-0.395356,-1.343959,-2.716941,-2.066555,-0.786700,0.688938,0.931662,1.948469,1.109930,0.937873,-0.472202,-0.303487,0.590183,0.328020,-0.743902,-2.519379,-2.056949,0.293235,0.808767,2.237152,1.562367,0.901464,-0.130712,-0.057719,0.005951,-0.185426,-0.484208,-1.899560,-2.250659,-2.121881,0.758139,1.385928,2.539505,0.918344,1.349205,-0.644401,-0.586238,-0.035324,0.080989,-0.776913,-1.572803,-2.379219,-1.314876,0.005868,2.352665,2.278166,1.414029,0.684015,0.050020,0.122452,0.113288,0.096141,-0.470739,-1.580695,-2.301611,-1.311564,0.969308,3.189778,2.135581,0.798292,0.077850,-0.328850,0.246961,-0.007701,-0.061198,-0.210958,-2.560829,-2.405742,-0.094069,0.695893,2.051541,2.350704,1.080000,0.915851,-0.710814,-0.453011,1.067407,-0.694230,-2.104123,-1.963164,-0.733394,-0.676815,0.120887,2.572306,2.544770,0.810315,-0.065256,0.720780,-0.505871,0.280262,-1.402376,-1.192586,-1.544285,-1.571713,-0.275730,1.452825,2.741663,0.991762,0.590543,-0.878940,0.096193,-0.803779,-0.521269,-1.140700,-2.117184,-2.259314,-1.096731,0.016141,1.996734,2.390290,1.656352,0.485686,0.661464,0.610962,0.063040,0.171811,-0.973317,-2.428559,-1.974236,-0.572603,0.587905,1.085606,2.015467,0.860824,-0.186502,-0.075758,0.034870,0.377816,0.903364,-1.579969,-2.175515,-1.511801,-0.785853,1.588272,2.022516,2.647772,1.722043,0.059406,0.755746,0.361675,0.203558,-1.219895,-1.851243,-0.872257,-1.013083,0.945336,1.521989,1.356412,2.055015,0.413830,-1.142272,0.060086,0.757179,-0.038447,-1.371399,-2.161029,-2.880848,-1.102432,-0.085470,0.940658,3.050978,0.952611,0.834308,0.332723,0.933228,-0.096820,-0.058447,-1.335482,-2.998445,-2.104242,-1.017165,0.961373,2.245185,0.941635,0.453169,0.774598,0.164599,-0.035301,0.220059,-0.374897,-2.229431,-0.829487,-2.191521,-0.832543,1.546816,2.393101,2.815264,1.151917,-0.017856,0.010930,0.018449,-1.208070,-1.059408,-2.147253,-1.798453,-1.556003,0.195163,0.978639,1.513289,2.269251,0.868215,-0.318290,0.025171,0.104276,-0.194539,-0.691651,-2.459628,-1.667084,-1.942197,0.363470,1.246667,2.684761,2.052409,1.102242,-0.335439,-0.414597,-0.723938,0.003107,-1.561053,-2.757567,-1.673841,-0.965451,0.678648,2.003342,2.430388,1.568301,0.806325,0.422100,0.079153,1.449722,-0.174253,-1.624056,-1.964779,-2.670343,-0.767360,0.650063,2.873754,2.122457,0.399314,-1.071544,0.167674,0.294244,0.546106,0.006324,-2.729693,-2.826530,-1.304585,0.119809,1.644929,2.597653,2.218772,0.456692,-0.477469,-0.456000,-0.209755,-0.514183,-1.093501,-0.619421,-2.739996,-0.806246,0.774022,1.693722,2.378643,1.703659,1.555608,-0.693599,-0.090774,0.212996,-0.405378,-0.505156,-2.017573,-2.586322,-1.844957,0.640105,2.678328,1.322646,0.729776,0.844351,-0.651240,-0.183364,0.016063,0.619412,-1.273375,-2.157629,-1.850019,-0.283735,2.371050,1.331537,1.967693,0.760904,0.719449,0.660733,-0.254545,0.550642,-0.321389,-0.212852,-2.477994,-2.626214,-0.347525,0.949266,1.844705,2.043222,0.637657,0.221609,-0.246273,-0.245424,-0.651432,-0.694152,-2.541724,-1.935088,-2.123846,0.120626,1.755859,2.144246,1.921023,0.184165,0.657444,-0.276162,0.041082,0.174404,-0.818723,-1.739635,-2.294037,-0.118967,-0.395269,1.089673,2.949913,1.691120,1.310038,-0.268208,0.974537,0.470018,-0.070161,-0.169597,-1.943877,-1.801519,-0.417317,1.706378,1.958025,2.021668,0.854127,0.248222,-0.050760,0.142257,0.364770,-0.755429,-1.391245,-2.326965,-1.595496,-0.072617,0.812322,1.839714,1.573523,1.153912,0.255877,0.331610,0.517750,-0.216539,-0.606411,-1.771852,-2.259837,-1.495334,-0.775452
-0.057770,1.571776,2.367036,1.566491,-0.076165,-0.557432,-0.701556,0.720957,0.005000,-1.126920,-2.625920,-1.344195,-1.169121,0.676304,1.565150,2.293694,1.929021,-0.446747,-0.117719,0.782637,-0.089680,-1.153114,-0.095754,-1.645192,-2.515880,-0.150515,0.582804,2.097353,2.799801,1.655017,0.528924,-0.392703,0.140662,0.410631,-0.922909,-2.562287,-2.238173,-2.112533,-0.161178,1.092246,2.753348,2.191585,1.243108,0.190157,-0.662692,0.272812,-0.853583,-0.664135,0.120390,-1.673734,-2.036819,-0.021112,1.662495,2.833163,1.191912,0.588329,0.056601,0.011752,0.217097,0.243460,-0.284595,-1.039668,-2.491654,-1.182021,0.695493,1.587925,2.248423,1.364617,-0.099061,0.090453,0.033258,-0.531729,-0.267024,-1.745949,-2.317873,-2.446061,-0.361492,0.949704,2.498516,1.140737,1.547965,0.643396,0.214945,0.217495,-0.697067,-0.500902,-1.247257,-2.877489,-2.227401,-0.422266,1.027547,1.841610,2.689711,0.704450,-1.328824,-0.737080,-0.285421,-0.470154,0.058979,-1.697714,-2.096167,-2.570327,0.018230,1.230241,2.163271,1.766057,1.433334,-0.207186,0.434995,0.176302,0.192004,-0.754239,-1.937755,-2.409511,-1.431191,0.513945,1.673798,2.625305,1.217878,0.594350,0.759672,0.307315,-0.218231,0.300015,-1.279585,-1.610469,-2.187882,-0.599972,1.025746,1.520522,1.788775,2.154022,1.719128,-0.464589,-0.120364,-0.440766,-0.138166,-1.403181,-1.697769,-1.988798,-0.562332,1.005165,1.315586,1.894307,-0.147271,-0.081571,0.021239,0.506106,0.403101,-0.294454,-1.066397,-2.391443,-1.845090,0.984288,0.500544,1.009115,2.098403,1.079228,0.697543,-0.724812,0.339318,-0.322481,-0.725278,-1.968466,-3.100094,-1.250047,0.445151,1.693124,2.164492,1.653827,0.608865,0.166825,-0.446360,-0.357538,-1.243110,-1.676895,-2.185339,-1.840441,-2.033855,-0.001520,1.686200,2.633711,1.343120,0.153112,-0.150705,-0.522829,-0.429910,-0.754445,-1.922833,-2.010035,-1.070354,-1.390577,0.963194,2.771325,0.772540,0.928331,0.229747,-0.330942,0.286983,0.764935,-0.581387,-0.835117,-1.879283,-1.757264,-0.310467,1.152769,2.892679,1.704067,0.939056,-0.540989,0.057377,-0.201527,0.452073,-0.937939,-1.542012,-1.531729,-1.794955,0.886204,0.833725,1.817698,1.269973,0.260381,-0.638116,0.012151,0.266739,0.235039,-1.828151,-1.847431,-3.023550,-1.063908,0.215316,2.577326,2.054169,1.603672,1.548325,0.580287,-0.317594,0.455932,0.069514,-0.613929,-2.067538,-2.270549,-0.716681,1.351472,1.799085,2.099957,1.633694,-0.015483,-0.133528,1.008323,0.757620,-0.219350,-1.958035,-2.297409,-1.983172,-0.193589,1.755511,1.457455,1.146983,0.748132,-0.205468,0.061696,-0.114142,-0.008957,-0.890669,-0.790791,-1.833360,-2.026508,0.962720,1.443054,2.421776,2.049000,0.331151,0.304608,-0.142002,-0.152820,0.790559,-0.516601,-1.742202,-2.286042,-1.479778,0.920330,1.399895,3.044594,1.069762,0.545082,-0.118341,-0.426174,0.335468,-0.735842,-1.103163,-2.510250,-1.887178,-1.108849,1.418854,2.032397,1.495361,1.142771,0.489916,-0.977423,-0.301820,0.373512,-1.184312,-1.446307,-2.769217,-1.625197,-0.729705,0.795118,0.624937,2.031915,2.018003,-0.163716,0.135797,-0.037102,-0.127389,-0.282301,-1.361384,-2.327997,-1.228137,-0.808047,0.962015,1.873113,2.383458,2.137771,0.156469,-0.232101,-0.353202,-0.370200,-1.003064,-2.049522,-2.236585,-1.805439,0.601327,1.809868,2.631938,1.852914,0.761770,0.562695,0.659089,0.388733,0.263982,-1.042208,-2.493336,-2.169410,-1.711297,0.247219,1.845684,2.336290,1.518518,-0.598208,-0.611799,-0.164333,-0.017879,0.347072,-2.193972,-3.072408,-2.644034,-1.040795,0.956952,1.936529,1.378714,1.617573,0.977424,-0.370098,0.145174,-0.493791,0.289591,-1.847753,-1.873743,-2.616399,-0.517290,0.973926,2.917153,2.409919,1.399367,-0.130752,0.435065,0.011349,-0.118191,-0.448682,-2.293540,-2.552666,-1.722635,-0.203734
-0.275089,1.824985,2.333665,2.109958,1.617285,0.247984,0.295904,0.251860,1.329043,-0.241417,-2.057279,-2.305737,-1.326856,-0.234336,1.311045,2.341854,1.757182,0.071319,0.505665,0.103666,0.732312,-1.127672,-1.607615,-2.605290,-1.923894,-0.456962,0.847742,2.668605,2.750233,1.365080,0.347694,-0.055393,0.327418,-0.236266,-0.850645,-1.196427,-1.441002,-1.502813,-0.133172,0.629232,1.628003,1.495574,1.523950,0.427855,-0.725939,0.750919,0.733632,-0.738927,-0.993723,-1.889352,-1.790610,-0.518620,1.724353,2.523605,2.208458,0.193206,0.973849,0.918828,-0.678011,-0.733483,-1.011352,-2.107050,-2.344812,-1.495219,0.576125,1.533047,2.183543,1.541752,1.244784,0.171665,0.622013,0.074280,-0.489195,-1.700218,-2.438940,-2.597944,-1.302813,0.892696,2.509423,2.068519,1.759949,1.107657,-0.306289,0.235993,-0.325334,0.505653,-1.349674,-2.230110,-1.100089,-0.489721,0.182635,2.560893,1.836238,1.132898,0.901084,-0.106230,0.089700,-0.120212,0.019137,-0.468446,-2.950335,-1.603904,0.301178,2.272218,2.058750,1.696617,0.523108,-0.081704,-0.414896,0.382474,0.254650,-2.017936,-1.677131,-2.440623,-1.397092,-0.042501,1.537731,1.349606,2.169873,0.509347,-0.530459,-0.642272,0.626149,0.067981,-1.619487,-1.437730,-2.867936,-1.007354,0.975682,1.410906,2.048648,1.864001,-0.260558,-0.165299,0.168497,-0.386565,0.515191,-1.159564,-1.578011,-2.099504,-0.834298,1.242794,2.009848,1.103248,0.867542,0.514235,0.460430,0.334641,0.246334,0.200255,-2.059263,-2.479611,-1.767264,-0.189796,0.756720,2.800122,1.807725,0.316905,-0.181863,-0.571342,0.073112,0.130633,-0.534444,-1.444804,-2.394548,-0.890010,-0.149605,1.113440,3.074702,1.755338,0.680933,0.510104,0.039279,0.055990,0.134434,-1.268833,-2.555175,-1.767598,-0.836501,0.527357,2.293691,2.970901,1.067219,0.434486,0.139133,0.119858,0.258682,0.426597,-0.775807,-1.731625,-1.753472,-0.907409,0.833114,1.031074,1.630694,0.394732,0.196530,-0.023370,0.145974,0.176894,-0.202711,-1.063347,-2.113625,-0.840033,-0.408787,1.350181,2.437883,1.926527,0.891320,0.097358,0.172076,-0.025094,-0.667528,-0.875424,-2.787369,-2.315762,-1.666872,-0.426272,1.458878,2.565516,1.714595,0.413555,0.714131,-0.119329,0.190196,-0.283362,-0.768599,-2.782149,-2.134416,-1.509265,-0.085886,0.295833,1.714774,1.556713,1.084035,-0.076073,-0.915909,-0.832235,0.194829,-1.541017,-2.883999,-2.356447,-1.210419,0.029989,2.637680,2.300970,0.972159,0.022844,0.145456,0.272386,0.863960,-0.021350,-1.534182,-2.435207,-1.591605,-0.630506,1.084999,2.273583,1.836138,0.780548,0.384827,0.253522,-0.483901,-0.375263,-0.742746,-1.888241,-3.176719,-2.670069,0.126732,1.811224,2.281445,0.709873,1.112309,0.000302,-0.070573,-0.068077,-0.096337,-0.518509,-1.331916,-1.351918,-1.300005,0.588028,3.335230,1.321823,1.196343,0.345416,-0.455287,-0.492647,-0.503582,0.539448,-0.738667,-1.874130,-2.472643,-1.422588,0.534227,1.752606,1.436944,1.347088,-0.433546,-0.207357,-1.602589,-0.690026,-0.402046,-2.814349,-1.644953,-2.132604,-0.733043,0.787148,2.467378,2.088955,0.903393,0.058273,-0.503701,0.093081,-0.627947,-0.443938,-1.308220,-1.948459,-1.410085,0.055270,1.202137,3.073870,1.932850,0.814275,0.422347,-0.097316,0.424650,1.377417,0.036381,-1.558742,-2.097313,-1.372398,0.523921,1.597759,2.420624,1.416271,0.499214,-0.808966,0.085575,0.002431,-0.531909,-0.871147,-2.593993,-1.874549,-1.509699,0.016634,1.655337,2.555751,1.184661,1.028919,-0.039251,-1.019077,0.162355,0.373077,-1.108612,-1.032956,-1.141882,-0.594691,1.375249,2.169567,2.003828,0.890271,0.473564,-0.626743,-0.195999,0.955331,-0.309582,-1.377048,-1.953175,-2.285207,-0.884260,1.408870,1.846608,1.810804,1.860989,0.569806,-0.717512,-0.582533,0.184548,-0.123028,-1.273851,-2.411599,-1.617229,0.163434
-0.533876,0.585441,2.261003,1.797040,1.492870,0.642581,-0.843885,-0.261599,0.511655,-0.811284,-1.142335,-2.059593,-2.841102,-0.690361,1.962415,2.260259,2.433479,0.313413,0.343670,0.184657,-0.279068,-0.027477,-0.754853,-1.963681,-2.200097,-0.686553,0.580142,2.322439,1.458202,1.486380,0.112007,1.065109,0.037489,-0.226204,-0.707028,-1.176357,-2.195857,-1.509215,-0.287648,1.299393,2.193154,1.796642,1.890013,-0.212923,-0.738976,0.386849,0.646639,-0.721837,-1.617623,-2.551035,-1.876170,-0.365218,0.908453,3.342058,1.237465,1.009994,-0.279782,0.682042,-0.326066,-0.764097,-1.279981,-2.080010,-2.945320,-0.828997,0.626782,1.127801,3.004864,1.564223,0.044909,0.440903,-0.952099,0.100537,-0.297902,-1.185209,-2.267976,-2.315059,-1.042394,1.257340,2.621119,1.859814,0.483491,0.065064,-0.398931,-0.191458,-0.212090,0.224484,-0.396578,-1.826173,-2.421191,-0.817225,1.118454,2.677819,1.945256,0.807047,-0.560356,0.392669,-0.107415,-0.785375,-0.346577,-1.534648,-1.546921,-1.106900,-0.205823,0.889994,1.616810,1.045198,1.059147,-0.330849,0.116390,0.082548,-0.306047,-0.430321,-1.580362,-3.070434,-1.837631,-0.160100,1.356236,1.991420,2.816683,0.732416,0.492622,-0.395037,-0.849958,-0.922757,-0.983035,-1.692785,-1.918186,-2.294755,1.273858,1.775943,2.522104,2.464096,1.391205,0.424141,0.426820,0.241683,0.147639,-1.212313,-1.754180,-1.377832,-1.166989,0.950717,1.869334,2.077172,1.319367,0.458160,-0.615446,0.308532,-0.036118,-0.045970,-1.433669,-2.111985,-1.610563,-1.554294,0.931703,2.208337,1.180465,1.103877,0.821731,-0.278596,1.232885,0.839500,-0.734566,-1.586922,-1.748076,-1.499881,0.272929,1.167504,2.030415,1.547118,0.720545,0.029135,-0.142528,-0.042190,-1.037743,-0.834192,-1.637558,-2.526564,-1.185364,1.034989,1.698881,2.877780,2.155492,0.314868,0.217646,-0.027947,0.593002,-0.231795,-0.658302,-2.259860,-2.810476,-0.524831,1.280847,2.202602,2.129968,1.578492,-0.490457,0.360780,0.121144,0.187380,0.027927,-1.276837,-2.220179,-2.316244,-0.733864,1.957510,1.403862,1.766001,1.227483,-0.235474,0.010751,-0.105916,0.184617,-0.622963,-1.462013,-1.865772,-1.546034,-0.074405,2.398907,1.626571,2.643109,0.995252,0.759649,0.859252,0.878480,0.125204,-0.470143,-1.171452,-1.665681,-1.444968,1.038877,1.460930,2.096059,1.634705,0.020951,-0.071039,0.405460,-0.403444,-0.465540,-1.496455,-2.712648,-1.633592,-0.701098,0.199370,1.512015,1.437944,1.202121,-0.156329,-0.658333,0.303761,0.647650,0.010178,-1.046622,-2.273974,-2.732241,-0.861415,0.922118,1.791674,2.408670,0.124011,-0.152182,0.202807,0.013749,-0.588705,-0.077827,-1.850943,-1.346129,-2.001411,-0.349394,1.341720,2.074647,1.446374,1.007759,0.535997,0.120865,0.652145,0.221804,-1.772660,-1.118187,-2.899151,-1.435164,0.734721,2.474489,1.968572,1.807863,1.016641,0.093412,-0.113916,0.529038,-0.416086,-0.393763,-1.958450,-1.971690,-0.370270,1.633554,0.906541,2.031131,0.862776,0.666244,-0.177986,0.970879,0.298190,-0.841708,-1.823355,-2.152162,-1.878352,-1.209634,1.496455,1.954539,2.043558,1.600831,0.799597,0.054937,-0.796926,-0.624564,-1.078994,-1.019858,-2.718756,-2.092714,-0.486529,1.444816,2.827477,2.114640,1.389084,-0.065707,0.927953,-0.546981,-0.526227,-0.248174,-2.448287,-2.559288,-1.749276,0.057069,1.577971,2.760051,1.585196,0.040946,0.168399,0.261973,0.557194,-0.068701,-0.976251,-1.889728,-2.872939,-0.979299,-0.482432,2.084510,2.001376,1.820264,0.372681,0.809465,0.768339,-0.840886,-0.046941,-1.043570,-2.212996,-2.370245,-1.269256,1.462466,1.981035,2.696415,1.247959,-0.136198,-0.528019,-1.182393,-0.116661,0.376913,-0.903609,-1.483027,-1.746053,-0.298204,2.223895,1.684504,2.185629,1.211198,0.003894,0.811594,-0.677818,-0.138881,-0.456844,-1.528944,-2.379794,-2.108823,0.435288
-0.180516,1.487106,2.823691,1.965034,0.809741,0.157010,0.089408,0.352441,-0.461190,-0.946036,-1.706082,-2.438667,-1.149167,1.019427,2.290722,1.328213,1.081787,0.180129,-0.149295,-0.510319,0.039007,0.009611,-1.506328,-2.108628,-2.128217,-0.016237,0.844884,1.338727,2.245795,0.862996,0.678989,-0.611502,1.249048,-0.108157,0.473203,-0.761187,-2.245418,-1.276395,0.378379,1.859603,3.154989,2.574087,1.313807,-0.332205,0.418385,-0.384741,0.634791,-0.499159,-1.895907,-2.072291,-1.688055,-0.245571,1.925722,1.742636,2.316831,0.477582,0.604730,-0.082054,-0.520356,-0.440692,-0.089935,-1.246418,-2.631889,-1.114601,1.034185,1.992829,2.780592,0.155123,0.594523,0.250763,-0.413567,-0.596471,-0.363971,-1.296020,-1.507297,-2.649456,-0.935739,0.855218,2.487943,1.676981,1.429381,0.241100,0.115874,0.218445,-0.069887,-1.114108,-1.268250,-1.800746,-2.183710,-0.346065,0.863909,1.691294,2.404681,1.262302,-0.029632,-0.189956,0.008144,0.078271,-0.218250,-1.034710,-2.484233,-1.812512,-0.068301,1.948803,2.012119,0.862532,1.294506,-0.175902,-0.438175,0.201028,-0.289513,-0.757242,-1.636974,-1.857057,-1.614307,1.270597,2.078908,1.857371,1.989654,1.240366,0.515130,-0.435566,-0.036997,-0.462883,-0.760747,-2.688150,-1.288280,-1.245476,0.947272,1.190807,2.110651,0.923123,0.202445,0.149490,0.219912,-0.596453,-0.353350,-0.991946,-1.776166,-1.167053,-0.574630,0.375108,2.634181,1.542459,0.995987,0.596224,0.156103,-0.811998,0.298188,-0.946019,-0.642851,-2.645127,-1.836191,0.051744,1.112967,2.711720,1.945013,1.192354,0.264786,0.230806,0.102671,-0.109644,-0.818214,-1.798676,-1.780251,-1.493236,0.178861,1.508719,1.828191,1.356784,0.991922,0.267439,-0.031422,0.505724,0.367161,-0.347617,-2.530140,-2.837297,-0.794023,1.143854,2.190896,2.052434,1.928517,-0.046416,-0.628391,-0.431026,0.281453,-0.185873,-0.562119,-2.189000,-2.664968,-0.333032,1.781745,2.158533,2.626210,1.594164,0.311829,-0.612396,0.853185,-0.029555,-0.746240,-1.758724,-1.956721,-1.292424,-0.266894,1.814965,1.623270,1.660586,2.059558,0.243335,0.023001,0.401339,0.355486,-0.337616,-1.010010,-1.437815,-0.764331,0.182025,1.786515,1.899662,1.825998,0.529605,0.541239,-0.344759,0.469737,-0.296286,-0.829862,-2.108208,-1.838052,-2.088510,0.178252,1.865171,1.853004,1.578147,0.651706,-0.815872,0.822248,0.012087,-0.396668,-0.954477,-2.811820,-1.865838,-1.362375,1.042060,1.452013,1.731630,2.050868,-0.171209,-0.038336,0.092039,0.932418,-0.207278,-0.782974,-1.565493,-1.885510,-0.732707,1.362157,2.679016,2.824240,0.548412,0.367669,-0.116683,-0.334680,-0.405098,-1.385971,-0.982601,-2.286437,-1.713616,-0.222179,2.060994,2.593049,2.015202,0.661216,0.106683,-0.681046,0.149894,0.562227,-0.647960,-1.912455,-1.826949,-1.167786,0.054726,1.619368,2.309463,1.466107,0.460414,0.820517,-0.688780,-0.666017,-0.052922,-1.680643,-2.449508,-1.888478,-1.380341,1.438360,2.555836,1.970422,0.611471,0.686092,0.462304,-0.679033,0.658449,0.118070,-1.080299,-2.371958,-2.354123,-0.941553,1.002813,1.907702,2.365561,1.013313,0.188345,-0.377742,-0.372605,-0.606396,0.206874,-2.356141,-1.956336,-1.804791,-0.710874,1.529741,1.399180,1.755475,-0.014288,-0.215494,0.240303,0.258324,0.442356,-0.779220,-2.415113,-2.378660,-1.382313,-0.020134,1.116702,1.842861,1.278522,1.096117,0.278551,-0.019585,-0.411628,-1.310906,-1.639863,-2.591964,-1.420975,-1.134942,0.939031,2.642117,1.998511,1.391569,-0.036791,0.317473,-0.752001,-0.083147,-0.015421,-1.841057,-1.752581,-1.201525,0.046689,0.541512,1.511706,2.291790,1.107864,0.189405,0.443436,-0.198256,0.005704,-0.761965,-2.102422,-1.472205,-2.130151,-0.946716,1.574528,1.656421,2.514855,0.796364,0.253103,-0.610856,0.160519,-0.304760,-1.419760,-2.026233,-1.987470,-1.647958,-0.563149
0.128807,1.576617,2.856896,1.779578,-0.071154,-0.491889,-0.535590,0.590179,0.127307,-0.328193,-1.751100,-1.919757,-0.172244,-0.149961,1.290765,2.056215,1.466435,1.456404,0.287826,0.574284,-0.020052,-0.096852,-0.860050,-2.051936,-2.599091,-1.616478,1.301514,1.092275,1.329238,1.934471,0.666630,-0.937461,-0.559130,-0.489609,-0.281299,-0.564306,-2.330756,-2.660422,-0.054166,1.884752,2.177005,1.059722,1.680137,0.824707,0.928163,0.854923,-0.231166,-1.729259,-1.406417,-1.779023,-1.748883,-0.292391,1.198528,2.241300,1.994245,0.822730,-0.040373,-0.330742,-0.059982,-0.820958,-0.786471,-2.090748,-1.612641,-1.074636,0.474140,1.073439,1.476562,1.791236,1.260443,0.364324,0.056618,-0.902200,-0.140722,0.406105,-2.097690,-1.804620,-0.942104,1.139595,2.575937,1.513422,1.590264,-0.377561,0.342042,0.242139,0.539445,0.302311,-1.434412,-2.430165,-0.903523,-0.826634,2.009011,1.268966,2.228884,0.298741,-0.153343,1.173345,0.984487,-0.527538,-1.347951,-1.358477,-2.818580,-0.829804,-0.134109,1.449795,3.039080,0.743633,0.444713,0.797810,-0.002523,0.486943,-0.535098,-0.656449,-0.963416,-2.242030,-1.436972,0.766787,2.125737,2.845053,1.647019,0.747669,0.089003,-0.224613,0.809719,0.400677,-1.543179,-1.525673,-2.227764,-1.733019,0.808601,2.026340,1.926992,1.475958,-0.544277,-0.162155,0.265297,0.834238,-0.456134,-1.759272,-1.837726,-1.537680,-0.524296,0.566011,1.829732,1.743870,1.585520,0.382133,0.300206,0.171438,1.286452,-0.490369,-0.841096,-2.052443,-1.403919,0.359518,1.176560,2.581375,2.448408,-0.398391,-0.243545,-0.382558,-1.499603,0.729780,-0.973503,-1.409399,-2.699246,-1.641690,-0.034186,1.318505,2.303172,1.138285,0.150864,-0.318733,0.026099,0.602104,-0.077456,-2.151673,-1.490270,-0.635327,-1.023174,1.491524,1.615296,2.547881,0.817566,0.273548,0.042881,-0.723128,-0.502841,-0.740743,-1.335430,-1.648842,-1.484793,-1.358104,1.585669,1.946454,1.078081,0.232784,-0.432600,-0.150811,-0.194632,0.112975,-1.045019,-0.940482,-1.939791,-1.212219,-1.496238,0.253946,2.623974,1.943296,0.029578,0.189277,-0.332468,-0.714270,-0.086102,-0.488810,-0.946861,-1.792663,-1.409689,-0.279505,1.771771,1.918252,2.494513,1.314115,-0.464391,-0.076828,0.296229,-0.089531,-0.833898,-1.511217,-1.490952,-0.524325,0.425500,1.623474,1.915341,1.966061,0.142767,-0.375482,0.255493,0.173997,0.132727,-0.756478,-1.801810,-1.741573,-1.202967,0.451964,1.131331,2.166176,1.314766,1.216244,-1.029977,0.477735,1.050166,-0.295748,-1.290701,-2.505586,-2.007908,0.235489,1.409574,2.008827,2.260821,0.689991,0.711829,-1.043617,0.652197,0.562476,-0.259564,-1.534750,-1.028059,-2.151480,0.119354,1.659604,2.022470,2.502361,1.064325,-0.442717,0.146181,0.633594,-0.403961,-0.350663,-0.984166,-2.201525,-0.688987,-0.059353,1.976987,1.960452,1.487591,0.824141,-0.848670,-0.900798,0.349254,-0.268458,-1.685380,-2.258143,-0.916430,-0.902940,-0.672700,2.237336,1.504845,1.546781,0.884783,-0.363900,0.277763,0.636156,-0.211757,-1.226826,-1.413173,-2.144080,-0.413276,0.884745,2.085739,2.349164,0.909206,-0.471817,-0.097321,-0.215123,-0.525117,-0.608197,-1.048349,-2.259917,-1.503328,-0.353736,0.711721,1.398683,1.756870,1.066000,0.295632,-0.102684,1.414370,0.744062,-0.511779,-1.045256,-1.511312,-1.137719,0.350337,2.512366,2.109567,1.750303,0.472838,-0.504195,-0.272968,1.422011,0.326654,-0.937434,-1.341643,-2.350690,-2.148516,-0.081903,2.576125,2.522976,0.857228,0.367741,0.062518,-0.170286,-0.369427,0.434089,-0.861487,-2.303602,-1.417885,-0.509312,0.296743,1.848256,2.368648,0.872264,0.448558,0.063667,-1.144920,0.877457,0.093902,-1.118950,-1.632063,-2.158576,-1.018853,1.163711,2.813480,0.522631,1.394296,0.594510,0.500942,-0.151100,-0.089224,-1.760659,-1.045909,-1.013355,-0.726786,0.861363
0.374926,1.604822,2.128819,2.022566,0.986614,-0.513074,0.479450,1.218841,0.145421,-1.524607,-1.504287,-2.052617,0.046090,-0.014674,1.522131,1.412725,1.464263,1.081048,-0.271789,1.069135,-0.242848,0.645685,-0.374107,-1.541580,-2.536637,-1.345109,1.164813,1.748310,2.759856,1.409753,0.244604,0.064327,-0.403557,0.602048,-0.574188,-1.000991,-2.746168,-1.896156,-0.147597,1.081838,1.741397,2.204566,0.731208,0.948596,1.296106,0.402241,1.002226,-1.358764,-2.083814,-2.170294,-1.709881,-0.139993,1.134037,2.886411,1.906379,0.842768,-0.625556,-0.159431,0.553255,0.171589,-0.783208,-2.430398,-1.801528,-1.309860,0.943945,1.318655,1.848275,1.689304,0.566873,-0.096666,-0.064087,0.671964,-0.335767,-2.212967,-1.183155,-1.045887,-0.923873,0.335141,1.242416,2.623243,1.375566,1.818610,-0.301275,-0.831901,-0.117532,-0.426057,-1.300530,-2.649088,-1.283722,-0.764325,1.467293,1.840156,1.482091,1.086823,0.041636,-0.680522,-0.050512,-0.427288,-0.342688,-1.785103,-1.939098,-2.182267,-0.714311,1.492744,0.846286,1.433889,0.876595,1.176625,0.123387,0.666369,-0.372960,-0.933684,-1.728195,-1.999869,-1.414747,0.023263,1.145345,1.939722,2.012540,-0.163043,0.790769,0.001072,-0.606134,0.674122,-1.170606,-1.838501,-2.224099,-0.693132,0.800027,1.346740,2.279243,1.933467,1.768813,0.203407,-0.595110,-0.237227,-0.505584,-1.543156,-2.103678,-2.428185,-0.828704,0.501664,1.545346,2.702270,0.677763,0.730361,0.457968,0.174381,0.052870,-0.165018,-1.837297,-2.317955,-1.327253,-0.853476,0.549601,2.380571,1.773229,1.487858,0.539789,0.777836,0.054760,0.757430,-0.945473,-1.246798,-2.515901,-1.360444,-0.339850,1.516182,1.783456,1.164054,-0.386900,0.145903,-0.230621,0.639314,-0.162005,-0.209071,-1.682626,-1.977924,-1.236717,0.782151,2.664737,1.531454,1.268751,0.261964,-0.073844,1.055421,-0.044914,-0.332776,-1.650173,-3.090506,-2.343276,-0.722304,-0.233244,2.103505,1.297364,1.055180,0.413377,0.456354,0.174577,-0.188885,0.172488,-1.527956,-2.629300,-1.512169,-0.098982,0.660536,1.679273,1.317842,1.823980,-0.352643,-0.516189,0.020415,0.192357,0.087527,-1.790008,-2.267326,-1.546253,-0.426586,1.783120,2.027656,2.561379,1.375181,-0.254971,-0.565189,0.353359,-0.191106,-1.016398,-0.946225,-2.299160,-1.672574,-0.813935,2.055622,2.283437,1.279326,0.330599,0.006655,0.040143,0.606151,-0.720074,-1.734217,-2.779213,-1.706047,-0.248014,1.140618,1.781291,2.463040,0.853911,-0.271102,-0.340542,-0.496207,0.215588,-0.814295,-0.929110,-0.506484,-1.720010,-0.236082,1.554224,2.813221,2.377825,1.766461,-0.416421,-0.444593,-0.302048,-0.726374,-0.401518,-2.217923,-2.573980,-1.979045,-0.206584,1.946430,2.540030,1.330681,0.171927,0.112402,-0.385696,-0.156767,-0.514144,-0.754249,-2.271770,-2.835955,-1.766184,-0.162370,2.468954,2.411209,1.238199,0.680023,-0.479835,-0.530965,0.289628,0.219374,-0.712860,-2.050241,-2.291773,-0.912340,0.277294,2.117242,2.653660,1.612990,-0.013133,0.512667,-0.141538,0.052505,-0.611392,-1.574836,-2.847515,-1.378938,-0.814460,1.457767,1.781372,1.678248,1.390606,0.559155,0.079866,-0.183010,-0.413530,-0.454401,-1.403043,-1.753292,-2.348608,-0.542628,2.312271,2.252829,2.154926,1.458297,0.012581,-0.436533,0.700054,-0.603761,-1.058279,-1.450202,-3.216495,-1.533528,-0.516880,2.200260,2.555385,1.653411,0.618671,0.798754,-0.365095,0.048890,0.607759,-0.261063,-2.808156,-1.683881,-0.649730,0.307975,1.504013,2.061376,1.785103,0.724184,0.105820,-0.897339,0.312192,-0.878785,-1.606519,-1.645262,-0.684617,-0.847409,0.804084,1.983751,2.709930,1.758987,-0.102720,-0.199171,0.977873,-0.011132,-0.777431,-1.067163,-2.095408,-1.987829,-1.025531,1.317249,1.459651,1.163025,-0.376541,0.083568,0.324116,0.131111,-0.587802,-0.661014,-2.255803,-2.251553,-1.692358,-0.123718
0.335897,2.197189,2.169326,1.921345,1.258667,0.049492,-0.091741,0.308627,-0.405162,-0.328448,-1.972491,-3.036567,-1.081442,0.118317,1.789673,1.263447,0.946191,0.708604,0.411650,-0.185657,0.382967,0.001246,-1.221068,-1.571321,-2.409840,-0.447918,0.321528,1.680927,2.478480,1.864979,0.138930,-0.247417,0.188567,-0.367096,-0.357803,-1.782504,-2.172787,-2.197063,-0.389944,1.314928,1.597813,2.248329,1.501922,-0.519716,0.300416,-0.036338,1.258858,-0.525830,-1.919135,-2.856449,-2.012977,-0.380974,1.140640,2.157129,1.962580,0.461529,-0.327122,-0.700380,0.528093,-0.024004,-0.222695,-1.716602,-2.586373,-1.909768,-0.105083,1.626097,1.379802,2.308371,1.099464,-0.259758,-0.575828,0.451693,-0.249360,-1.038625,-2.292588,-2.701333,-0.358462,0.934307,1.619003,2.767941,1.386420,-0.301482,0.059802,-0.545150,0.348627,0.100196,-1.468942,-2.555456,-1.415317,-2.121719,0.910631,1.597801,1.542245,1.342295,-0.168555,0.562790,0.083906,0.273047,-1.136850,-1.463394,-1.827988,-1.794408,0.270919,1.970342,2.127535,2.089008,0.340917,-0.110308,-0.462195,0.897750,-0.309261,-0.981052,-1.515944,-2.016369,-1.535624,-0.013621,2.083705,2.149506,1.576717,0.238632,-0.017114,-0.633549,0.016898,0.492678,-0.424470,-2.067459,-1.775766,-0.383271,0.637126,1.458944,1.828623,1.765986,-0.415656,-0.047571,0.770209,-0.027661,-1.102580,-0.860434,-1.433976,-1.631348,-1.695706,0.968810,2.798494,2.395329,2.329826,-0.146501,0.078688,0.262233,-0.025216,-0.053064,-1.375878,-2.214263,-1.052122,-0.390411,0.934345,1.580645,2.008448,-0.078479,-0.292256,0.243111,0.191949,0.119015,0.186359,-2.710340,-1.334915,-1.362654,-0.652783,1.651643,2.503505,1.761496,0.846071,0.553451,-0.286848,-0.035977,0.884467,-1.063581,-1.749846,-2.548886,-1.454020,0.134865,2.051463,1.870558,1.095117,0.704140,-0.041597,0.252020,0.429795,-0.857255,-0.947000,-2.467705,-2.419378,0.068313,1.126995,3.006440,2.601998,1.773023,0.380645,-0.264354,0.663710,0.745871,-0.722210,-1.996812,-1.870665,-1.179635,-0.667716,1.474377,1.859406,1.633378,0.870737,0.041901,0.310852,-0.203586,0.793685,-0.448057,-2.373469,-1.628099,-1.612222,-0.256817,1.612038,2.090702,2.585703,1.349688,-0.097825,-0.479031,0.413318,0.441905,-1.424420,-2.387853,-2.918723,-0.717897,0.316580,1.113604,1.551067,1.336754,0.805668,0.141064,-0.271437,0.824856,-0.799211,-0.877455,-2.356752,-1.776065,-1.299102,0.874388,1.167919,1.508580,0.808242,0.379972,0.253768,-0.100308,0.195335,0.084142,-1.197432,-2.541087,-1.556762,-0.470357,0.520123,1.675583,1.460940,0.974775,0.412582,-0.646946,-0.367570,0.562277,-0.618580,-1.785155,-3.022014,-1.285020,-0.661745,1.369141,2.573844,1.425495,0.878330,-0.366403,0.564199,-0.062024,-0.396078,-0.884696,-1.914852,-2.149405,-2.194886,0.216006,0.843450,2.479051,0.963648,-0.233361,0.345051,0.523457,0.241254,-1.797977,-1.498708,-2.479991,-2.231942,-2.113040,0.445122,2.591157,2.262423,1.780696,0.376937,-0.141087,0.020683,0.030828,-0.188642,-1.539656,-2.560947,-2.057916,-0.472642,1.011761,2.100012,1.912564,1.620342,-0.896407,0.137853,-0.065229,0.358785,-1.122060,-2.118645,-1.371379,-1.499776,0.041884,1.202332,1.818607,2.086706,0.982359,-0.844423,-0.439319,-0.321734,0.121016,-0.353941,-1.524904,-2.218697,-1.756968,0.683728,1.776751,2.268147,1.639536,0.525957,0.452150,0.235865,0.660084,0.286857,-0.672606,-1.796753,-2.474084,-0.465250,0.031366,1.185484,2.460791,1.274420,0.019932,-0.194439,-0.111511,-0.088826,0.590756,-1.137679,-1.989772,-1.955600,-1.673458,0.874868,1.850880,1.569453,2.352493,0.165061,-1.240411,0.039575,0.083720,-0.136421,-1.458695,-2.084489,-1.256714,0.257409,1.220279,1.989462,1.524320,1.720843,-0.190795,-0.882825,-0.143496,0.995004,-0.980505,-1.911939,-2.110741,-1.417571,-0.129326
-0.493446,1.809288,2.463455,2.126010,0.467171,0.262360,-0.217142,0.735189,0.180805,-1.475751,-2.107634,-1.387183,-1.479029,0.561534,2.620737,2.163078,1.848300,1.067094,0.272291,-0.166080,0.234199,-0.016448,-1.406459,-1.659944,-1.400939,-1.136314,0.155080,2.157517,1.548448,1.252121,0.271200,0.064478,-0.414488,0.520464,0.314852,-1.652711,-2.470084,-2.382098,-1.673485,0.942229,2.316951,1.950045,0.920623,1.114812,0.192509,0.243604,0.462995,-0.682962,-1.686884,-2.432632,-1.247562,0.000709,1.567597,2.411883,1.607706,1.232140,0.298815,1.018803,0.650705,0.415086,-0.050741,-2.017918,-1.976051,-0.682345,0.215626,1.636482,2.792773,1.942005,0.275300,-0.700616,-0.205331,0.340120,-0.434931,-1.176001,-1.891000,-2.124219,-2.027790,-0.343938,2.099389,1.901753,1.625763,0.514819,0.455601,0.249205,-0.008315,-0.315307,-1.492553,-1.827837,-2.200044,-0.365247,1.284709,2.381370,1.408630,0.763677,-0.141542,-0.371580,0.003116,-0.551490,-0.910200,-1.031849,-1.470744,-0.700768,0.079319,1.492464,2.432747,2.706910,0.744083,0.284027,0.447806,0.432705,-0.433368,-0.915479,-2.207159,-1.749779,-1.873116,0.801578,1.435050,2.402348,1.396129,1.104637,0.877451,-0.500909,0.393268,-0.752908,-1.111161,-2.585623,-2.501280,-1.182579,0.312501,1.602524,2.343939,1.061838,1.435642,0.168905,0.234497,0.670741,-0.605500,-0.846370,-1.585040,-1.881331,-0.079123,0.894525,2.303824,1.292045,0.974176,0.256142,-0.234562,-0.185806,0.308020,-0.418675,-1.081060,-2.087465,-2.103976,0.034574,1.023716,2.898229,1.679518,1.466333,0.592959,-0.203094,-0.277349,-0.438573,0.235491,-2.069922,-2.498542,-2.090647,-0.259992,2.301204,2.045925,2.410156,0.288575,-0.678991,-0.458647,-0.389201,0.295339,-0.312592,-2.139015,-2.287962,-1.181644,0.956370,1.367268,2.814870,2.102816,1.546040,0.988315,0.552762,-0.071129,-0.840777,-1.328582,-1.507867,-1.670619,-0.915989,1.577572,2.415374,1.764018,1.011162,0.186032,0.064523,-0.774678,-0.274829,-0.126202,-1.285601,-1.443953,-1.905070,-0.557629,0.902903,2.099464,1.820844,1.315298,0.533902,-0.858013,-0.264681,0.440195,-0.205789,-1.517550,-2.530319,-1.723340,-0.082878,1.794881,1.247776,1.308627,0.566098,-0.460111,0.275376,0.212473,0.084658,-1.040310,-1.937919,-1.356686,-1.492421,0.010582,1.701433,2.424612,1.780232,1.103727,-0.377144,0.924952,0.330126,-0.459107,-0.985660,-1.720267,-2.304177,-1.136004,0.271887,2.059497,2.203470,1.290853,-0.740171,-0.313807,-0.263169,0.150099,-1.311401,-1.140071,-2.289173,-2.444169,0.474605,0.647164,2.280005,2.863860,0.730585,-0.662615,0.148822,-0.193777,-0.045126,-1.342281,-1.472209,-2.599131,-1.638753,-0.251708,0.274721,2.604580,1.199589,0.432314,-0.870292,-0.627294,0.105646,-0.084080,-0.967804,-1.949249,-1.982661,-2.665498,0.224978,1.179108,2.609994,1.550850,1.798686,-0.928801,-0.333551,0.164756,-0.362591,-1.849878,-1.732379,-2.221945,-0.674132,1.438935,1.221412,1.896606,2.210116,0.893570,-0.376935,0.085829,0.116987,-0.172186,-1.190652,-2.373569,-2.622621,-0.591901,1.173939,1.956553,0.933523,1.672291,-1.197338,0.359759,-0.499436,-0.128596,-0.276120,-1.723608,-2.059646,-1.972177,-0.783960,1.034708,1.785134,2.016618,0.466652,-0.158213,-0.063143,0.801838,-0.168798,-0.620193,-2.135668,-1.985524,-2.204427,0.350750,1.648782,2.526468,0.966667,0.435334,-0.162094,-0.207489,1.063752,-0.643122,-1.357097,-2.302999,-2.537929,-1.846506,0.152984,1.200012,2.095586,1.636071,0.502478,-0.582463,-0.348257,0.366238,-0.089543,-0.946579,-2.499998,-2.518170,-1.584730,0.833466,2.068867,2.039770,1.820031,-0.118864,0.197344,-0.069675,1.129779,-0.279887,-1.233295,-2.540938,-2.652383,-0.633704,1.985118,1.676825,2.304046,0.612104,1.661782,-0.372208,1.242433,0.722226,-1.068517,-1.590796,-2.064935,-1.763654,-0.218159
0.102300,2.056209,2.155155,1.428226,0.841373,-0.542264,-0.409658,0.105585,-0.506204,-1.012284,-1.964035,-2.221717,-1.586779,0.245185,2.595899,2.087728,1.796127,0.437324,-0.485883,-0.169408,0.929642,0.156839,-0.664653,-1.775371,-1.661769,-1.420734,0.583333,2.980985,0.991992,1.673793,0.131846,-1.104050,-0.304746,0.302415,-0.321183,-2.143696,-2.221542,-2.205415,-0.682791,0.297481,2.914669,1.609748,1.886434,0.254636,1.001050,0.756316,-0.674302,-0.265521,-2.476356,-1.806338,-0.484580,-0.913643,1.771904,2.888637,1.578175,0.760701,-0.241678,-1.065720,0.557999,-0.360941,-1.344425,-1.718175,-2.220126,-1.252244,1.050922,1.916819,1.875858,1.155928,0.596946,-1.434814,0.503731,0.176851,-0.448582,-1.117121,-2.459617,-2.215876,-0.627890,1.285154,2.552603,2.275454,1.320878,1.121509,0.162081,0.686481,0.084019,0.701225,-1.699533,-2.466816,-1.508278,-0.317221,0.947690,2.357154,1.464937,1.177675,0.611445,0.660664,0.264840,-0.056661,-0.941111,-2.111042,-2.695973,-2.324769,-0.534866,1.243787,3.493999,1.622516,0.321102,0.251967,-0.652684,-0.014653,-0.177303,-0.754869,-2.556142,-2.384683,-2.326359,0.499314,1.419260,2.216237,0.758454,0.172021,-0.771986,-0.251969,1.715216,-0.288125,-0.958705,-2.091826,-2.268436,-0.480906,0.552481,2.006451,1.897070,1.156612,-0.015151,0.055824,-0.395717,0.457878,-0.354577,-0.821594,-3.026786,-1.221021,-0.841690,0.170624,2.160975,2.236682,0.933950,0.720988,-1.034396,0.779319,1.153320,0.097714,-1.454245,-3.058309,-2.419464,-1.140243,1.239516,2.174072,1.565493,0.790356,0.876867,0.400353,0.075139,-0.633072,-0.796756,-1.683374,-1.776504,-1.460582,0.652327,0.580083,2.287138,1.666274,1.074418,0.098883,-0.829629,-0.015607,-0.887597,-0.422258,-1.791124,-2.616758,-1.335023,-0.200610,1.636945,1.681570,1.243203,0.791810,0.360657,-0.536413,0.229803,0.005320,-1.684992,-2.589405,-2.282120,-0.907454,0.783249,1.561829,3.425165,0.484712,0.524963,0.656378,-0.055984,-1.213931,0.205406,-0.714589,-1.791260,-1.606033,0.268138,1.542677,2.987204,1.424722,0.794347,0.165318,0.429822,-0.208347,-0.053108,-0.315699,-2.170128,-2.282960,-0.687747,-0.156854,1.414957,2.291090,2.044565,0.428991,0.502044,0.638699,0.958801,-0.021822,-1.021705,-3.138112,-1.527218,-0.397866,1.765711,2.140757,1.319924,1.825215,0.432702,0.153878,0.518964,0.093178,0.543041,-0.491094,-2.794516,-1.660315,-0.235337,0.749256,1.880882,1.081402,0.632074,1.012527,0.178466,-0.456960,0.557835,-0.079039,-2.085815,-2.346526,-1.412261,-0.420838,1.851709,3.071973,2.138397,0.515350,0.256401,0.478755,0.142500,-0.320238,-0.689617,-0.977763,-2.964056,-2.002008,0.381755,0.273033,1.485265,1.583098,1.177371,-0.158024,0.198733,-0.630268,0.403247,-1.534627,-2.251575,-2.175725,-1.824721,0.067413,2.542308,1.912177,1.956025,0.933860,0.565519,-0.687514,-0.258058,0.130305,-1.601392,-2.455420,-2.054343,-0.922801,0.370586,2.243808,1.697828,1.296235,-0.579249,0.255176,0.704305,0.154681,-0.118380,-0.674521,-1.977099,-2.021444,0.414186,2.077392,2.144369,2.003827,2.019437,-0.014993,-0.245509,0.108011,0.281849,0.496167,-0.927501,-1.595690,-1.092786,-0.286388,1.387854,2.190366,2.468841,0.687598,0.513066,-0.586352,0.459906,0.143431,-0.707297,-2.493595,-2.327039,-0.878155,-0.282790,1.430329,3.154043,2.364077,0.907189,-0.049732,0.150032,-0.254257,0.656301,-1.491321,-2.290011,-1.110501,-1.831652,0.331082,2.220467,1.712199,0.750050,1.072923,-0.612612,0.330540,-0.337138,-0.669451,-1.579026,-3.024295,-1.583863,-0.529096,0.877033,1.714120,1.879578,1.087642,-0.205097,0.261088,0.728529,0.064102,-0.506361,-1.285005,-1.664425,-1.861841,-0.316481,1.418945,2.658739,1.120552,0.980213,-0.414410,-0.109605,0.135571,-0.453707,-0.422110,-1.952159,-3.245324,-2.351959,0.338250
