0.304403,-0.083532,-0.171476,-0.502904,0.229179,0.035876,0.155287,0.391708,-0.395436,0.435052,0.271587,0.158505,0.127899,-0.400774,0.186095,0.052099,-0.426023,0.331194,0.850324,0.161600,0.181348,0.060029,1.167653,-0.314685,-0.068277,0.500938,0.469785,0.246598,-0.071183,0.669584,0.635894,-0.104514,0.231759,0.265684,-0.147373,-0.226933,0.472319,0.276971,0.221642,-0.617825,0.467754,0.683091,0.376471,-1.182401,0.460846,0.384501,0.200065,-0.282149,0.220318,0.152611,-0.587615,0.360433,0.645831,0.031137,-0.463031,0.061743,0.019114,-0.505697,-0.611776,-0.840933,0.122566,0.135815,0.346470,0.320280,-0.893891,-0.325393,-0.024988,-0.314197,-0.509587,-0.550004,0.645979,0.338556,-0.738947,0.594149,-0.598106,0.491857,0.349476,-0.367493,-0.031279,-0.144387,-0.165983,0.050266,0.068154,-0.385170,0.099859,-0.391795,-0.494482,-0.867765,-0.442088,-0.315125,-0.192227,0.126050,0.252907,0.069250,-0.004054,-0.099296,-0.307268,0.987853,-0.237029,0.024461,-0.413515,0.434478,0.816554,-0.953036,0.440271,0.161502,-0.186837,0.073355,-0.422692,-0.325015,0.787322,0.015259,0.236551,0.439012,0.395671,0.414954,-0.058705,-0.157346,-0.819282,0.411573,0.071731,-0.771698,0.440065,-0.750570,0.286214,0.643487,0.973340,0.553070,0.228781,-0.486463,-0.031413,0.642012,0.279244,-0.130817,0.538322,0.444932,-0.339975,0.519395,0.043425,0.157087,-0.064783,-0.560285,-0.058572,-0.548376,0.527289,-0.169746,0.095387,-0.275735,0.753681,0.968449,0.372560,0.461012,0.669772,0.080507,0.712550,1.080146,-0.133618,0.915082,0.269143,-0.281079,0.266498,0.495169,-0.241033,-0.536913,0.060076,-0.075937,-0.477231,0.506829,0.570703,-0.207477,0.248532,-0.723049,-0.106459,-0.540986,-0.853370,-0.271177,0.929977,-0.276677,-0.482185,0.808265,0.543176,0.179827,0.690942,-0.093401,0.153966,0.268578,0.358714,-0.680043,-0.274760,0.520259,0.239500,0.558666,0.790093,-0.489465,-0.563852,-0.247691,-0.209634,-0.659195,-0.104147,-0.063533,-0.739318,-0.935874,0.710318,-0.661073,1.136234,-0.435224,0.531399,0.093572,0.320017,-0.595734,-0.332977,0.761275,-0.154458,-0.509434,0.336942,0.281721,0.872005,-0.901235,-0.571291,0.125842,-0.618251,0.557220,-1.380779,-0.420118,0.341985,-0.047769,0.467912,0.117318,0.206380,0.411737,0.917776,0.244624,-0.251299,-0.350082,0.047714,-0.632803,-0.319031,0.633120,-0.190070,0.442354,0.447755,0.061994,0.258194,0.281212,0.114093,-0.404991,0.303383,0.377377,0.442402,0.750053,-0.168330,0.688412,-0.574817,0.038141,1.114708,0.465042,0.204264,0.521305,-0.192294,0.469522,-0.114086,0.790387,-0.046068,0.234363,0.296271,0.037466,0.459171,-0.104007,0.239015,-0.135063,-0.693681,0.092145,0.331420,0.314844,-0.683204,0.357961,-0.090982,0.494603,0.158450,0.801039,-0.187050,0.132741,0.834482,-0.753843,0.468541,0.629365,0.637276,-0.674649,0.077683,-0.136477,0.577174,0.095855,-0.614988,-0.575209,-0.669117,0.341286,0.064481,-0.166569,-0.075104,-0.460863,1.139520,0.243861,0.325302,-0.168874,-0.140743,0.662629,-0.243330,0.177853,-0.151283,-0.166943,-0.408745,0.145503,-0.008962,-0.250411,0.246579,-0.636206,0.064250,-0.085582,-0.456141,-0.744409,-0.176307,-0.054099,0.289292,-0.051972,-0.251626,-0.019908,-0.063055,-0.011950,-0.407239,-0.832727,0.190691,-0.047844,-0.438861,0.625919,-0.418417,0.490696,0.276557,-1.042244,0.338566,-0.426901,-0.565564,-0.186750,0.692745,0.393570,-0.278711,-0.249596,-0.017129,0.224305,-0.077538,0.127377,-0.256592,0.031675,0.655243,0.308043,-0.213291,-0.567589,0.059172,0.305109,-0.354191,1.318218,0.040935,0.369854,-0.206957,-0.113181,-0.214807,0.495437,-1.052496,0.325763,-1.116740,-0.212258,-0.034415,0.055949,-0.101050,-0.670957,-0.563873,-0.781778,-0.416581,0.324440,0.526759,-0.774151,0.162033,0.233336,-0.199109,-0.158787
-0.534215,0.686079,-0.394725,0.240654,0.644280,0.105412,-0.581932,-0.713205,-0.135662,0.530347,0.463784,0.886306,0.181269,-0.567229,0.693765,-0.414901,0.005706,0.495171,-0.214636,0.011258,0.823584,0.459828,0.196928,0.164450,-0.238465,-0.066441,-0.186705,0.034715,-0.693032,-0.008057,0.462406,0.030442,-1.016493,-0.305613,-0.382669,0.313787,0.439295,0.778899,-0.496703,0.733805,-0.439603,-0.496160,0.474073,-0.225262,0.394513,-0.161603,-0.863575,0.210472,0.224255,1.129125,-0.190973,1.437841,-0.176538,0.228590,0.146463,-0.201758,0.343590,-0.047554,0.396141,-0.311983,0.226896,-0.592665,-0.448816,-0.572422,0.291682,1.386693,0.952943,-0.561442,-0.046923,-0.184237,-0.365179,0.156133,-0.591766,-0.302453,-0.636650,0.048321,0.303902,0.128700,0.281771,0.128413,0.263536,-0.788325,-0.493395,-0.250763,-0.524612,-0.393886,0.543029,-0.429056,0.822862,0.664949,-1.031080,-0.040279,0.100447,0.441705,0.198881,-0.167853,0.410838,0.181390,-0.276570,-0.663613,-0.120001,-0.160548,0.476420,-0.758563,0.998910,-0.617175,0.023297,-0.647801,0.470206,0.392876,-0.042610,0.754855,0.180982,0.040458,-0.113116,-0.697702,0.809149,0.145693,0.223245,-0.581070,-0.512579,0.796520,0.494506,-0.063308,-1.007690,1.350714,-0.112425,0.569542,0.143214,0.723816,0.074066,1.036291,-0.104306,0.114552,0.242836,0.156718,0.189537,-0.131110,-0.504358,-0.203784,-0.119770,0.376553,-0.107855,0.688599,0.697834,0.392639,-0.624962,1.379783,-0.828223,0.113999,0.490017,0.155929,-1.232559,-0.749661,0.339623,0.259715,0.211600,-0.182883,0.484563,-0.219764,0.536873,0.440659,-0.450109,0.276576,0.649677,-0.716707,-0.230980,0.085865,0.010235,-0.737763,-0.234209,-0.770655,0.089129,-0.269842,-0.051220,-0.320256,-0.281305,-0.714831,0.222037,-0.018067,-0.150400,-0.185625,0.512581,1.001403,-0.056852,0.993701,-0.448077,-1.004342,0.467526,-0.319550,0.671076,-0.210945,0.535450,-0.271123,-0.376283,-0.399939,0.806853,0.361849,-0.646844,0.141988,0.022330,0.106161,0.088823,0.041438,-0.295644,-0.813869,0.318572,0.086160,-0.469302,0.163565,-0.228737,0.196783,-0.271020,-0.277671,0.921287,-0.109860,0.720172,0.253817,-0.471245,0.263573,0.199303,0.038607,-0.584212,-0.094832,-0.460501,-0.966413,-0.125862,-0.041789,-0.265577,-0.076311,0.012481,-0.173518,-0.649150,0.200266,0.313021,-1.108321,0.002626,0.103323,0.551026,-0.162995,-0.087217,-0.062489,0.091788,-0.972717,0.106900,0.798578,0.031639,-0.238580,-1.174403,-0.790312,-0.501201,0.850879,0.626532,-0.952367,-0.580228,-0.600218,0.723321,-0.051071,-0.520892,0.752669,-0.178480,-0.576870,-0.485507,0.295867,0.195446,-0.541711,0.685987,-0.204296,0.192577,-0.477519,-0.549187,0.069523,-0.472698,-0.154855,0.880783,0.197162,-0.457426,-0.005466,-0.165275,0.689336,0.110328,0.743093,0.276005,-0.302404,0.696140,0.526590,-0.002278,0.105035,0.129840,0.315161,-0.174229,0.025712,-0.820982,0.246897,-0.558861,-0.371582,-0.177080,-0.110855,-0.050815,-0.217672,-0.313321,-0.404670,-0.056093,-0.591038,0.304972,-0.166350,-0.302723,0.399114,-0.340081,0.010622,-0.268024,0.738831,-0.240997,-0.636617,0.613162,0.369363,0.098353,-0.425204,0.553453,-0.047104,0.679960,-0.477675,-0.890552,-0.715757,0.082924,0.134504,0.767392,-0.450144,-0.742789,-0.132703,-0.808046,0.212911,-0.250370,-0.938470,-0.344384,-1.136202,-0.904054,-0.520846,-0.009135,-0.210242,-0.772664,0.314100,1.017579,0.288521,0.167055,0.998364,0.519255,-0.218662,0.492469,0.421164,1.443124,0.060182,0.349835,0.221555,0.336569,-0.522943,0.159514,-0.788833,-1.185408,-0.022559,1.023271,0.406762,0.118225,0.066147,0.088950,-0.065710,-0.350121,-0.305856,0.162248,-0.114499,0.234478,-0.533747,0.263890,0.283170,-0.049641,0.292910,-0.204757,-0.236415,0.075280,-0.481619,-0.086599,-0.113787,-0.069433,0.176645
0.991746,1.019416,0.129077,-0.742167,0.328432,0.319149,-0.671062,-0.177639,0.111310,0.134389,0.320242,-0.222118,0.763284,0.544170,0.262691,0.600108,0.325829,0.457561,0.582379,0.085412,-0.397916,0.640242,-0.835436,-0.400233,-0.223084,-0.641254,-0.082164,-0.712601,0.085333,0.244676,1.235512,0.140270,0.523917,0.023178,-0.250224,-0.138316,0.585171,0.147702,0.621155,1.319702,0.619764,0.476090,-0.426322,0.189125,-0.302829,-0.373702,0.226516,0.439234,-0.242095,-0.437006,0.230087,0.384944,-0.139232,0.484270,1.004106,-0.897376,0.468067,0.197382,-0.467409,0.591099,-0.593141,0.146649,-0.220080,0.395051,-0.427046,0.521111,-0.938786,0.900775,-0.099676,-0.013328,0.056998,0.151258,-0.390854,0.090887,0.681919,-0.339125,0.909531,-0.101352,-0.265039,-0.172554,0.971674,-0.588564,-0.183575,0.091416,-0.179054,0.084179,0.061957,1.210166,-0.738248,-0.361628,-0.815635,-0.136069,0.602911,-0.294871,-0.042373,0.108981,-0.353796,-0.041807,1.039153,-0.028672,0.495774,-0.441315,0.537382,-1.006971,0.171724,-0.426065,-0.549858,0.478563,-0.067599,0.019558,-0.725132,0.480901,0.853904,0.501034,0.365581,0.089816,0.627565,0.072738,0.479933,-0.803699,0.202692,0.592248,0.552824,0.018269,-0.857640,-0.172353,-0.242814,-0.229344,-0.611196,-1.169326,-0.597584,0.158355,-0.049887,-0.602199,-0.306328,-0.239159,0.845545,0.993856,0.094960,-0.085307,-0.088250,-0.444030,0.491725,-0.074861,0.276426,0.003259,0.110115,0.091834,0.266756,0.656104,0.121384,0.404008,-0.104555,0.296402,-0.082844,0.232704,0.139867,1.045543,-0.810145,-0.190144,0.264844,0.299200,-0.096734,-0.442783,0.200170,-0.580524,0.411314,0.238812,0.626342,0.519930,-0.355229,-0.437482,1.002263,-0.134008,-0.003414,0.586397,-0.306899,0.446105,0.223250,-0.115640,-0.109334,-0.532923,0.423652,0.472730,0.038052,0.070171,0.132367,-0.621866,-0.126083,1.308749,0.330728,0.357444,-0.460816,0.361803,-0.083642,-0.557741,-0.348570,0.210876,-0.083679,-0.351952,-0.323071,0.477792,-0.218782,-0.392510,0.026130,-0.300813,-0.276808,-0.619972,0.612023,0.225281,-0.398050,-0.301609,-0.884455,0.431135,-0.826355,-0.352240,0.102786,0.590030,-0.401084,0.005393,0.721298,-0.144402,-0.973130,0.264361,-0.218639,-0.398321,0.199178,0.255114,0.320774,0.095489,-0.047579,-0.245371,-0.556656,-0.570340,0.253587,0.360928,0.704274,0.284090,0.513336,-0.483061,-0.438466,0.247695,-0.285662,0.774135,-0.045734,-0.355680,-0.577089,0.974907,0.377364,-0.295729,-0.147555,-0.051023,-0.522796,-0.606388,-0.032369,-0.165761,-0.095585,0.165606,0.120822,0.020508,0.275720,-0.907576,0.053647,0.166695,-0.157842,-0.086278,-0.548029,0.019357,0.062453,-0.178878,-0.178886,-0.345613,0.958218,0.122759,0.273508,-0.505556,0.013393,0.591041,-0.183031,-0.190501,-0.461975,0.022113,0.117758,0.302896,0.618799,0.352024,0.077713,0.083927,-0.739809,0.279415,-0.071253,0.192694,0.330539,0.283093,0.378532,0.298597,0.080602,-1.039860,0.103177,0.075828,0.468864,-0.751441,0.346119,-0.148431,0.480708,-0.118211,0.978057,-0.777363,-0.932966,0.449315,-0.438762,0.304270,-0.707668,-1.082624,0.313042,-0.149959,0.976837,-0.382108,0.214226,0.336717,-0.059906,-0.069003,-0.039003,0.735251,0.338189,-0.326889,0.065252,0.306586,0.208643,-0.519092,0.178285,-0.739733,0.167513,-0.891530,-0.268640,-1.636427,-0.191212,-0.455219,-1.058409,-0.720670,0.015223,0.622918,-0.220522,-0.548779,-0.235648,0.614974,1.276018,0.746754,-0.211064,-0.543228,-0.832345,0.778505,0.662775,0.003696,-0.090374,-0.472478,0.383820,-0.054121,-0.309164,-0.327688,-0.300497,0.116606,-1.377623,-0.029493,-0.539504,0.068654,0.307532,0.260417,0.515044,0.216361,0.122015,0.167439,0.325912,-0.202625,0.357671,0.520336,-0.545623,-0.373707,0.472899,0.861827,-0.614583,-0.409798,-0.923855,0.136344
-0.047813,0.202580,0.697804,-0.020850,0.415559,0.447110,0.556449,0.744001,-0.431168,-1.071385,0.741558,0.588451,-0.020100,0.638933,-0.191418,-0.025670,0.482338,-0.213968,-0.171959,0.052460,0.271841,0.178002,0.579024,0.767317,0.265652,-0.594793,-0.106736,0.000836,0.305823,0.483655,0.202381,-0.479215,-0.528022,0.005565,0.802793,0.036862,-0.084323,0.201701,-0.137443,0.781442,0.183797,0.116976,0.348248,-0.585436,-0.055015,-0.347092,0.223358,-0.010216,-0.011756,0.552706,-0.102807,0.579908,-0.266178,0.095847,-1.358216,-0.417810,-0.249070,-0.005988,-0.649392,1.060539,0.229097,0.109283,-0.720779,-0.075000,-0.484608,0.331741,0.593464,-0.587681,0.639229,0.724756,0.421116,0.478151,0.132989,-0.028164,0.099007,-0.308500,0.327253,-0.794362,1.606522,-0.815867,-1.077961,0.969244,-0.168091,0.007730,0.101134,0.367419,0.741899,0.364715,0.144788,0.054830,-0.670291,-0.157117,-0.190752,0.352420,0.494228,-0.823611,0.586534,-0.113351,0.304864,0.062253,0.271896,0.361401,0.093983,0.702317,-0.228494,0.357064,1.531924,0.505676,1.256364,0.954580,0.543995,0.072260,0.116915,0.413996,0.793110,0.467274,0.482347,0.782220,-0.359152,0.059667,-0.404439,0.357753,-0.429568,0.520029,0.089799,-0.010455,-0.135568,-0.726233,-0.874014,-0.271175,-0.054189,-0.982197,-0.207267,0.078147,0.172815,-0.267191,-0.293321,0.017016,-0.507832,-0.887032,0.458722,0.032713,-0.732321,0.272059,0.619754,-0.427825,1.150398,-0.637143,-0.041704,-0.133517,-0.040413,0.011818,-0.769703,0.141236,-0.102869,1.267039,0.236104,-0.721895,-0.503492,0.233887,0.351753,0.008509,0.636433,0.311367,0.400316,0.147475,-0.496424,-0.951558,-0.610533,0.071920,-0.040496,-0.051471,-0.886426,-0.001040,0.508706,-0.743106,-0.301711,0.444181,-0.224692,-0.372848,-0.104084,0.154031,0.545771,0.230254,1.231175,-0.938843,0.030603,-0.187792,0.130000,-0.190924,-0.171387,0.278878,-0.493153,-0.478095,-0.127150,0.248595,0.124805,0.242353,0.804530,-0.119049,-0.010714,-0.177809,0.824683,-0.448403,1.240473,0.333165,0.771254,-0.051546,-0.379282,-0.728940,-0.377519,0.098986,0.651675,0.100865,-0.007126,0.110164,0.870391,0.465937,0.281163,0.305259,-1.398937,0.323526,0.124670,-0.290710,0.178580,-0.424776,-0.241283,0.255585,0.307217,-0.514033,0.399618,0.072457,0.126241,-0.563998,-0.578164,1.162558,-0.381751,0.377902,0.039026,0.000730,0.230864,-0.077117,-0.199918,-0.463537,-0.225866,0.123886,0.501895,0.558073,-0.009103,0.361404,-0.163563,-0.440675,-0.471991,-0.943207,0.140630,-0.907625,-0.603468,-1.122037,-0.691304,-0.326075,-0.976171,-0.468354,-0.892009,-0.178443,0.011891,-0.756536,-0.750474,0.041861,0.552234,0.358856,-0.572609,-0.152451,0.803209,0.054819,-0.218887,-0.168358,-0.295646,-0.334527,-0.032591,0.295806,0.044746,0.246282,-0.555787,-1.297415,-0.121998,0.470672,-0.490229,-0.784093,-1.032057,-0.202078,0.246800,-0.219102,1.127928,0.227022,0.334820,-0.561546,0.494718,0.134306,0.023887,0.406764,0.259552,-1.059554,-0.236892,-0.290192,-0.188012,-1.196081,0.044363,-0.081353,0.208867,-0.509906,0.386807,-0.579728,0.045055,-0.498984,0.007927,0.041782,0.131671,-1.059476,0.229233,-0.473933,0.447200,-0.227097,1.206076,0.477311,0.551759,-0.590450,0.824876,0.155566,-0.133005,0.502969,0.542020,-0.394845,-0.159597,0.411684,-0.721158,0.541219,-0.711551,-0.067745,-0.517455,-1.059441,0.335230,-0.016181,-0.158657,0.840682,0.022029,0.718164,0.054926,0.246476,0.240905,-0.283431,0.192132,0.379298,-0.391561,-0.169280,0.827656,-0.486400,1.101040,0.533413,-0.222425,0.246737,0.602253,-0.113833,-0.300253,-0.627901,-0.361166,-0.262413,0.897962,-0.096195,0.104447,-0.224438,0.053439,0.498302,-0.023193,0.401979,-0.341175,-0.030462,0.089004,0.624114,0.628438,-0.667421,-0.085239,0.842942,0.371585,-0.473067
0.635409,-0.375709,0.112217,-0.589383,0.704955,0.248375,-0.016521,-0.616197,-0.389772,-0.018406,0.214531,-0.714097,-0.578441,0.039394,0.047868,0.038052,-0.062601,-0.020332,0.793908,0.325866,0.338578,0.017136,0.650674,-0.580196,-0.011484,0.601835,0.037060,-0.093637,0.029312,1.083669,0.285426,-0.947887,0.340057,-0.072337,-1.001426,0.669399,-0.511196,-0.278797,0.395247,0.584785,0.062547,-0.030697,-0.045659,0.311542,-0.403471,-0.434681,-0.262485,-0.331601,-0.312706,-0.244428,-0.699122,0.189195,0.390041,0.920290,-0.343848,0.442568,0.424287,-1.013997,-0.105228,0.036905,0.171357,-0.210379,-0.319523,-0.002639,0.671458,0.445157,-0.121900,-0.215534,0.488692,-0.252826,-0.323413,-0.070350,-0.782297,0.035275,-0.732287,-0.069288,-0.124772,-0.103559,0.576386,0.358486,0.213629,0.280343,0.156876,-0.351098,-0.898707,-0.563505,-0.023070,-0.125561,0.477852,0.127005,-0.000806,0.507783,0.009350,-0.254843,0.336425,-0.588096,-0.053908,-0.275610,-0.026814,0.008183,0.757876,-0.547210,-0.968112,-0.436083,0.455958,-0.484994,-0.165965,-0.319889,-0.150790,0.338786,-0.770493,-0.234507,-0.430128,-0.032279,0.223314,-0.258988,0.119664,0.563869,0.341732,-0.619015,0.196079,0.023073,-0.662770,0.089758,0.222663,0.205242,0.127467,0.683033,0.277281,-0.431464,0.391506,-0.210784,-0.250211,0.174863,-0.874628,0.430822,1.072339,1.017467,-0.184195,-0.022315,0.051273,-0.207973,0.181330,-0.500214,-0.519980,-0.037701,0.373373,-0.698824,-0.927559,0.202676,0.209552,-0.266314,-0.014988,0.435455,-0.163533,-0.073467,-0.078299,-0.078683,0.223237,0.256771,-0.694409,0.485601,0.714796,0.093812,-0.181988,-0.063505,-0.289863,0.250553,-0.856017,-0.528457,-0.224068,0.409436,-0.035397,-0.450630,0.279050,-0.256618,0.390341,-0.497172,-0.056656,0.745448,0.082307,-0.356409,0.869522,0.841913,-0.504580,0.756322,-0.028878,0.692848,0.181016,-0.080773,-0.389137,-0.335396,-0.235491,1.161994,0.525427,-0.389272,-0.104135,0.510725,0.104127,-0.735172,-0.237101,0.743709,0.087760,-0.175103,-0.551894,-0.744222,0.660131,0.916348,0.183366,0.565715,0.435521,0.328147,-0.403024,0.217375,0.313407,-0.801917,0.011577,-0.541232,0.358455,0.920119,-0.307070,-0.243243,0.496183,-0.309545,-0.376032,-0.402784,0.846953,-0.689226,0.626091,0.895851,-0.311769,0.084129,-0.743126,-0.310889,-0.203750,-0.207664,-0.222137,-0.300802,0.170246,-0.370621,0.450689,-0.080476,0.145382,0.186579,0.312536,-0.253221,-0.244474,0.158137,0.040467,-0.578605,-0.054183,-1.033047,0.850461,0.546978,-0.285902,-0.038687,0.181207,-0.174713,-1.317266,0.034749,0.234621,-0.813042,0.900257,-0.361311,1.116606,-0.033870,0.118832,0.603220,0.436523,0.311024,-0.971518,0.546174,-0.128956,0.517594,-0.550414,-0.341278,-0.274385,-0.116080,-0.977062,-0.274768,0.316780,-0.555856,-0.506329,0.697749,-0.476076,-0.081219,0.139228,-0.556036,0.322948,0.461415,0.054620,0.680691,0.584825,0.533537,0.686455,0.496813,0.222126,-0.115706,0.342654,-0.604996,-0.083705,1.056869,0.287429,-0.753653,0.291408,0.756926,0.498860,-0.209796,-0.730493,-0.376228,0.065097,0.108976,0.116262,0.353954,-0.143828,1.336825,-0.499776,-0.205458,-0.239602,0.111309,0.353194,0.191254,0.658754,0.664053,-0.068236,-0.308383,0.115556,0.803695,0.517222,0.511956,-0.266341,-0.142941,1.087968,0.244058,0.052422,0.232579,0.264374,-0.841583,0.541280,-0.122431,0.152834,0.755374,1.019878,0.248620,0.334354,-0.487244,-0.162359,0.489121,-0.880104,1.021441,0.301197,-0.251467,-0.195999,0.134223,0.292049,0.185081,0.659805,-0.160143,-0.520065,1.274169,-0.257124,0.294434,0.396793,-0.254393,0.693421,0.036769,-1.110648,0.256406,0.748638,0.348890,0.313918,0.202133,-0.755017,0.192497,-0.468379,-0.049607,-0.208952,0.138944,0.087126,0.530153,0.750843,0.482213,0.555438,-0.023462
0.192731,0.149049,0.297605,0.437655,0.859139,0.052142,-0.169631,0.645940,-0.935707,-0.413684,0.069524,0.299313,-0.911173,-0.418552,0.166242,0.779708,-0.700847,0.346102,-0.845460,0.272573,0.400358,-0.554578,-0.207663,0.679055,-0.372347,-0.103451,-0.731741,0.599469,0.102357,0.097379,-0.601730,0.571333,-0.132725,-0.331080,0.208717,0.019127,0.329878,0.450997,0.036676,-0.525997,-0.076659,-0.048135,0.237019,-0.040729,-0.288271,0.070636,-0.092617,-1.322348,-0.035011,-0.116060,-0.023216,-0.229201,-0.071868,-0.089684,0.193237,-0.873455,0.306684,-0.301522,0.511345,-0.189144,-0.648675,-0.374007,-0.464417,0.260853,0.022024,-0.007242,-0.621421,0.001051,-0.547808,-0.096306,0.121953,-0.362814,-0.105045,-0.124409,-0.912375,0.394554,0.915513,0.854131,0.294748,-0.325011,-0.583170,-0.314170,0.227294,0.772560,-0.745828,0.610968,0.451030,0.702710,0.400587,-0.696305,0.054744,0.042791,-0.020448,-0.260651,0.227600,-0.047709,0.334405,-1.251679,0.086474,1.331332,-0.298318,-0.852397,0.320222,0.020324,-0.391303,-1.700511,-0.075093,-0.315431,0.634206,-0.054297,0.038247,-0.135073,0.323113,0.183418,0.622778,-0.360260,-1.064461,-0.918765,-0.262885,-0.447696,-0.340434,-0.422902,0.179862,-0.415085,-0.183096,-0.426334,0.149701,0.314351,-0.534922,0.508106,0.452254,0.885657,-0.013588,0.476952,0.091586,-0.126926,-0.620033,0.397411,0.312281,0.132545,-0.348006,0.216702,-0.335314,-0.494079,0.142997,0.365011,-0.437159,0.813557,-0.455947,-0.146166,-0.026299,0.967974,1.200768,0.375207,-0.184618,1.255897,0.500823,-0.297046,-0.113976,0.081988,-0.679680,-0.092722,0.266773,0.172785,0.558355,0.390946,0.133898,0.163852,0.229270,0.574857,0.818939,-0.708712,0.007055,0.350304,-0.707093,0.160598,0.437667,-0.342614,-0.038269,-0.060838,-1.228204,-0.375099,0.615299,0.059557,0.117200,0.369795,-0.238983,1.009214,-0.043659,-0.598882,-0.305288,-1.347129,-0.078540,0.600988,0.198827,0.620684,-1.179922,-0.281062,-0.123444,0.551269,-0.035291,0.353208,-0.142208,0.383635,0.557801,0.097956,0.602049,-0.924426,-0.085953,-0.192800,0.122531,-0.798603,-0.122105,0.269599,0.265119,-0.508660,-0.162892,0.348515,-0.686567,0.194040,0.123124,0.507420,-1.191552,0.137522,0.212621,0.605454,-0.210019,-0.063807,-0.285932,0.696107,-0.104855,-0.140939,0.017060,0.288597,-0.480887,0.240908,0.209083,-0.187429,0.207015,0.657139,-0.419699,-0.182286,-0.205092,0.127476,-0.874209,-0.469342,-0.115560,0.706066,0.008969,-0.476465,0.223123,-0.075198,-0.131051,0.971849,0.448368,-0.024704,-0.577471,0.943023,0.054037,-0.668704,-0.586758,-0.665116,0.804723,-0.405762,-0.081684,-0.105520,0.314273,-0.326165,-0.145680,-0.572878,0.425662,-0.523618,-0.206757,-0.912967,-0.818831,0.413325,0.043306,0.349759,0.862877,-0.516923,0.092523,0.090753,-0.856295,-0.023704,-0.205585,1.070275,-0.107482,-0.342072,0.391500,-0.788971,0.718013,-0.710551,-0.503911,0.244623,-0.455098,0.251799,-0.621175,-0.558791,0.064961,0.316159,-0.094449,0.549152,0.278634,-0.383314,0.569167,-0.118000,0.662566,0.284445,0.225525,-0.665703,-0.447553,-0.051504,0.103144,-0.521654,0.436840,0.843241,-0.278859,0.617268,-0.565546,-0.342872,-0.019262,-0.534082,-0.080674,0.173703,0.084450,0.465840,0.665271,-0.163802,0.555265,0.315967,-0.144652,0.974866,0.511580,0.721017,0.239336,0.248947,-0.678118,-0.376671,-0.494922,0.109310,0.856160,0.292859,0.398509,0.174174,0.574855,0.189947,-0.264296,-0.250849,-0.987187,-0.546854,0.775653,0.270507,-1.049155,-0.074796,-1.106267,-1.067035,1.591316,0.429857,0.843406,0.390979,-0.500338,-0.561578,-0.146437,-0.700079,0.040033,-0.073227,0.583562,-0.101678,-0.493144,0.005006,-0.403639,0.279040,0.001047,0.683748,0.496983,0.565321,-0.208345,-0.260226,0.196246,-0.944403,0.472473,-0.234076,-0.752919,0.414128
0.778864,0.173520,0.400538,-0.051005,0.214540,-0.554770,0.903060,-1.180675,-0.311157,0.930934,-0.030007,-0.456186,-0.319504,-0.299752,0.010614,0.551248,0.789852,0.597424,-0.169361,-0.320964,-0.170834,0.184816,-0.446784,-0.023942,0.502184,-0.236738,0.724934,0.064700,-0.336884,0.618011,-0.321838,0.299620,0.625270,-0.247266,-0.203757,-0.193275,-1.288792,0.826729,0.957118,0.480190,-0.027802,-0.384603,0.434708,-0.509439,1.118392,0.193655,0.111170,-0.338646,-0.341970,-0.393352,-0.183150,-0.472186,-0.064095,-0.700733,-0.561034,-0.016870,-0.279020,0.105741,0.467388,-0.702017,-0.099663,-0.251030,1.603764,-0.517631,-0.071944,0.843659,-0.950635,0.501055,-0.337762,-0.257206,0.087800,-0.209946,0.173282,-0.499112,-0.092857,0.318126,0.558209,0.080389,-1.277144,0.079573,-1.262662,0.122286,0.595370,-0.498728,0.240311,-1.264584,0.629510,-0.571085,0.307491,0.047357,0.185400,0.213229,-0.572393,-0.265997,0.287347,0.203072,-0.470385,0.204650,0.234424,-0.626070,-0.777744,0.385714,0.205278,-0.082314,0.360983,1.219431,0.376264,0.490814,0.270597,1.364431,-0.173349,0.261154,0.138239,-0.475548,0.366736,0.341825,1.023177,0.002124,0.146665,0.046113,-0.131841,1.070642,0.141254,-0.326696,0.733967,0.146088,-0.374287,-0.147715,-0.564178,-1.043679,0.240925,0.528721,0.012137,-0.017966,0.491689,0.503369,-0.591452,0.371998,0.279362,0.495641,-1.476876,-0.623098,0.036697,-0.813901,-0.579044,-0.667746,-0.019523,-0.797385,0.186518,0.124485,-0.300009,0.416977,0.232240,0.330917,-0.879301,-0.229790,0.451948,0.528266,-0.891919,0.320263,-0.081811,-0.190821,-0.198149,0.871092,-0.063710,0.256962,-0.196248,-0.084278,1.062120,-0.312930,-0.821918,-0.831600,0.603501,0.381933,0.664413,0.288237,-0.053024,1.352971,-0.121050,0.684048,-0.030697,0.508760,-0.378941,-0.809678,-0.784068,1.146908,0.118727,0.243453,0.270036,0.405784,0.396545,0.525043,1.184672,0.617660,-0.136208,0.355635,0.064791,0.237365,0.045760,-0.674003,-0.118118,0.087576,-0.759912,-0.242316,-0.626477,0.354348,-1.037582,-0.396943,0.434947,-0.012721,0.523858,0.772854,0.379682,-0.118086,0.014771,0.075245,-0.715478,0.789201,-0.359091,0.505933,-0.203140,0.260764,0.684113,-0.051932,-0.760836,-0.017567,-0.398895,0.152605,-0.153358,0.167374,0.566727,-0.645456,0.482476,0.525398,-0.463110,-0.027087,0.262529,0.287063,0.339676,0.869808,-0.493747,0.305401,-0.159963,0.270596,0.272588,-0.532257,0.575932,0.272493,0.024267,0.093968,-0.400792,0.361831,-0.343845,-0.533905,-0.408797,-0.498027,-0.309116,0.218101,0.443793,0.152496,0.814894,0.263814,-0.293218,-0.507003,1.487118,0.332701,0.264750,-0.094121,0.055521,-0.393961,-0.239807,0.151468,0.319148,-0.052430,0.559937,-0.194945,0.427359,-0.099432,0.675687,0.698701,-0.596488,0.140446,0.819132,1.078350,0.432103,-0.741069,-0.634696,0.376170,-0.058679,1.163436,-0.648103,0.297963,0.222383,0.143731,-0.099394,0.223837,-0.541681,0.387260,0.066492,-0.192997,-0.060783,-0.013192,0.783735,-0.323188,-0.407981,0.202365,-0.229235,0.302138,-0.434298,-0.141186,0.705405,0.322101,-0.891938,-0.790405,-0.135010,0.310844,-0.050110,0.587105,-0.947830,0.250381,0.175588,0.184700,0.736281,-0.269638,-0.436226,-0.925525,0.184029,1.065877,-0.918312,0.188764,-0.786748,0.440455,-0.573425,-0.059179,1.460887,-0.075316,-0.183856,-0.028164,0.939386,0.532838,0.151582,0.512281,-0.117933,-0.056723,0.072036,-0.218628,0.365223,0.301618,-0.845454,0.568258,1.249040,0.616249,0.622135,0.748746,-0.580434,0.321993,0.426565,-0.044037,0.524646,0.128225,-0.481582,-0.063612,0.188853,0.131514,-0.286317,-0.554157,0.090137,-0.099847,0.427489,-0.189735,-0.753467,-0.424621,0.425227,0.202095,-0.470153,0.881616,0.191530,0.130908,0.025071,0.622831,0.573799,-0.447442,-0.182635,0.017679
-0.704600,-0.234565,-0.179451,0.301540,-0.574476,-0.660667,0.316915,0.275980,-0.359181,0.296008,-0.611494,-0.617643,0.796972,-0.426457,-0.456906,-0.501466,0.167597,0.002248,0.995189,0.440392,-0.873997,0.489392,-0.165323,-0.214180,0.071711,0.381631,-0.778031,-0.213281,0.219230,-0.275002,-0.735100,-0.932025,0.212097,-0.235786,0.282148,0.664059,0.073872,0.200490,-0.036941,0.144276,0.411135,-0.042522,-0.213740,0.339878,0.039835,-0.008497,0.494393,-0.769180,-0.497780,0.494628,0.403194,0.424738,-0.781354,-0.229844,0.559048,1.128349,-1.328765,-0.293700,0.431747,-0.561449,-0.514926,0.007815,-0.996642,-0.002222,0.423956,0.440340,-0.047803,0.423712,-0.035102,0.734864,-0.215716,-0.589263,-0.314466,0.036624,-0.252424,-0.345268,0.590229,-0.250012,-0.344313,-0.248822,0.305433,-0.103641,0.230827,-0.548766,-0.693213,-0.315379,0.195303,-0.599791,-0.320199,-0.584346,-0.181627,-0.066649,-0.007874,-0.135346,-0.504509,-0.137479,-0.098234,0.007283,-0.668767,-0.108301,-0.041457,-0.327138,1.484911,0.597761,0.558938,0.570118,-0.493806,0.558481,1.027803,0.078581,-0.498074,0.121860,0.492543,-0.207329,-0.237244,-0.215911,0.918538,1.240172,-0.394931,-0.162019,0.193948,-0.415390,0.318686,0.489749,-0.003514,0.911150,0.479207,-0.257898,0.334079,0.429822,-0.313781,-0.032762,0.720269,0.231654,-0.770845,-0.150926,1.039716,0.128858,-0.280630,-0.484096,0.728517,-0.830027,-0.099258,-0.142075,-0.075244,0.330072,-1.202280,-0.850832,-0.795861,0.523113,-0.051839,-0.301384,0.234586,-0.855741,-0.253308,0.564076,-0.843223,-0.693066,0.235317,0.098563,0.095433,-0.566139,0.771660,-0.085022,0.111506,1.325241,-0.013616,0.541349,0.184674,0.393614,-0.096423,0.225308,0.536958,0.703130,0.324602,0.145535,0.512072,1.262358,0.357398,-0.526359,-0.428431,-0.413506,0.300246,0.071011,0.309475,0.547192,0.832515,-0.197539,0.262089,0.761746,0.279630,0.271807,-0.282022,-0.488829,-0.411865,-0.059368,0.190782,-0.221978,-0.029799,0.727325,-0.493055,-0.924688,-0.524975,-0.543467,0.437461,0.335026,-0.599344,0.274495,-0.527056,0.001493,-0.324618,0.295153,0.249497,0.158205,-0.011023,-0.314717,0.158820,-0.119103,0.060028,0.320857,-0.339467,0.301506,-0.239031,-0.321204,1.441232,0.414292,0.484648,0.553993,-0.224553,-0.162072,-0.572915,-0.035696,0.070545,0.949452,-0.105965,-0.571991,-0.517011,-0.383656,0.764956,-0.667010,0.618489,-0.623949,-0.899890,0.625037,-0.161939,-0.041860,1.296637,-0.504927,0.109632,-0.896934,-0.611353,0.072646,-0.045554,0.667809,-0.686995,-0.365914,-0.116033,-0.324400,0.149358,-0.373544,0.246743,-0.410993,-0.378460,0.448617,-0.494736,0.854262,-0.403586,-0.569895,-0.266783,-0.137470,-1.139113,0.211530,0.477547,-0.129504,-1.222257,0.308954,-0.479886,0.429233,0.260629,0.147920,0.215119,0.379170,-0.243081,0.062228,0.280572,-0.691317,-0.368747,0.708764,-0.977747,-0.653467,-0.209214,-0.609146,0.443688,-0.486385,0.101835,0.432850,-0.983174,0.602977,-0.157481,0.425562,-0.573963,0.072090,1.050348,0.679934,0.546995,-0.809297,-0.308069,-0.085742,0.110660,0.682305,0.212510,0.120345,-1.031325,0.010238,-0.016056,-0.164732,0.211345,-0.168751,0.702753,-0.221045,-0.025583,-0.478690,-0.901337,0.308294,0.740094,-0.868138,0.906000,-0.195887,-0.587173,0.726991,-0.097505,-0.532185,-0.241415,-0.612828,-0.552857,0.380191,0.288927,-0.814587,-0.304243,0.039926,-0.543115,-0.135263,-0.033266,0.112139,0.075187,-1.321692,-0.074649,0.057022,-0.699214,-0.579451,0.314130,-0.115677,-0.812570,0.241915,-0.397583,-0.610236,0.761080,0.024940,-0.179898,0.443958,0.087992,-0.436848,0.438680,0.528971,0.182030,0.038416,0.370470,0.629299,-0.688308,-0.011845,0.360955,0.437799,-0.151173,-0.360199,0.351092,-0.503512,-0.184439,-0.531831,0.031945,-0.465327,-0.042045,0.108526,0.059477,-0.735664
0.150549,0.277008,0.452974,0.692488,-0.476522,-0.235574,0.235269,0.699952,0.911482,0.225112,0.755862,0.277332,0.205888,0.384940,-0.844340,1.110191,-0.905186,-0.248356,-0.634027,0.369405,-0.304845,0.761790,-0.005309,-0.330920,-0.555558,-0.024696,0.250599,-0.729022,-0.326851,-0.137043,0.228332,0.602030,0.305025,-0.435041,0.069887,-0.011333,-0.110204,0.182346,0.356996,1.489355,-0.199157,1.064280,0.805026,-0.095174,-0.092642,-0.099423,0.278597,-0.524917,-0.462527,-0.600879,-0.247835,-0.451215,-0.126336,0.676749,-0.929716,1.019329,0.281611,0.600920,0.181499,0.238200,-0.022826,0.126008,-0.684009,0.124196,-0.055466,-0.127918,-0.287319,0.625638,-0.190625,0.272072,0.388285,0.563358,0.276051,-0.063147,-0.333414,0.082224,-0.095162,-0.469640,0.123936,-0.473703,0.242512,-0.236084,0.411266,-0.015139,-0.240876,0.812425,-1.154953,0.051808,-0.460283,-0.770128,-0.076766,-0.159079,0.517624,0.462751,0.540479,0.443516,-0.241894,-0.807155,-1.134931,0.376514,0.156052,0.451244,-1.430935,0.898092,-0.402141,-0.681261,-0.159558,-1.108706,0.011789,-0.306589,0.081617,-0.196035,-0.155385,0.400480,0.106989,0.514954,-0.229298,0.139662,0.015248,-0.414645,0.322949,0.591003,-0.251510,-0.739667,0.852078,0.318561,0.124005,0.719721,0.585031,-0.231215,0.127127,0.270085,0.311143,0.094870,-0.585113,0.215053,0.246162,-0.604341,-0.495349,-0.163573,-0.552197,-0.062585,0.332339,0.595718,-0.290253,0.414024,-0.238686,0.088593,0.270513,-0.407631,0.567606,-0.057204,-0.153385,-0.491538,-0.039371,0.250775,-0.319005,0.139224,-0.246128,-0.443120,-0.843281,-0.111632,0.404994,0.572781,0.563646,1.413237,-0.277689,0.488394,0.322504,-0.109562,0.496706,-0.178477,-0.273126,0.185388,0.473402,0.654363,-0.334853,0.131784,-0.044389,-0.300359,-0.374259,-0.437701,0.161356,0.477604,-0.878178,0.462869,0.543611,0.260378,-0.268788,-0.020548,0.526398,0.759931,-0.519191,-0.122211,0.067221,-0.519603,-0.290391,-0.657631,0.230039,0.231404,0.831330,0.263836,0.105250,0.258007,-0.170512,0.314766,0.072872,-0.320435,0.221473,0.255043,0.029545,-0.054195,-0.997409,-0.159869,0.243243,-0.289493,-0.089360,-0.357799,0.667350,-0.252001,0.535036,-0.391944,1.035627,0.656058,-0.484362,-0.351547,0.242294,0.690895,-0.534072,0.681723,0.770919,-0.474186,0.745994,1.074942,0.208606,0.296039,0.526841,-0.109357,-1.212164,-0.054445,1.556776,-0.577588,0.277152,0.661308,-0.597363,0.232095,0.514974,0.024406,-0.846626,-0.371419,-0.008938,-0.080638,-0.535290,-0.431613,-0.257653,0.786031,-0.282421,-0.012762,-0.930208,-0.348335,0.876633,-0.396867,-0.204742,0.033274,-0.954977,-0.496282,0.142218,0.625911,0.348798,0.484555,0.140985,-0.092163,-0.001397,-0.660463,-0.663121,-0.140456,-0.108030,0.473496,0.667609,-0.628272,-0.769614,0.557944,-0.090880,-0.161458,0.784062,-0.895777,-0.191868,0.189947,-0.853386,0.055455,0.677926,0.035514,0.653290,0.812274,0.496985,-0.597361,0.339793,-0.304049,-0.079493,-0.531630,0.911758,-0.065110,-0.333715,-0.145288,0.878536,-0.341639,-0.118157,0.672950,0.477180,0.618916,-0.736607,0.134692,-0.541281,0.335254,0.143190,-0.377471,-0.232520,0.175012,-0.042859,-1.334745,-0.383890,-0.250362,0.328322,0.403580,-0.950573,-0.562520,0.242294,0.588557,0.103950,0.174804,0.241445,-0.052496,-0.384066,0.218154,-0.469776,-0.301832,-0.010679,0.679672,0.905101,0.048368,0.452218,-0.118879,1.320057,-0.270482,-0.709337,-1.018087,-0.090529,-0.270756,-0.348458,-0.171246,-0.350602,-0.094132,-0.552919,-0.511751,0.170384,-0.506733,0.553207,0.603779,0.444254,0.497850,0.294803,-0.210183,-0.417864,0.848892,0.509432,-0.214741,0.169471,0.672057,0.099264,0.402584,-0.128365,-0.241240,-0.342703,0.290562,-0.234780,-0.618319,0.420668,0.451001,0.408891,-0.072451,-0.388506,-0.016279,-0.110625,-0.115886
0.358777,0.369641,0.106855,-0.225354,0.661653,-0.184761,0.546349,0.713059,0.594758,0.110088,-0.114209,0.901360,0.155527,0.578677,-0.235681,1.237202,-0.115098,0.692728,-0.530354,-0.072611,0.113882,0.628659,-0.104259,-0.221560,0.283628,0.031553,0.466442,0.235933,-0.864147,1.340096,0.260515,-0.002015,0.125932,-0.785938,0.275351,-0.443396,-0.322398,0.368667,0.776150,-0.280895,0.080571,0.533529,-0.275298,0.242257,-0.097518,-0.429240,0.290327,-0.213928,0.232165,0.635774,-0.312356,-0.121353,-0.282519,-0.660235,0.260788,0.056601,-0.351286,0.498491,0.147821,0.627235,-0.162091,0.994197,-0.383177,-0.589161,-1.031044,0.713413,0.386315,-0.002890,0.086176,0.406004,-0.105860,-0.652030,-0.401257,-0.914770,0.528698,-0.505370,0.086470,0.418800,0.152968,0.296136,-0.205605,-0.015276,0.591500,0.516866,0.407815,-0.622902,0.449645,0.540478,-0.424763,-0.290285,-0.560674,-0.804799,-0.134791,-0.003218,-0.157522,-0.129058,-0.000418,-0.668825,-0.561044,-0.000638,0.208571,-0.092696,-0.524578,0.298897,0.547700,-0.424329,-0.005921,0.138569,-0.654983,0.355167,0.295194,0.330105,1.117157,-0.051139,0.109242,0.058840,-0.139987,0.779239,-0.614745,-0.099699,0.301447,0.560612,-0.360925,0.240884,-0.418396,-0.087581,0.110372,-0.566484,0.002675,-0.588345,-0.063592,-0.261201,0.379105,-0.520696,0.536916,-0.462627,-0.328313,0.108823,-0.035526,-0.761005,-0.499942,-0.016536,-0.731736,0.286563,0.214876,0.279548,0.075664,-0.422771,0.804070,-0.104314,-0.159018,0.279359,0.597203,0.795528,-0.280269,0.042091,-0.073708,-0.167174,0.756635,-0.514694,-0.040524,-0.360582,-0.037425,0.404765,-0.032617,-0.629819,-0.683380,0.056132,-0.132369,0.554221,-0.963710,-0.022539,-0.663754,0.608821,-0.042647,0.584129,0.204598,-0.005444,0.053275,-0.270182,-0.064436,-0.760211,0.385194,0.952313,-0.218715,0.564383,0.217385,-0.824763,-0.103121,-0.176705,0.389921,0.577212,0.197071,-0.088478,0.128848,0.306432,-0.615700,0.450733,0.239952,0.374814,0.387121,-0.329078,0.922570,-0.139688,0.782713,0.042799,0.313796,-0.679852,0.021061,-0.044588,0.690815,-0.781797,0.191184,0.385842,-0.226384,0.072151,-0.008153,0.086347,-0.004924,-0.826503,-0.279704,0.631072,0.158473,0.564556,0.416852,0.498008,0.433310,-0.257869,-0.524602,-0.360527,-0.504939,-0.410490,-0.219017,-0.570410,-0.250704,-0.580992,-0.834677,0.665883,0.343524,0.237078,0.697777,0.475402,-0.719257,0.207238,0.093503,-0.535207,-0.533367,0.213747,-0.606219,0.054357,0.412170,-0.088316,0.605590,-0.295101,-0.094167,-0.563169,-1.277852,0.197075,-0.405782,-0.072240,-0.430886,-0.804286,0.111081,0.531587,0.479169,0.261371,0.368923,0.124753,0.007887,-0.587754,0.197550,-0.096483,-0.408721,0.179009,-0.148764,0.444068,0.786005,-0.194649,-0.717479,1.141822,-0.665206,0.304395,-0.692783,-0.381929,-0.406880,-0.498806,-0.601737,0.173750,0.533202,-0.045287,-0.185080,0.299188,-0.152701,-0.702264,0.174363,0.429954,0.232028,-0.296831,-0.143111,0.110946,0.945708,0.326603,0.362421,0.640050,-0.456343,0.431327,-0.209373,0.163700,-0.231398,0.841579,-0.188561,-0.328746,-0.080591,0.201622,0.048788,0.383288,-1.288499,-1.152255,-0.506860,0.777649,0.296031,0.113679,0.255656,-0.309351,0.518412,-0.101928,0.406711,0.303246,-0.047599,-0.439313,0.158844,0.228437,0.652730,0.517982,-0.035607,-0.047361,-0.228383,-0.311975,-0.818633,-0.387237,-0.002833,-0.459665,-0.084731,0.359210,-0.783258,0.138924,-1.240879,0.163996,-0.681139,0.825995,1.022449,-1.048574,0.073268,-0.230450,0.460234,-0.201749,-0.431142,0.461395,0.356727,0.520298,-0.246425,-0.897191,-0.619859,-0.789991,0.003206,0.346292,0.073041,0.045989,0.588273,-0.107112,-0.384147,-0.494814,-0.073290,0.756420,-0.728179,0.125883,-0.775656,0.256525,0.079147,0.506159,0.500262,-0.360134,0.046945,-0.261322
-0.505002,-0.995084,-0.328963,-1.429079,0.057521,-0.474986,-0.140374,0.783793,-0.488011,0.059404,-0.177730,-0.430845,0.306637,-0.375975,0.168054,0.002041,-0.291571,-0.205992,0.367496,-0.063453,0.731520,-1.244654,-0.016160,0.361627,0.805854,0.101321,0.553939,1.022650,0.005130,0.023858,-0.818838,1.129877,0.058888,0.203078,0.095891,-0.075226,0.872488,-0.329913,-0.505327,-0.077774,0.077552,-0.235304,-0.205532,0.397255,0.569892,0.136351,-0.647949,-0.707143,-0.670524,0.320111,-0.746042,-1.014888,0.168529,0.182143,0.937923,0.036250,-0.557950,-0.406406,-0.609642,-0.069380,1.070254,-0.356487,-0.001381,0.025019,0.045188,-0.474347,0.432457,-0.361444,0.197404,0.103115,-0.508010,-0.820149,1.364768,1.092421,0.393556,-1.178431,0.641240,0.546451,0.002638,-0.804346,0.050704,-0.310021,0.064788,0.304246,-0.328702,0.021446,-0.328946,0.518174,0.203999,0.558992,-0.113828,0.192144,0.081767,0.010090,0.427749,-0.440394,-0.808361,0.266066,0.094194,-0.194727,-0.210237,0.625935,0.684869,-0.865795,-0.216074,-0.360159,-0.321093,0.378575,-0.380385,0.219644,0.755314,0.502675,0.237000,-0.492352,0.517452,-0.189937,0.666894,0.234433,-0.191970,-0.302014,0.058021,-0.475173,0.023694,0.380818,-0.282413,0.405345,-0.408335,0.315347,-0.531015,-0.319015,-0.155778,-0.143330,0.442497,-1.077902,0.059225,0.101272,-0.045464,-0.252195,0.394389,0.118998,-0.126735,-0.054499,-0.264726,0.002238,0.853598,-0.288941,0.105876,-0.603391,-0.507805,0.048280,-0.031918,0.020936,0.060643,-0.802173,-0.285190,-0.259333,-0.332835,-0.105449,0.146972,0.046948,-0.075791,-0.298256,-1.206772,0.231557,0.197732,-0.403741,-0.242775,-0.118204,0.352909,0.168220,-0.701252,1.231491,0.452387,0.031665,-0.101977,-0.195295,0.658688,0.303463,-0.588560,-0.445513,-0.423176,-0.545749,-0.863747,-0.080010,0.322833,0.569630,0.514914,0.053144,0.292163,-0.710133,-0.365873,-0.153289,0.377962,0.480451,-0.646397,-0.573800,-0.252797,-0.219588,-1.028359,0.736707,0.310623,-0.760159,0.106175,0.185362,0.239099,0.368275,-0.126212,0.268353,0.311655,0.382521,0.396031,-0.020623,-1.088157,0.093284,0.550428,0.142621,-0.302024,-0.248885,-0.717132,-0.629009,-0.106907,-0.988558,0.157826,-0.327442,-0.198154,-0.250486,0.151444,-0.112065,0.037558,0.573185,-0.413517,0.001772,0.322086,0.624002,-0.389178,0.126337,0.965773,-0.260278,-0.541351,0.637178,-0.132153,-0.043115,-0.320659,-0.424277,-0.154055,0.557940,0.322829,0.199622,-0.871735,-0.484817,-0.031861,-0.721158,-0.772644,-0.577836,0.078964,0.340749,-0.204047,0.762407,0.302430,-0.617907,-0.277149,0.754133,-0.409983,0.101740,-0.664814,-0.598131,0.252176,-0.426709,-1.007808,-0.101313,0.539237,0.061478,0.559598,-0.765877,0.676247,0.049314,-0.215771,0.417248,-0.050496,-0.109277,-0.042796,-0.184937,-0.392461,-0.601870,0.421912,0.047147,-0.448936,-0.774819,-0.720857,0.795142,0.532306,-0.520119,0.792170,-0.530084,0.771093,-0.288702,0.752806,-0.335527,-0.045139,0.128804,-0.214264,-0.052262,-0.393352,0.319377,0.076379,0.007841,-0.363888,-0.243000,0.138458,-0.202403,-0.141361,-0.617744,0.699005,0.617175,0.187265,-0.113509,0.357656,0.006622,-0.262782,-0.272409,-0.404594,-0.173257,0.252240,-0.708142,-0.389090,0.285418,-0.174703,0.358856,0.554898,-0.776492,-0.652865,0.690262,-0.365968,-0.948003,-0.061842,-0.262124,-0.132391,-0.117606,0.601888,-0.139759,0.661879,0.039889,-0.255649,-0.375517,-0.569398,0.877907,-0.041689,0.624514,0.146833,0.949692,0.128248,0.416138,-0.025352,0.190817,-0.140139,-0.040454,0.526285,0.624261,0.054053,0.402615,-0.187814,-0.242275,-0.191554,0.206721,-0.339251,0.978767,0.597562,-0.448055,-0.968617,0.248391,0.462376,0.072258,-0.442094,-0.601149,0.184588,-0.325278,0.367255,-0.020526,0.980304,0.625627,0.689009,0.355689,0.790095,0.309157
-0.003142,-1.408407,-0.253897,-0.142978,-0.652718,-0.110155,0.457169,0.851999,-0.746079,-0.013583,0.049529,-0.125366,-0.436627,0.035679,0.381126,0.576172,0.166029,-0.196356,-0.092722,-0.025593,-0.097801,0.688351,0.767374,0.229856,0.045325,0.476706,-0.030075,0.134401,0.165287,-0.416877,0.414560,-0.794743,-0.635137,0.118365,-0.287928,-1.131948,-0.260580,-0.562795,-0.932349,0.644571,0.201378,1.421900,-0.573167,0.205370,-0.464031,-0.688942,-0.153606,0.087361,-0.253841,-0.812453,-0.499717,-0.182176,0.653752,0.805667,0.602365,0.021717,0.204027,0.047127,0.161453,-1.033379,-0.033856,-0.146215,0.000390,-0.085007,0.448395,-0.565612,-1.067551,-0.189279,0.071779,0.322782,0.457113,0.556316,-0.645711,-0.121288,0.701101,-0.985973,0.275167,-0.374419,0.679510,0.385945,0.414739,-0.304418,-0.396679,0.378888,-0.217147,0.411141,0.333648,-0.695034,0.636019,-0.062572,0.420247,0.237338,0.473993,-0.021989,-0.584101,-0.332555,-0.097672,-0.113485,-0.546963,-0.195718,-0.246330,0.037386,-0.474300,-0.820953,0.972063,-1.213359,-0.461179,-0.053581,-1.403591,-0.761363,0.059815,0.759226,0.609180,0.495932,0.137203,-0.380270,-0.435463,-0.821242,-0.365463,-0.057683,0.157979,-0.185699,-0.725754,0.048245,-0.153320,-0.389076,-0.209370,-0.612350,0.292264,0.317314,0.621683,0.005091,-0.042576,0.008219,0.166742,0.286454,0.459513,-0.104330,0.644426,-0.632891,0.757503,0.200336,-0.908266,-0.084652,-0.100108,-0.138554,0.330033,-0.162138,-0.668181,-0.015937,0.813373,0.071182,0.193624,-0.133796,-0.158803,0.323910,-0.469992,0.085730,0.601566,-0.549896,0.505909,-0.781957,-0.213212,0.167130,0.446290,0.127007,0.282843,0.083193,-0.413361,-0.340088,-0.143458,0.086426,0.267280,0.640583,0.046917,-0.370778,0.669184,0.398548,-0.583943,-0.058283,-0.319749,-0.936434,0.091997,0.470919,0.238292,-0.678278,-0.760232,0.852853,-0.265058,0.181849,1.135448,0.822357,0.129056,0.224936,0.240280,-0.052308,0.806330,0.640147,0.446351,0.422184,0.374184,0.170131,0.452864,-0.016317,0.220329,-0.931027,-0.814874,0.601965,0.448318,-0.557878,-0.098451,-0.716197,-0.829921,-0.644923,-0.384238,-0.377280,-0.238771,0.519703,0.526026,-0.087366,-0.041531,-0.297145,-0.401373,-0.591273,0.313969,0.223331,0.262936,0.218170,-0.497606,-0.010295,1.309241,0.293342,1.227289,-0.469058,0.176236,-0.393447,-0.047030,0.871528,-0.537164,0.248022,-0.115814,0.025001,0.360524,-0.067163,-0.143495,0.016702,0.082344,-0.782139,-0.262392,-0.795263,-0.072675,0.799824,0.181128,-0.182440,-0.302180,0.572648,0.265288,0.166210,0.440385,0.812440,0.124240,0.670550,-0.419704,0.034294,0.611067,-0.074652,-0.334773,0.255103,-0.045636,0.157437,0.352439,-0.140086,0.324723,-0.261967,-0.182484,0.536571,0.195913,0.793341,0.180419,-0.688466,-0.437022,-0.445156,-0.251432,-0.365263,-0.345645,0.115559,-0.602727,-0.588486,-0.698557,0.329324,-0.000962,0.449860,-0.216345,-0.314714,-0.221976,-0.180742,-0.445270,-0.374612,0.502459,0.278749,-0.138457,1.083684,-0.416641,-0.003168,0.446646,-0.030668,-0.337147,0.379037,-0.183425,-0.300468,0.345296,0.095747,-0.374310,0.463995,-0.774652,-0.246158,-0.305357,-0.815362,-0.026452,-0.790050,-0.015964,0.678572,-0.247897,0.142849,0.301062,-0.414677,0.019030,0.133069,-0.239943,0.363444,-0.274976,-0.023788,0.284382,0.863688,0.242302,-1.045557,-0.110410,0.200860,-0.259995,-0.088078,-0.450638,0.479394,-0.242386,-0.009747,0.756566,-0.641269,0.355099,0.321180,0.024514,0.088229,-0.384183,0.177544,0.523304,0.305768,-0.516070,0.419740,0.999387,-0.268803,-0.177242,-0.151769,-0.084276,0.323838,-0.802618,-0.229529,0.162168,-0.284858,0.063117,0.623668,0.280297,0.336668,0.662402,0.497527,-0.407599,-0.246426,-0.150579,0.290295,-0.449568,0.215317,0.237968,-0.784442,0.828142,0.179791,-0.627338,0.320313
-0.594835,-0.619278,-0.388756,-0.323718,0.890858,0.452970,0.001196,0.334471,-0.077593,0.428202,0.212440,0.130376,-0.493617,0.333920,-0.079142,-0.039297,-0.422114,-0.206134,-0.275798,-0.677757,0.332236,0.204546,0.772207,-0.454284,0.245330,0.169733,-1.223890,0.033032,0.240669,0.512101,0.439018,0.556383,0.579350,-0.307562,-0.159332,-0.857527,0.040294,-0.458829,-0.044341,-0.705437,0.949312,-0.419359,0.265920,-0.587848,-0.227357,0.129196,-0.206964,0.009873,-0.282212,-0.600049,0.076439,0.707954,-0.328436,-0.201389,0.302349,-0.322018,0.055324,-0.296106,-0.043815,-0.829760,0.124801,-0.041976,-0.425796,-0.501367,-0.093643,-0.098514,0.336522,0.258976,-0.511966,-0.035850,-0.164704,0.345542,-0.125978,0.596983,-0.723312,-1.175637,0.778019,0.494279,-1.060086,-0.194646,0.029826,-0.238155,-0.427013,-1.484763,0.088291,-0.741025,1.269826,-0.258487,1.092957,0.821586,0.410895,0.974825,-1.021702,-0.352297,-0.993906,0.292641,0.571497,0.185460,-0.741094,-0.145601,-0.558133,-0.739985,-0.514856,-0.604726,0.435879,-0.478525,0.135762,-0.077166,0.269900,-0.026923,0.550198,0.517576,-0.255014,1.265040,-0.130919,-1.113865,-0.064384,0.106547,0.125838,0.006013,-0.109382,0.012954,-0.404379,0.172228,0.124473,-0.683693,0.293764,0.448576,-0.040362,0.374094,0.531287,0.481685,0.595893,-0.186589,0.461340,0.416014,-0.733718,-0.403371,0.705920,0.388924,-0.124988,0.071229,-0.137454,-0.428448,0.729955,0.315992,-0.089289,0.521651,-0.159435,-0.212484,-0.168191,0.232793,0.478237,0.344818,-0.042853,-0.053477,-0.934585,0.157275,0.141523,0.564009,-0.082991,-0.933729,0.176389,0.285821,-0.689046,-0.096628,0.116026,-0.351764,-0.740624,-0.756886,-0.167795,-0.573957,0.547404,0.366027,0.088584,-0.010555,0.127902,-0.664875,-0.024500,0.091601,-0.367599,-0.024215,-0.317729,-0.136038,-0.666877,0.111106,0.226595,-0.292520,0.309642,-0.357696,1.096665,0.045289,0.320886,-0.235727,-0.264821,-0.073193,0.617191,0.214115,0.083935,-0.171114,-0.113798,-0.315259,0.187415,-0.085001,-0.401580,0.778238,-0.024901,-0.815689,-0.399470,-0.075503,0.220031,0.332320,0.397735,0.382257,0.336454,-0.384060,-0.415969,-0.341113,-0.627797,-0.912962,-0.293140,-0.204448,-0.167096,1.148790,-0.710316,0.596589,-0.027701,-0.728801,-1.214102,0.427037,-0.897131,0.004487,-0.688250,0.018174,-0.326434,-0.024916,-0.553309,-0.427056,-0.695140,-0.950702,0.484023,-0.075322,-0.384831,-0.950801,-1.312445,1.079375,-0.086868,0.394682,0.159597,-0.051805,0.750942,-0.212802,-0.166344,0.670063,-0.195245,0.644750,0.681450,0.892153,0.147638,0.650858,-0.424847,0.624129,-0.307437,0.521767,-0.004921,-0.171595,0.304307,-0.531817,-0.697345,0.099945,0.538142,0.044737,0.107074,0.597199,0.283989,0.006339,0.607399,0.634195,-0.699805,-1.740407,0.079989,0.811578,0.429147,0.405231,0.186860,-0.469866,-0.575884,-0.342077,-0.051330,0.588319,0.599835,1.138198,-1.384326,-0.269463,0.372637,0.377749,-0.153574,0.215644,-0.666354,0.576844,0.746340,-0.231312,0.320331,0.392105,-0.137550,0.181246,-0.455238,0.329772,-0.292648,-0.414861,-0.152121,0.428633,0.574295,-0.534494,-0.446113,-0.532041,0.239758,-0.406005,-0.415212,-0.090517,0.266048,0.221820,0.063750,-0.861035,0.632800,-0.011628,-0.162423,-0.388309,0.737560,0.541569,-0.575116,-0.837118,0.917293,-0.070614,-0.031406,-0.102293,-0.193827,-0.717192,-0.241548,0.076514,0.594684,1.061910,-0.100401,-0.002167,-0.272874,1.013704,-0.474535,-0.780576,0.585841,-0.550499,-0.352299,0.233609,0.344604,-0.079177,0.150334,0.649209,-1.002101,-0.204441,-0.758415,-0.228888,0.320803,-1.465900,0.556632,-0.547363,0.816224,0.078193,0.435588,-0.009346,0.341136,-0.014582,-0.279687,-0.572441,-0.504271,-0.711617,0.304838,-0.091776,0.421226,0.648758,0.124315,0.186214,0.004835,0.266735,0.012743,0.072660
-0.150868,-0.096480,-0.840912,0.321569,0.315336,0.001768,-0.654739,-0.251833,0.472893,0.111770,-0.012129,0.204630,0.543680,-0.209522,-0.386824,0.078617,-0.283702,0.251320,0.211828,0.650419,0.543439,-0.676496,0.538503,-0.128286,-0.482749,0.509557,-0.214984,0.951437,-0.940867,-0.565601,-0.084290,-0.049589,-0.516320,0.044910,-0.299798,0.365046,0.028473,0.628626,0.298460,0.160083,0.464437,0.004898,0.364167,0.459542,0.175338,-0.087756,0.872664,0.331807,-0.561336,-0.133242,0.172034,-1.011283,0.326093,-0.319187,0.132731,0.651023,0.927354,0.414224,-0.464622,-0.604010,-0.472039,0.675465,-0.515268,0.515099,0.105792,0.231989,-0.680826,-0.527753,-0.337063,0.301474,-0.036891,-0.234663,-0.818166,0.814052,0.583106,0.467171,-0.201024,-0.530384,-0.535806,0.406831,-0.110785,-0.970034,0.846357,-0.306190,0.157733,-0.199202,-0.478732,-0.324214,-0.283845,0.059488,-0.280736,-0.328294,-0.653652,0.618313,-1.487754,0.365161,-0.107893,0.007239,0.163145,-0.288805,-0.008034,0.200178,0.125251,0.202105,0.502596,-0.183486,-0.435121,0.350408,0.721703,-0.846358,0.125632,-0.499824,-0.674523,-0.058050,-0.028056,-1.170902,-1.163925,-0.242861,0.292345,-0.096528,-0.775822,0.512452,-0.249100,-0.264062,-0.436158,0.427987,-0.532970,0.124416,0.158793,-0.836543,0.620322,0.704200,0.261629,0.172300,0.310660,0.161281,-0.395707,-0.266514,0.254204,0.554621,-0.196564,-0.590643,0.015557,-0.040582,0.878198,-0.160486,0.738904,0.829584,0.663350,0.704988,-0.239685,0.633090,-1.040232,0.241621,-0.906530,0.108144,-0.037669,-0.159119,1.014498,-0.277316,-0.966804,-0.992374,-0.721061,0.425222,0.422214,-1.119211,0.062315,0.337059,-0.095311,0.540079,0.080055,-0.034046,-0.933201,-0.258865,-0.221253,0.042743,-0.535471,0.817475,1.111034,-0.317607,-0.285275,-0.224985,-0.707872,-0.425311,0.025694,0.684667,0.652265,0.022769,-0.426771,0.653502,0.676284,0.075027,-0.313820,0.004126,0.569395,0.106834,-0.517084,-0.637895,0.257875,-0.117143,0.227548,0.535633,0.421851,0.715077,0.899846,-0.258772,-0.335224,-0.127346,-0.122773,-0.057965,-0.715056,0.066383,0.117699,-0.521375,0.289294,0.771707,0.951466,-0.713978,-0.282938,0.518266,0.333413,0.826299,0.419755,-0.564874,0.088055,0.144959,0.048894,0.462156,0.226967,-0.306475,0.484472,-0.516331,0.409678,0.477555,0.029447,-0.242988,-0.324866,-0.880645,-0.420676,0.516579,-0.449950,0.380697,0.464766,-0.086258,0.221966,0.075015,-0.276076,0.006861,-0.442972,-0.130095,0.656413,-0.584714,0.402578,-0.226923,0.334524,0.207229,-0.624240,-0.624036,-0.646672,-0.694101,-0.883338,-0.020232,0.032791,-0.340965,0.182563,-0.318100,0.098960,-0.481220,-0.258128,0.299451,-0.169351,-1.019266,0.033591,-0.367981,-0.274740,-0.089235,0.274923,-0.361486,0.701316,-0.086447,0.102744,0.781574,1.140998,-0.296230,-0.760413,-0.681463,-0.501673,1.120636,0.285745,0.482439,0.577499,0.446159,-0.386403,0.088052,0.547194,-0.151888,0.192558,-0.139419,-0.416257,0.638983,-1.061980,0.611678,0.419770,-0.004105,0.449615,-0.170285,-0.359766,-0.765074,0.443338,-0.787979,0.091238,-0.650028,-0.507649,-0.020515,-0.264633,-0.464526,0.423890,0.418072,0.267670,0.247703,-0.662436,-0.192100,-0.470263,-0.613336,0.365431,-0.298319,-0.163714,0.187621,-0.978735,0.475554,-0.118162,-0.385483,-0.225122,1.149339,0.452862,-0.204805,0.760411,0.272563,-0.892972,-1.059812,-0.115156,-0.243572,-0.506132,-0.478165,-0.245909,-0.530530,0.088485,0.421662,-0.054007,0.882548,-0.591679,0.481843,-0.330349,0.675599,0.126551,-0.290082,0.384244,0.442732,-0.572083,0.455979,0.579919,0.581563,-0.213343,0.186179,-0.321076,0.751920,-0.497485,0.236446,0.842584,0.164665,0.663800,-0.031891,0.523344,-0.197338,-0.004708,0.306507,0.040293,0.262414,-0.638340,0.440220,0.077480,0.263959,-0.135084,0.007958
