0.638624,0.752066,0.892700,1.759237,2.564855,2.193956,2.677410,2.893521,3.007069,2.181871,1.084434,0.685364,0.802282,0.214210,-0.765165,-1.045116,-1.740239,-1.090290,-0.790811,-0.064407,0.156673,-0.687894,-0.134376,1.407664,1.165261,1.022957,1.355165,1.145728,0.738991,0.236559,0.105927,0.243039,-1.363060,-1.771904,-1.406537,-1.853797,-3.554368,-2.854777,-2.493891,-1.856261,-0.976550,-1.173825,0.000657,0.187763,1.229227,1.195514,1.575553,2.727537,1.788412,3.253188,1.844729,1.489224,2.025489,1.208009,0.796482,-0.356424,-0.866561,-0.909821,-0.719102,-0.852902,-1.416928,-0.836179,-1.209413,-0.544682,0.146255,1.062851,1.414532,0.907659,2.019558,0.701636,1.210586,-0.144006,0.822693,-0.354541,-0.971487,-1.837666,-1.388043,-3.108350,-1.958404,-1.848955,-2.042609,-2.049506,-2.736975,-2.945623,-0.761395,0.138381,0.382256,1.665801,1.539944,2.056627,2.425908,2.124826,1.733626,1.698590,2.068184,1.379116,0.754346,0.600534,-0.208551,-1.194323,-0.583301,-1.719365,-1.370288,-1.345354,-0.390965,-0.651341,-0.091522,-0.067193,0.795166,1.225230,0.854601,0.879105,1.269290,1.092925,1.665983,0.637642,0.849131,-0.210012,-1.170232,-1.949827,-2.580310,-2.506173,-2.317937,-2.232125,-2.241948,-0.780584,-1.826801,-0.573135,-0.129603,0.202059,1.137635,2.097024,1.514298,3.114474,3.781731,1.799302,1.766751,1.181253,0.831961,0.404891,0.177596,-0.041596,-0.833202,-1.246691,-1.160534,-1.386945,-0.458069,-1.451466,-0.409873,-0.141836,0.867431,1.712499,1.243568,1.597188,1.389508,1.066272,0.405064,1.170515,0.204658,-0.988222,-0.555986,-1.521560,-2.349552,-3.383349,-2.450833,-2.622885,-2.566390,-1.628310,-1.072556,-1.044263,-0.670879,0.799425,0.505122,1.509350,2.572289,1.934884,3.084618,3.317472,2.224126,2.224741,1.300150,0.864093,-0.361806,0.877392,-0.989158,-1.099414,-1.703299,-0.045244,-0.856721,-0.291663,-1.339344,-0.211548,-0.480788,0.650720,1.129559,1.176726,0.827791,1.782742,0.558316,0.490542,0.452398,-1.136282,-0.866491,-1.977431,-2.436306,-2.566757,-2.667189,-2.457750,-2.442029,-2.865143,-1.822834,-1.302883,-0.474370,0.638614,0.116008,1.414252,3.007323,1.674767,3.031488,3.091339,3.485684,1.866175,1.056930,1.262331,0.751799,-0.218913,-0.721776,-0.314526,-1.345074,-1.933642,-1.607333,-1.367861,-1.130687,0.243709,0.980688,0.661658,1.633957,1.440730,0.724426,1.535373,0.943898,0.750565,0.208917,-0.073626,-0.284373,-1.690384,-1.572636,-1.983378,-2.217490,-1.768827,-2.926875,-2.924077,-2.063134,-2.269023,-1.867876,0.435324,-0.309870,2.115210,0.449467,2.295375,2.773160,2.599439,2.505353,1.701108,1.745555,1.989527,1.367472,0.166070,-0.412729,-0.991715,-1.009730,-2.082539,-1.642954,-1.757119,-0.854415,-1.273272,-0.481826,0.685568,0.863224,0.716683,1.232538,1.258226,1.141223,0.846704,0.630040,0.452181,-0.072710,-0.807833,-2.128878,-2.296206,-2.642039,-2.887132,-3.140796,-2.026098,-2.439445,-2.927265,-1.382145,-0.525074,0.105090,0.530376,1.277663,2.503865,3.376388,2.854836,3.606711,2.502873,2.462720,2.385701,2.057993,0.645828,0.277096,-0.846642,-1.133443,-0.784309,-1.310245,-1.723363,-1.244875,-0.654920,-0.879434,-0.203586,0.104967,1.033073,0.538923,1.354223,1.732547,2.107731,0.511176,0.262621,0.547931,-0.391660,-1.051523,-0.848347,-0.885648,-1.859198,-2.286222,-2.873941,-1.934063,-2.165119,-1.678722,-0.868981,0.052597,0.170155,0.937407,1.445898,2.054424,2.264272,2.005320,2.673817,2.780955,2.457943,1.827529,1.041670,0.358039,-0.275163,-0.197673,-1.571497,-1.723718,-1.488472,-0.977119,-0.177905,-0.734018,-0.839688,0.468563,0.395871,1.162774,0.531907,1.658545,1.124938,1.107757,0.362726,0.576469,0.946832,-1.155256,-1.880275,-1.542856,-2.764692,-2.804708,-1.968558,-2.419744,-1.893615,-1.518552,-1.472496,-0.132839,-0.339822
0.302966,0.859139,1.567100,2.257207,3.031851,3.102818,2.579755,2.707383,1.590034,0.964021,1.277473,-0.332341,-0.217246,-0.928374,-1.352218,-1.032111,-0.937242,-1.933922,-0.700343,-0.555830,-0.388942,0.401693,0.957753,0.489828,1.312487,1.033227,1.643240,1.230103,0.199765,1.270151,0.825317,-0.236748,-2.070689,-1.888316,-1.077786,-3.493837,-2.473122,-2.247790,-2.724389,-2.042106,-2.464421,-1.193518,-1.115088,1.213728,2.333365,1.666281,1.910252,3.080154,2.533153,2.562718,2.515221,2.139006,1.393036,1.005630,1.167384,-0.207780,0.397232,-1.847272,-1.544868,-0.545852,-0.532423,-0.489758,-1.696359,-0.597681,0.524849,0.338500,1.558596,1.351827,0.742427,1.654407,1.114703,0.582379,-0.702854,-0.446372,-0.580171,-1.049323,-1.491681,-2.829604,-2.658333,-3.026402,-2.876211,-2.830721,-2.562094,-2.234724,0.106584,-0.081112,-0.160007,0.999325,2.745450,2.638001,2.152747,3.324949,2.133911,2.689620,2.238718,0.371827,0.676862,0.481326,-0.392875,-0.135101,-0.835077,-1.462140,-0.729528,-0.770725,-0.290362,-1.236218,-0.323597,-0.311610,1.361206,1.128626,0.762703,0.972018,1.171564,1.304707,1.074605,1.052542,-0.340576,-0.711845,-1.415831,-1.700003,-2.094362,-3.508017,-2.918924,-2.877228,-2.599321,-1.496307,-1.460070,-0.504147,0.367980,0.706083,1.395366,2.313143,2.767488,2.993910,3.107587,1.925470,3.008732,2.517708,0.808686,-0.115012,-0.013173,-0.482077,-1.069439,-1.510543,-0.715964,-1.945562,-1.783783,-1.139390,-0.752435,0.461521,-0.018139,0.491841,0.921449,1.125688,1.768944,1.502196,0.390926,0.257152,0.176231,-0.752900,-1.122690,-2.132418,-2.601130,-2.958967,-2.806590,-2.602906,-2.671283,-2.536986,-2.609741,-0.263010,-0.242053,0.563745,1.690852,1.996340,2.144057,3.201037,2.363821,2.244016,1.444904,1.284401,1.444814,1.490006,0.635693,0.080203,-0.802079,-1.486919,-1.606798,-0.681531,-1.060824,-0.260851,-0.362017,-0.114618,0.652823,1.189357,0.147835,1.145890,2.248792,1.397010,0.923977,1.280359,0.633592,0.195578,0.043192,-1.350102,-1.821193,-2.605518,-2.825502,-3.727969,-2.920092,-2.316397,-1.833433,-1.520704,-0.404784,0.001060,1.178791,2.023773,2.039376,1.304893,2.085653,2.285182,2.970232,2.008457,1.812672,0.862769,1.361723,-0.269437,-1.136975,-0.126090,0.162549,-1.694424,-0.883721,-1.598577,-0.993381,-0.321677,-0.746446,1.335966,0.793434,1.279620,0.543516,0.786622,1.624983,0.454035,-0.282976,0.232298,-1.255183,-1.069712,-1.109902,-2.506122,-1.476103,-3.060938,-2.521749,-2.857414,-1.654280,-1.872406,-0.703646,-0.069727,-0.207044,1.634536,2.455821,2.828121,2.939346,3.375655,3.468958,2.688624,2.238665,1.390520,1.495200,0.107698,0.572845,-1.341890,-1.285161,-1.322130,-0.626584,-0.386298,-0.408085,0.084363,-0.357111,0.262100,0.436472,0.989142,1.987187,1.337303,1.029745,-0.067720,1.065911,1.324642,-0.418428,-0.635065,-1.053528,-2.409858,-2.224418,-3.140560,-2.813297,-1.270293,-3.343348,-1.714357,-1.616364,-0.902003,0.045809,-0.393356,0.090804,2.194871,2.534023,2.317578,1.964243,1.911150,2.282069,1.804738,0.772466,0.329213,-0.359307,-0.267071,-1.283410,-2.369051,-1.498480,-1.346944,-1.108776,-1.306516,-0.249404,0.451278,-0.186090,0.840164,1.740776,0.845910,0.238161,1.802399,0.958294,0.609384,0.008730,-1.070849,-1.276025,-1.434092,-2.177633,-1.133093,-3.165644,-2.530003,-2.866355,-1.889195,-1.877910,-0.951169,-0.360312,0.102398,1.013547,0.639510,2.432226,3.039701,2.327766,3.212929,2.015570,1.982376,1.880901,0.907884,0.245189,-0.276341,0.318465,-0.903909,-1.529383,-1.437775,-1.621973,-0.963308,-1.205212,-1.093664,-0.069734,0.108131,0.714021,1.341754,1.150850,1.144060,1.511202,0.714759,0.487897,0.393917,-0.938239,-0.622974,-1.700818,-2.179863,-2.669283,-2.847425,-1.942979,-1.966491,-1.769964,-0.910317,-0.648592,0.113150
-0.806452,1.266340,0.402187,1.154594,1.475439,2.740679,3.127094,2.721853,2.235962,2.203383,1.518690,1.124765,0.021308,-0.383759,-0.318114,-1.337481,-1.342831,-2.379490,-1.522453,-0.257463,0.292183,0.039821,0.869851,1.120075,0.811101,1.544923,0.934114,1.514799,1.036913,0.740153,-0.056837,-1.035668,-0.397950,-1.554977,-2.148299,-1.820873,-2.784657,-2.616910,-2.913530,-1.945724,-2.000528,-1.410527,-0.148761,0.537001,1.291194,1.458116,2.109129,2.422618,2.920649,2.958498,2.391726,2.415592,1.952741,1.013431,0.626556,-0.126262,-0.191729,-0.725925,-0.833274,-1.523118,-1.112837,-1.652532,-0.465950,0.377407,-0.354389,0.281354,1.166151,0.372185,0.957043,1.348138,1.543166,1.236243,0.869645,0.435209,-0.356551,-0.838692,-1.087484,-2.701086,-1.455201,-2.676097,-2.036126,-2.821479,-1.361015,-1.237505,-1.360916,0.480654,0.761800,1.456736,2.634154,2.649949,1.689216,3.223511,2.239702,2.121734,2.653623,0.770603,0.542884,0.092931,-0.334184,-0.835245,-1.146493,-0.697512,-1.482575,-1.191756,-0.819371,-0.794502,-0.699838,0.731911,0.752312,0.463997,1.412655,1.122536,2.085625,1.034975,0.591100,0.117989,-0.166398,-0.929528,-2.421753,-2.767208,-2.146270,-3.443767,-2.431277,-2.096840,-1.803534,-1.394886,-0.944163,0.315523,0.030769,0.156851,2.549768,2.207750,2.871316,2.305773,2.844453,3.038158,1.752136,1.166637,0.624300,0.954754,0.053049,-0.393939,-1.698465,-1.452360,-1.640325,-1.776937,-1.289935,-1.508442,-0.199583,0.198166,1.196241,1.442801,0.771884,1.672682,1.085727,1.210506,0.822202,0.793588,-0.539022,-0.197861,-1.496967,-1.445795,-1.049622,-2.352193,-3.420672,-3.083006,-2.415923,-1.755260,-0.759342,-1.384349,0.652064,0.571228,1.471185,2.057583,2.405597,2.470592,2.174532,2.514746,1.646890,1.560751,1.341158,1.463841,0.719224,-0.189141,-0.961540,-0.660633,-0.415410,-1.512101,-0.765305,-1.537029,-0.980185,-1.009580,0.234196,-0.206681,0.735192,0.875709,1.712882,1.317696,1.055326,0.940278,-0.057245,-0.797552,-0.188583,-2.442393,-2.241563,-2.227237,-2.468770,-3.409713,-1.899530,-3.143726,-2.048526,-1.828633,-0.626296,0.376045,1.048386,1.807382,1.077251,2.629307,2.895387,2.244525,3.163536,2.358222,1.988949,0.519849,1.185893,-0.420142,-0.180150,-0.098005,-1.709474,-0.869868,-1.788819,-0.619013,-0.897996,-0.685562,0.810820,-0.111710,0.745335,0.081599,2.367219,0.776727,0.970135,0.979891,0.267722,-0.925322,-0.513439,-1.581810,-1.261414,-2.147361,-3.365792,-2.642604,-2.529688,-2.972883,-1.833031,-1.901793,-0.583274,-0.257673,0.519259,0.837068,0.774833,2.364129,2.321216,2.446694,3.087805,3.013731,1.461127,1.698363,1.003196,0.768395,0.192547,0.432448,-1.733451,-1.126975,-0.678050,-0.435582,-1.390935,0.061974,-0.468889,0.320413,0.582425,1.171379,1.726656,0.387475,1.270939,0.338532,1.344353,0.191093,0.338463,-0.463116,-0.486088,-1.711154,-1.330295,-3.013527,-3.007878,-2.751036,-2.143223,-2.417993,-1.451431,-0.487974,0.053812,1.522237,0.823347,1.676998,2.798329,1.921293,1.875074,2.817308,1.693843,1.510564,0.932436,-0.036717,-0.505313,-0.810482,-0.848868,-1.261793,-0.801089,-1.552855,-0.874439,-0.795110,-0.202308,0.037689,-0.158259,0.123374,1.870656,1.373321,1.931602,0.520634,0.223105,0.647852,0.198977,-0.864581,-0.673770,-1.398050,-2.640705,-2.070939,-3.258511,-3.201798,-2.480641,-3.043420,-2.033156,-2.066218,-0.806230,0.331906,1.486052,2.652765,1.731054,3.200420,2.816907,2.828923,2.906260,2.438936,1.460215,-0.173272,0.289682,0.633688,-0.792044,-0.826918,-1.649399,-1.861938,-0.492066,-1.272890,-1.214778,-0.160821,-0.398024,0.641295,1.278139,0.679334,1.429234,0.540120,1.003471,1.203693,0.354417,-0.002877,-0.400615,-1.432550,-2.067982,-1.727765,-3.252909,-2.830769,-2.926037,-2.829361,-2.145021,-1.495396,-0.535024,-1.118411
0.079119,0.583318,1.827412,2.233796,3.069079,2.148670,2.585874,2.734052,2.371696,1.999245,1.361511,0.086916,-0.125033,-0.912810,-0.800076,-2.001409,-0.961097,-1.051773,-1.555894,-0.556093,0.090970,0.037867,0.161704,0.682476,0.243458,0.413997,1.742458,1.186039,0.567353,0.310382,-1.269749,-0.789858,-1.159396,-1.576449,-1.810848,-2.624029,-2.444433,-2.641379,-2.354778,-2.821337,-2.377561,-1.212502,-0.306788,-0.232619,1.791736,1.160632,1.740101,2.748534,2.910058,2.671588,2.392298,1.736126,0.926656,1.019130,0.224302,0.051476,-0.750408,-0.548546,-0.932482,-1.246499,-1.551755,-1.090740,-1.030694,0.633643,1.296822,0.330044,0.722140,0.864475,0.917278,1.367558,1.864844,0.325830,0.477433,-0.067192,-0.904191,-1.081726,-1.965769,-2.586005,-2.830567,-2.545756,-3.179982,-2.563985,-2.045561,-2.058168,-1.271524,0.982368,0.540815,0.908011,1.493549,1.174802,2.677819,3.024176,2.102693,2.025403,2.285166,1.351837,0.723527,-0.177355,1.071801,-1.837953,-1.347078,-0.980095,-1.103233,-1.206898,-0.936300,0.423761,-0.246009,1.165242,1.018976,1.095731,1.205185,1.569020,0.704631,0.693819,0.167877,0.183855,-1.378706,-1.146623,-1.883828,-2.140169,-1.656159,-2.149367,-1.932625,-2.745828,-1.964871,-1.633581,-0.529602,-0.959632,0.110337,1.664440,1.445509,1.709933,2.426737,2.467591,2.297751,1.747037,2.336465,2.335093,0.835012,0.344119,0.319869,-0.170773,-0.827781,-0.819896,-1.785148,-1.487947,-0.606588,-0.672454,-0.683125,0.200193,-0.311106,1.077609,1.123573,1.199008,1.505381,0.276531,1.432901,-0.400267,-0.031349,-1.019175,-1.645525,-1.781744,-1.515579,-2.737028,-2.698051,-3.350849,-2.461097,-1.754309,-1.674128,-1.361623,-0.440040,0.377085,1.686019,1.574400,2.576413,3.457928,3.570364,2.635250,2.961889,2.552009,1.481248,0.473548,-0.647562,-0.286783,-1.296537,-1.284995,-0.715644,-0.399857,-2.023885,-0.172349,-0.852392,-0.161066,0.460923,0.457253,1.026227,0.367726,1.465328,1.718573,1.308713,1.014041,0.344820,0.172203,-0.856919,-2.088744,-2.324061,-1.843527,-3.125827,-2.222250,-2.993323,-1.520590,-1.941289,-1.569600,-1.164815,0.467003,0.595480,1.357783,1.886545,2.560942,3.118677,2.255037,3.131915,3.155104,1.534847,1.053687,0.374921,-0.217091,-0.940541,-0.323623,-1.973051,-1.476097,-1.516601,-1.274898,-1.412422,-0.442890,1.045568,1.015101,1.133878,1.440945,1.271200,0.880099,1.420270,-0.216348,0.087891,0.196219,-1.316227,-1.044181,-1.675273,-1.736657,-2.965923,-2.630042,-2.285764,-2.205384,-1.432564,-1.665505,-1.908324,0.071256,-0.040569,0.892439,1.552097,2.548089,2.326721,2.390357,3.708322,3.079168,2.855834,1.658090,1.249668,0.959321,-0.552649,-0.345185,-0.696528,-1.042407,-0.694436,-0.905832,-0.698273,-0.547505,-0.738557,0.140005,0.355230,0.364109,1.203355,0.766034,1.265854,1.225678,1.109246,0.422623,0.260147,-0.951924,-2.190387,-1.200805,-2.012164,-2.372772,-2.790314,-2.562883,-2.416828,-2.168861,-1.121330,0.449069,-0.156797,0.042626,1.411927,1.554308,1.807903,3.392523,2.554489,2.386989,2.210191,1.727042,0.212483,0.646036,0.289196,-0.081280,-1.218784,-1.096505,-1.436645,-1.533654,-1.233833,-1.057523,-0.803162,0.653353,0.499296,0.944648,1.045372,1.563333,0.992653,2.140606,1.186742,1.171494,-0.244868,-0.730175,-0.753282,-1.797766,-2.828741,-2.615090,-3.653047,-2.917267,-3.185599,-2.705037,-2.289752,-0.957876,-0.710102,1.173178,1.099867,1.464764,1.562488,3.130722,3.077365,2.879839,2.290260,2.234019,1.545428,0.892187,0.225844,-0.778165,-0.233034,-0.695753,-1.041558,-1.269047,-1.086283,-0.790069,-1.006612,-1.237267,0.966392,0.782953,2.085976,1.877797,2.343108,0.625418,0.807822,0.579748,1.286870,-0.339862,-0.688070,-1.290958,-1.716798,-2.173850,-2.698740,-2.504745,-2.288065,-3.059729,-1.268336,-1.481757,-0.788799,0.677318
0.153439,0.795958,2.650050,1.694784,1.951929,2.511814,2.608081,1.872145,2.148306,1.973536,0.617994,0.260454,0.409497,0.176140,0.014709,-1.342146,-1.138431,-1.001308,-0.602911,-0.790983,-0.771735,0.098098,0.594258,0.878354,0.754337,1.569724,1.514298,1.157673,0.642473,0.680330,0.589827,-0.519698,-1.074924,-1.879737,-2.535227,-2.239132,-2.765512,-2.909443,-2.872166,-2.718906,-1.356274,-1.987214,0.292128,0.189223,0.617696,1.532188,2.500477,2.885909,1.767636,2.353794,2.035260,2.206543,1.751255,1.638525,1.674094,0.028057,-0.344521,0.027451,-1.169030,-1.570330,-1.307091,-0.276521,-0.686357,-0.378742,0.330431,0.251606,0.695961,0.815512,1.034555,1.857773,1.197216,0.670484,1.000054,-0.657556,-1.491065,-0.960347,-1.195538,-2.289837,-2.942600,-1.796352,-2.786045,-1.580960,-2.463080,-1.567826,-1.248268,0.427186,0.581550,2.064493,1.963847,3.065962,2.152607,3.123241,2.619718,2.267901,1.771813,2.120338,0.988619,-0.348893,0.336755,-0.579088,-1.968745,-1.377746,-1.109455,-1.145514,-1.602219,-0.661012,-0.066810,0.292906,0.777884,1.004106,1.275539,1.340201,1.753886,-0.082762,0.248716,0.269143,0.117932,-1.397432,-1.602405,-1.864180,-3.234886,-2.731045,-2.581785,-3.510604,-2.077840,-2.903554,-0.261462,-0.213345,0.015464,0.101595,2.464602,1.946991,2.732766,2.301254,2.139980,2.950944,1.986721,1.326998,1.863165,0.542040,0.976945,-0.420976,-0.295784,-1.023823,-1.799918,-1.426371,-1.575020,-0.943263,0.110687,0.597286,0.763615,1.247643,1.096505,0.613389,0.728525,1.108919,0.971908,-0.563381,0.198012,-0.761959,-1.074114,-1.482741,-1.876076,-2.779781,-2.270034,-2.507019,-3.509512,-1.973172,-0.962175,-1.132858,-1.118119,-0.207140,2.152066,1.992068,2.420632,2.071638,3.508853,2.396680,2.262347,1.855260,1.200084,1.100850,0.466483,-0.853232,-0.582373,-0.599958,-0.944388,-2.168731,-1.584024,-0.794460,-0.495941,-0.781344,0.145086,0.616913,0.156624,0.318062,0.996905,1.264296,1.225765,1.519489,-0.210787,-0.151220,-0.842948,-1.457236,-1.496632,-3.723434,-2.375583,-3.414990,-2.121503,-1.722097,-1.276871,-1.221405,-1.065515,0.441619,0.443193,1.989233,1.627168,3.353005,2.138381,2.441447,2.218120,1.922944,2.289983,1.215946,-0.050295,0.104614,-0.757401,-0.683623,-0.749923,-1.809695,-0.800692,-0.790119,-0.420775,-0.420051,-0.514731,0.069324,0.773618,1.313254,1.423120,1.521776,1.814983,0.851514,-0.534743,-0.016967,-0.725754,-1.188155,-2.116335,-1.263568,-2.777926,-2.177247,-3.203584,-2.134941,-3.110752,-1.857053,-0.961481,-0.785174,0.722876,0.674678,1.310869,2.852235,2.530435,2.042064,3.054984,2.591804,1.291093,1.482845,0.906563,1.192907,0.211826,-0.427675,-1.097855,-1.333005,-1.763274,-1.551307,-2.393489,-0.127005,0.383433,-0.249661,0.700051,1.403352,0.703741,1.655229,1.342541,0.629271,0.433235,1.426965,0.127353,-1.335494,-1.695285,-3.318924,-2.313172,-3.083360,-3.293929,-2.849739,-1.477908,-1.155695,-1.751366,-1.737150,0.676121,0.522359,0.877427,2.139000,2.466919,2.420561,1.863841,2.455285,2.602602,1.381187,1.512933,0.683100,-0.224150,-0.053405,-0.601552,-1.657707,-1.202553,-1.870563,-0.822817,-1.119326,0.407322,-0.200015,0.474330,0.390029,2.129138,1.196274,0.628412,1.206358,1.162655,1.134564,-0.409057,-0.267017,-2.388424,-1.861369,-1.782166,-2.182453,-1.564516,-2.365580,-2.796828,-2.704355,-1.820332,-0.754514,-0.707577,0.461229,1.312538,2.104306,2.696931,3.041620,2.785319,2.619109,2.354922,1.915774,0.552986,0.645226,0.481449,-0.084109,0.219637,-1.678722,-1.705441,-1.275153,-1.030572,-1.101055,-1.084440,-1.183103,-0.212599,-0.040990,1.177694,1.289516,1.229399,1.207919,0.320037,0.916332,0.107400,-0.296043,-0.345771,-1.717233,-1.744773,-1.674353,-1.849014,-2.409290,-1.987598,-2.349721,-1.980427,-1.330870,-1.612590,-0.215827
-0.196048,1.511704,1.418968,2.517490,1.537193,2.534210,1.906409,2.548868,1.349921,3.064928,1.526619,1.472762,0.356907,0.565347,-1.062316,0.382500,-2.146402,-1.408614,-0.391667,-1.106693,-1.121441,-0.201293,0.711220,0.939643,1.307414,0.726614,1.575410,1.321174,1.344415,0.346956,-0.638950,0.862766,-0.730514,-1.404833,-2.233175,-2.596031,-2.034223,-2.074212,-3.335209,-2.685735,-2.220676,-1.432762,-0.245522,0.065451,0.649360,0.849977,2.182597,2.513502,1.683923,2.908830,1.350337,1.915063,2.163070,1.294757,0.318826,-0.505168,-0.751739,-1.053070,-1.638020,-0.220842,-1.361025,-0.742898,-1.281823,-0.785665,-0.516423,1.507746,0.107327,1.312053,1.730401,1.873659,1.960689,0.410753,-0.123586,0.116513,-0.977648,-1.620971,-1.113039,-2.205750,-2.699940,-3.940756,-2.789778,-2.238758,-1.606672,-1.693384,-1.372921,-0.244991,0.090932,1.624652,1.497695,2.409953,2.031725,2.688793,2.603654,2.868548,2.012839,2.426606,-0.308950,-0.315320,0.260360,-1.589589,-0.575525,-0.903425,-1.456274,-0.828959,-0.915055,-0.376075,-0.351988,-0.967493,0.869591,1.377767,1.041959,1.065947,1.164055,0.409950,0.141472,-0.411434,-0.291442,-1.040366,-1.864156,-1.388669,-1.948308,-3.087475,-3.039505,-2.124123,-2.020945,-1.281840,-0.767946,-1.238917,0.169200,1.428615,2.741732,1.984755,2.015138,2.230366,1.678666,2.351401,2.965251,1.596853,0.897267,0.979962,0.147854,-0.086750,-0.852586,-1.009887,-1.167729,-1.801437,-1.675769,-0.933380,-0.573504,-0.810660,0.304125,0.342984,1.010050,1.872602,1.259752,0.864367,1.322759,0.142070,-0.665896,-0.682298,-0.342811,-1.309042,-1.609746,-2.236277,-2.880512,-2.160598,-2.609069,-2.170678,-2.119511,-0.989817,-0.329352,0.618966,1.723484,1.289897,2.271933,2.948528,2.349353,3.092211,1.909223,1.919241,0.883715,0.982697,0.510412,-0.153880,-1.099141,-0.640631,-0.688429,-1.271262,-1.269421,-0.696508,-1.656169,0.754155,-0.369275,1.107699,0.672091,2.080802,0.653908,0.495001,1.988443,0.987649,0.699059,-0.762733,-1.711561,-1.845571,-2.075758,-2.101718,-2.993005,-3.245023,-1.909566,-2.359088,-2.446647,-1.014179,-0.699361,0.467383,1.806891,1.233842,0.705876,3.137122,2.783919,2.805325,3.010552,2.565991,1.673730,-0.004405,1.441101,-0.040201,0.142848,-1.217596,-1.906562,-1.270284,-1.691535,-2.041547,-0.625676,-0.815530,0.266186,1.065977,0.625609,0.485372,1.227603,1.218336,1.270946,0.529835,1.079109,-0.375005,-1.204383,-0.853393,-2.458269,-2.210919,-2.017477,-3.312474,-2.014198,-2.490111,-2.750907,-2.087749,-1.131272,-0.582856,1.162291,1.444845,1.976200,2.018312,3.422368,2.637031,2.890508,2.689169,1.889189,1.601815,0.548924,0.811926,-0.827168,-0.984610,-0.574004,-1.968861,-1.405962,-1.069994,-1.037008,-0.513893,-0.548313,0.751503,0.633294,1.980897,0.994612,1.343552,0.904909,0.287390,0.225201,-0.302352,-0.707919,-0.745061,-1.001995,-1.210659,-2.540079,-1.821542,-2.383101,-2.756421,-2.435458,-2.459335,-1.817912,-0.659969,-0.165095,1.036805,1.541802,1.655862,1.805006,2.697461,2.315949,2.692285,2.059841,2.353110,1.128033,-0.536937,-0.205718,-0.455474,0.302253,-0.983811,-1.339160,-1.552644,0.160170,-1.168557,-0.374531,-0.634880,0.617973,1.003001,1.073617,1.660999,1.498002,1.511878,0.794141,0.697079,0.983697,-1.104832,-1.079400,-2.042583,-2.628168,-2.287998,-2.958371,-2.005405,-2.190762,-1.948168,-2.129465,-1.060464,0.423020,0.913978,0.738491,2.082741,2.793567,2.789381,3.027569,2.889831,2.968461,1.569458,2.142592,0.642907,0.457807,-0.232397,-0.581753,-1.220445,-1.379035,-0.226148,-0.831882,-0.620031,-0.400343,0.366967,0.587758,1.061614,1.885460,1.407274,1.894289,1.275429,1.641306,0.533979,-0.653124,0.305906,-0.980455,-1.237964,-1.695750,-1.892106,-3.199664,-3.023603,-2.203554,-1.583708,-2.622258,-2.181299,-0.334952,0.124428
-0.534167,1.265244,1.440086,2.733121,2.208809,3.318078,3.020002,2.618785,2.167519,1.986286,1.209602,2.081066,0.265182,-0.884749,-1.199882,-1.822096,-0.278772,-1.481993,-1.355533,-0.855047,-0.628013,-0.518349,0.497237,0.873400,0.441310,0.980554,0.764554,1.408452,0.723052,1.290615,0.717834,-0.098213,-0.766914,-1.892515,-2.223202,-3.176003,-1.903762,-3.244298,-2.805564,-2.337018,-2.197894,-0.472126,-1.023573,0.344746,1.863511,1.071720,1.328178,2.623535,2.078539,3.410290,1.615330,2.285227,1.264469,1.629765,0.761367,0.747439,-0.413191,-0.642644,-1.303016,-1.708329,-1.545245,-0.911341,-0.724552,0.166063,-0.502621,0.090008,0.376332,1.733409,0.940914,0.795531,1.494302,1.430630,0.726658,0.414293,-1.087482,-1.435172,-1.724503,-2.097675,-2.310525,-3.043531,-2.986953,-1.727475,-1.892937,-1.444076,-0.965892,0.713034,0.650529,1.484296,1.660516,1.734092,2.356910,2.476696,2.343998,2.641165,1.271217,1.041441,0.777016,0.070914,-0.112124,-0.827626,-0.650328,-1.924174,-1.869165,-1.314814,-0.282223,-1.059228,0.196703,-0.373351,0.665954,0.049592,1.699828,0.846777,1.662914,0.556405,0.221543,0.531581,0.046109,-1.413990,-1.578836,-2.878652,-2.733364,-2.676258,-3.613839,-2.427429,-2.176980,-1.298871,-0.726309,-0.683726,0.377496,-0.032806,1.996073,2.410158,2.750225,3.083576,1.887019,3.223890,2.114581,2.026840,-0.355376,0.017631,0.616229,-1.501685,-0.911455,-1.218144,-0.762912,-0.700774,-1.435380,-0.869806,-0.547193,-0.372173,-0.089599,0.913737,1.721687,1.083646,1.241662,0.943965,1.450847,0.485468,-0.352136,-1.026214,-0.754958,-2.410436,-2.190132,-2.346793,-1.942924,-2.275258,-2.452792,-2.244217,-2.108921,-0.017441,-0.132999,-0.043714,0.833675,1.826185,2.101677,2.640700,2.080976,2.471155,2.703363,1.860800,1.045622,1.339912,1.045283,0.089821,-0.859535,-0.637945,-1.462950,-1.572193,-0.754606,-1.082608,-0.768522,-0.348739,-0.168806,0.601378,0.882477,1.063316,0.768494,1.760196,0.029049,-0.187890,0.537855,-0.393355,-0.933272,-0.801559,-2.543581,-2.740070,-2.716085,-1.889684,-2.868889,-2.523737,-1.666926,-1.509774,-0.921733,0.851142,0.735633,1.859463,1.705389,2.440091,2.269191,2.857411,2.431560,3.258715,1.565886,1.027670,0.958987,0.400446,-1.023281,0.153518,-1.573217,-1.667469,-1.198244,-0.855471,-0.373649,-1.041547,0.334189,1.035656,0.435652,1.494565,0.561263,1.589459,1.234287,1.145625,0.491393,-0.988551,-1.083736,-1.799060,-1.210509,-2.858395,-2.690329,-3.099428,-2.810285,-2.268234,-2.436418,-2.217136,-1.009941,-0.703999,0.005860,0.153236,0.942837,3.004212,2.418942,2.236576,2.457182,2.652358,2.041556,2.049736,1.122830,0.325628,-0.549326,-0.733671,-0.695047,-1.986781,-0.994890,-0.925897,-0.420661,-1.156007,-1.066049,-0.368971,0.758724,0.835392,0.986277,0.776720,1.902588,1.379354,0.851386,0.691960,-1.130446,-1.801798,-1.102145,-1.178216,-3.303612,-2.470368,-2.401414,-2.585019,-2.283833,-2.267750,-1.833911,-1.637796,0.612075,0.906405,1.552391,2.169441,2.068140,3.202919,2.630738,1.788341,2.000571,2.243064,1.053087,1.008741,0.469362,-0.863673,-1.190773,-1.915181,-1.523411,-0.810713,-1.016051,-1.302459,0.650720,0.483037,-0.118031,0.003088,1.203926,1.288106,1.975730,0.207671,0.875903,0.812224,-0.423482,-0.622803,-0.497765,-1.515861,-2.943467,-2.783207,-3.096636,-1.875941,-1.905277,-2.707206,-1.814740,-1.414548,-0.864533,1.377039,1.415154,1.732466,2.487759,2.371524,2.528021,1.469082,3.474106,2.267349,1.400042,0.643725,0.619087,-0.638773,-1.555120,-1.263238,-0.934578,-1.118142,-0.876615,-0.990787,-1.114196,0.529924,-0.371442,-0.868999,1.188338,1.303497,1.339255,1.086889,1.522047,0.610041,0.261486,-0.401031,-0.439641,-0.323898,-1.675994,-1.401329,-3.418042,-3.073948,-3.921559,-2.422673,-1.548742,-0.893436,-0.188100,0.548948
-0.489023,0.680901,1.620578,1.919307,2.138351,2.362632,3.262868,2.474067,2.277803,1.443864,0.708649,0.860608,0.108822,0.014104,-0.732176,-0.214562,-1.735211,-1.956237,-1.315544,-1.133611,-0.298284,0.574190,0.111922,1.115634,2.205690,1.128193,1.098370,1.406541,2.385851,0.691759,0.035419,-0.357028,-0.706101,-1.604565,-1.590576,-2.611966,-2.704380,-1.912504,-2.352763,-1.374509,-1.443285,-0.682854,0.230138,0.046564,0.977861,1.910617,1.987827,2.943192,2.655678,3.076750,2.524615,2.135676,1.833709,0.579651,0.534377,0.013557,-0.027244,-0.866750,-2.198538,-0.701551,-0.828028,-0.377831,-1.310121,-1.140312,-0.407100,1.493574,-0.488621,1.335406,1.154114,1.670959,1.596642,0.832665,0.726536,-0.852165,-0.452384,-1.274663,-1.703628,-1.711766,-2.380294,-3.547048,-3.165500,-2.291411,-2.287709,-1.996539,-0.870848,-0.382126,0.965364,1.100117,2.293368,2.737310,2.716265,3.249139,2.877078,2.364081,2.168299,1.066898,1.748476,0.448375,-1.053209,-1.214624,-0.751416,-1.572356,-1.477219,-1.336367,-1.875134,0.146547,-0.221207,1.462567,0.286249,0.900938,1.341917,1.293075,1.229465,1.592810,0.873067,0.205200,-1.746809,-0.744361,-1.350573,-1.581273,-2.000895,-3.035759,-3.362701,-2.174635,-2.932602,-1.900916,-0.697525,-0.430208,0.900771,-0.165474,1.061956,1.486436,3.213423,3.083881,2.720788,2.655790,2.589545,1.354330,1.847210,0.175992,-0.238711,-0.036173,-0.399978,-0.898929,-1.328230,-1.379209,-1.164395,0.129482,0.251797,-0.424191,0.633703,0.956396,0.393266,1.550106,0.942041,1.074958,1.630095,0.737573,0.238017,-0.374462,-0.959954,-2.246185,-2.973945,-3.309202,-3.215527,-2.772162,-2.800975,-2.800364,-2.016585,-1.191186,-0.855147,1.530954,1.443763,1.823620,1.849734,2.011110,2.681736,2.121104,2.297135,1.540609,1.462571,1.030485,0.701804,0.031312,-0.394803,-0.464994,-0.824423,-0.517382,-1.157993,-1.250687,-0.246798,-0.020913,-0.045851,0.991826,1.256851,1.338177,1.798757,1.613706,1.688420,0.603447,0.197500,-0.675594,-0.831590,-0.942718,-1.820219,-2.844503,-2.230957,-2.783336,-2.559659,-3.097143,-2.630253,-1.656066,-0.385844,0.140175,1.890483,2.258734,1.031000,2.317420,2.395018,2.772154,2.763773,2.760312,1.885644,1.190032,-0.147940,-1.109763,-0.184318,-0.500748,-0.770925,-1.184753,-0.710211,-1.638244,-0.753265,-0.492892,-0.462716,-0.068705,1.356965,1.820071,1.116294,1.710368,0.964960,1.172299,0.165674,-0.015763,-0.251443,-1.092739,-1.099744,-1.292433,-3.365473,-2.031560,-2.905646,-1.951814,-2.156315,-1.370325,-0.097751,-1.004705,0.920625,1.251796,1.814286,2.050982,3.846263,3.338351,2.622411,2.244399,2.553622,1.478650,0.337779,0.372962,-0.266985,-0.731866,-0.515746,-0.550577,-1.296183,-1.918699,-1.197888,-0.790529,-0.091219,-0.113863,0.831600,1.571080,1.002025,0.742682,1.607749,0.462678,0.451832,0.212587,-0.022508,-1.705980,-0.772411,-1.104216,-2.466548,-1.854903,-2.686653,-2.253204,-2.451462,-2.086367,-0.924628,-0.719335,0.741932,1.322336,1.838804,2.398562,3.095545,3.156433,2.399725,3.526699,2.695741,0.914680,1.600519,0.378643,0.811739,-1.020833,0.121393,-1.373126,-1.362304,-1.397001,-1.121259,-0.961700,-0.737525,-0.480818,0.416922,0.585665,0.706260,1.912909,0.970538,1.356341,0.590899,0.486962,-0.346585,0.032747,-0.505054,-1.655243,-2.132786,-2.741282,-1.994346,-2.753373,-3.630110,-1.643941,-1.002954,-0.942885,-0.197606,-0.381193,1.015169,2.179932,2.580144,3.415116,3.271245,2.879879,2.527693,1.234347,1.853321,1.400321,-0.096794,-0.356884,-0.919646,-1.722889,-1.001183,-1.113840,-1.420333,0.222863,-0.406609,0.284603,0.718561,0.543151,1.109383,0.362359,1.891282,0.130337,0.859290,1.350267,0.729004,-0.352489,-0.883877,-1.954692,-1.718394,-3.353693,-3.019705,-3.001753,-2.212057,-1.985522,-2.356839,-1.303558,-0.840425,-0.161255
0.373354,0.210525,1.893548,2.840459,2.674446,1.964007,2.964639,1.937252,1.617089,1.620746,1.244804,0.574684,0.080749,0.012147,-0.266053,-1.853053,-0.881518,-1.192613,-0.978570,-0.003919,0.153097,0.353489,0.351509,1.067570,1.130241,1.135410,1.469016,0.376409,1.756591,0.256177,-0.454516,-0.309712,-0.934704,-0.890725,-2.192938,-1.872930,-2.458376,-3.086291,-2.463472,-2.180830,-1.761511,-0.890254,-0.423825,0.928443,1.249578,0.458596,1.624120,2.560822,3.016219,3.204108,3.045372,2.975913,2.503988,2.044163,0.037208,0.310562,-0.520894,-1.304026,-0.727680,-1.674679,-0.736957,-0.238765,-0.587733,-0.417409,-0.390367,0.415743,1.267057,-0.068283,0.526511,1.663349,1.525632,0.982138,0.303744,0.056551,-0.513698,-1.186628,-1.429478,-2.517187,-2.779570,-2.414141,-2.356622,-2.255864,-2.306745,-1.895841,-0.427098,0.122514,0.845570,1.261752,1.235635,1.781480,2.299528,3.280521,3.135853,2.480698,3.171214,1.376016,0.759671,0.423341,0.208817,-1.468079,-0.617558,-0.641409,-0.191883,-1.038683,-1.351332,-0.896348,-0.848983,1.004669,1.069879,0.366458,0.903395,1.310892,1.372265,0.513632,0.554140,0.019098,0.231341,-1.021529,-0.921669,-2.736783,-1.932922,-2.360741,-3.040814,-3.134112,-3.057705,-2.201661,-1.176849,0.007925,0.546170,1.366418,1.171197,2.068353,2.547119,3.140773,2.819450,2.255902,2.912089,1.161956,1.665896,-0.446505,0.173245,-1.196977,-1.480383,-1.250471,-1.457691,-2.239382,-1.279016,-0.360834,-0.672855,-0.528800,0.218387,0.492097,1.043465,0.815022,1.493518,1.120527,0.943232,0.851786,-0.153308,-1.297815,-0.458161,-2.244953,-1.058365,-1.966356,-3.611107,-2.522443,-2.687040,-1.935628,-2.211120,0.374325,-0.140530,-0.095842,1.268080,1.780549,2.719276,2.709583,2.790596,2.995086,2.281877,1.547755,1.668820,0.413665,0.106630,0.373769,-0.988553,-0.823954,-1.078588,-1.146558,-0.748843,-0.807681,-0.413362,0.529291,0.340956,1.139240,1.515606,0.097307,1.127123,1.157056,1.030513,0.632558,-0.093409,-0.524231,-0.768023,-1.779720,-1.626123,-1.983387,-2.160241,-3.202386,-2.226241,-2.489309,-2.261223,-1.673495,-0.364747,1.024303,1.834567,1.841781,1.916868,2.890641,2.157768,3.289817,2.197742,2.918112,0.955598,2.194034,1.142425,-0.442737,0.208278,-0.720193,-1.705911,-0.599328,-1.605569,-1.229852,-0.134844,-0.332282,0.231140,-0.434528,0.674781,1.018552,1.425920,1.423814,1.001152,0.880678,1.151403,0.062015,-0.912167,-1.462449,-2.161600,-2.445992,-1.964489,-2.439574,-2.349850,-2.683573,-2.788194,-0.490440,-1.601298,-1.499392,0.004501,1.251277,1.447650,2.339464,3.973928,3.338459,3.041488,2.527924,2.375761,1.632027,1.245073,0.565906,0.064113,-1.249430,0.169646,-0.837628,-0.970745,-1.336480,-1.334381,-1.003753,0.217038,0.381679,0.461350,1.217125,0.845256,1.507461,1.386177,1.738239,0.560731,0.605350,-0.122609,-0.694685,-1.229501,-1.697456,-2.318005,-2.519544,-2.499159,-2.506072,-2.744210,-0.927889,-1.055667,-0.344361,-0.298629,0.569017,1.721408,1.746893,3.047437,3.076035,2.158441,2.155018,3.620286,1.953575,2.062637,-0.070228,0.417168,0.479024,-1.227344,-0.818740,-1.459320,-0.285149,-0.475085,-1.550921,-0.749891,0.265690,0.778054,0.218770,0.703720,1.093581,1.667820,0.792199,0.567502,0.209710,0.308248,-0.546896,-1.355562,-2.391021,-2.448655,-2.412689,-3.165662,-2.410632,-1.565086,-1.769596,-2.291101,-0.356559,-0.787511,0.359653,1.190520,1.777479,2.308825,3.091491,2.888658,2.722625,3.463285,1.879990,1.588012,1.369499,0.438742,-0.205910,-1.404311,-1.135051,-0.028903,-2.245077,-1.458488,-0.318951,1.038381,-0.496309,-0.136780,0.487175,0.948598,2.072081,1.339429,1.652482,1.187575,0.139977,1.170035,0.853181,-0.755971,-0.967717,-3.016504,-2.587551,-2.818478,-2.697039,-2.765505,-3.025382,-2.315716,-1.834826,-0.806662,0.093516
-0.773708,1.081235,2.264478,1.641401,2.614406,1.753373,3.749862,2.851901,3.083479,2.255765,1.573619,0.906525,0.079440,-0.196584,0.242230,-0.955873,-1.171919,-0.988501,-0.936431,-1.591654,0.196160,-0.146379,0.096777,-0.247255,0.423968,0.760488,1.448407,1.403461,1.465295,0.739263,0.318983,-0.379545,-1.309150,-1.995259,-2.897545,-2.649677,-3.605602,-2.412707,-3.040129,-2.247013,-2.130454,-1.592190,-0.814285,1.088172,1.473601,1.565873,2.301890,1.634485,2.317158,3.095425,2.773687,2.202011,2.012464,1.320877,0.114164,0.459145,-0.955983,-1.264236,-2.345845,-1.950545,-1.508953,-0.755005,-1.433049,-1.032732,-0.725424,0.821776,1.265171,0.962088,1.582168,0.129850,0.443806,0.478341,-0.082748,-0.644271,-0.080387,-2.960636,-1.636049,-2.381407,-3.110226,-1.778785,-2.709063,-2.517486,-2.533335,-1.815688,-0.757013,-0.971436,1.292551,1.294756,1.781236,2.395031,3.014160,3.020322,2.807526,2.393965,2.254457,1.527727,0.296230,0.649317,-0.359456,-1.418602,-0.795356,-1.228770,-1.628859,-0.790021,-0.273812,-0.425109,-0.256493,0.590260,0.371124,1.051293,0.270848,1.838286,0.687443,1.058190,0.560562,-0.185618,0.424263,-1.320595,-2.391244,-1.788732,-3.000655,-3.074907,-3.391586,-1.698965,-2.582560,-2.575180,-1.068521,-1.063760,0.320554,1.129765,2.002807,2.084138,2.613005,2.747328,3.769094,1.929278,2.840002,1.338149,1.830668,0.991902,0.708248,-0.319527,-0.810397,-1.651116,-1.636434,-1.011496,-1.248169,-1.278017,-0.323659,-0.188814,1.079279,0.928133,0.911115,1.035455,1.663687,0.892215,0.956115,0.129072,0.450028,-0.596860,-2.152660,-1.317829,-2.526109,-2.697362,-2.314028,-2.340305,-2.648946,-1.736494,-1.263319,-0.771919,-0.184282,0.439305,0.669200,1.519036,2.718565,1.946024,3.240075,2.898210,2.967296,1.180780,1.482476,0.639918,0.260787,-0.655139,-1.227674,-1.597557,-0.472486,-1.506037,-1.437950,-0.370126,-0.946604,-0.628890,1.012993,1.006844,0.213520,0.696484,1.044491,1.444330,0.112159,0.207770,0.061732,0.163417,-0.611542,-2.126549,-1.549119,-2.442396,-3.549699,-3.457818,-2.317200,-2.924996,-1.791162,-1.668769,-0.587650,-0.445152,0.310878,1.181135,1.761437,2.469080,2.335375,2.943163,3.398056,2.385698,1.559764,1.143014,1.373855,0.139974,0.405905,-1.096856,-0.518963,-1.576893,-1.144667,-0.807522,-1.216089,-0.655296,0.352441,-0.949246,1.475731,1.749325,1.002944,1.366997,1.625691,0.305312,0.232813,-0.470848,-0.538524,-1.855479,-1.685732,-2.124450,-2.925482,-3.057395,-3.077571,-1.921421,-2.234657,-2.043926,-1.056738,0.529264,0.692261,1.468272,2.164652,2.244468,1.930269,3.257617,3.034508,2.416691,1.528822,1.598699,1.314509,1.191200,-0.115715,-0.706291,-0.402885,-1.001425,-1.467825,-1.538693,-1.101443,0.301244,-0.236697,0.223229,-0.209736,0.950222,0.441244,1.302484,0.972050,1.549727,1.385947,1.572191,-1.559750,-0.465620,-1.610515,-1.996152,-3.085143,-1.919624,-1.937976,-2.526067,-2.192319,-1.733201,-1.043773,-0.059065,0.075168,0.546177,1.880787,2.993225,2.640209,2.518801,2.494763,1.400022,2.088079,1.968628,1.282399,0.800027,0.772532,-0.207294,-0.931154,-0.882375,-1.263619,-1.727189,-1.275614,-0.831466,-0.483470,0.509626,0.203546,1.094946,1.054858,0.795307,0.701784,1.260573,0.651409,-0.000202,-0.217830,0.185136,-2.184998,-1.303129,-1.787640,-1.460749,-3.173545,-3.002840,-3.261703,-2.547733,-2.095167,-0.655328,0.370876,0.173056,1.650940,1.438212,1.722980,2.602879,2.788174,3.241397,1.908917,2.433304,1.901372,1.065380,0.088529,0.277887,-0.155107,-0.377280,-0.801099,-1.351369,-1.139944,-0.863336,-0.469955,0.913236,-0.104190,-0.169385,0.315840,1.441910,1.745789,1.432599,1.052649,0.808594,-0.094286,-0.313629,-0.318063,-1.490400,-2.625027,-1.789419,-2.275392,-3.195901,-2.096986,-2.230665,-2.566506,-1.559610,-0.929252,0.375372
-1.154650,0.435199,1.196012,1.708949,3.634674,3.678681,3.142959,2.535984,1.748115,2.515248,0.853888,0.281450,-0.515922,-0.614111,-1.224276,-1.034487,-1.324777,-1.129023,-0.461029,-0.930637,-0.990347,-0.133040,0.200066,0.589805,1.466340,0.971014,1.141738,1.624901,1.650033,0.161030,-0.224661,-0.128457,-0.321521,-2.023609,-2.414804,-2.633638,-2.177470,-3.186965,-2.708277,-1.415438,-1.621125,-1.487482,-0.502845,0.347947,1.044262,1.930316,2.666554,2.494787,3.734106,2.985229,1.643374,3.068736,1.559030,-0.049834,0.097994,0.156942,-0.357482,-0.149497,-1.202814,-1.297829,-1.192236,-1.474237,-1.055768,-0.374634,0.522791,0.906525,1.041733,1.709866,0.848225,1.469332,1.687786,1.620706,-0.139700,-0.612812,-0.369072,-1.141528,-1.882870,-1.935581,-1.846379,-2.160722,-2.660694,-2.415794,-2.351811,-2.368993,-0.329376,-0.135053,1.153435,1.014655,2.153346,2.710369,2.600784,2.289931,3.281392,2.965217,1.519660,1.235591,0.899483,0.188598,0.164578,-0.377274,-1.256096,-0.695420,-1.459793,-1.201900,-1.495931,-0.485992,0.699662,-0.150222,0.309952,1.312941,0.689487,1.543990,1.247651,1.000093,1.266562,0.131099,-0.070282,-0.087421,-1.861179,-2.173453,-2.324832,-2.677126,-2.433025,-2.953481,-2.081194,-2.222329,-1.579148,-1.073166,0.219711,1.812250,1.931000,1.796493,2.468693,2.433962,2.967950,2.729960,2.234095,2.335923,0.686454,1.234287,-0.447832,-1.582652,-0.832048,-1.279894,-0.567698,-0.269422,-1.370281,-1.369875,-0.304179,0.099117,0.638644,0.786021,1.874567,1.252613,0.887575,1.679915,1.454434,1.251399,-0.061704,-0.661279,-0.817733,-2.346776,-1.897249,-2.411636,-2.373713,-2.778165,-3.077261,-2.327390,-1.573923,-0.614333,-0.666031,0.378698,0.976707,1.347927,2.216446,1.998216,2.720611,3.118120,3.178048,2.566302,0.775831,1.636513,-1.026865,-0.936541,-0.058513,-1.060921,-1.057694,-2.201578,-0.664078,-0.674914,-0.584050,-0.434614,0.666958,-0.404427,0.146344,0.891411,1.048589,1.061324,0.850021,0.171698,1.027617,-0.346330,-1.112486,-0.813464,-2.011458,-2.348779,-2.501359,-2.114170,-1.944233,-1.453381,-1.027549,-0.926494,-0.158079,-0.299106,0.667837,1.689670,2.503712,2.317142,3.089746,2.555745,1.919348,2.182871,1.381169,1.201283,0.001696,-0.635605,-0.642179,-1.541874,-0.943383,-0.659455,-1.054934,-1.670803,-0.773541,-0.656894,0.357378,0.176804,0.812053,0.989202,1.982614,2.092985,0.263835,1.293255,0.131327,-0.504014,0.612229,-0.573991,-1.986336,-1.481108,-2.277614,-3.351200,-3.235096,-1.929867,-1.843050,-1.899843,-1.221760,-1.246895,-0.790792,1.904535,1.362883,1.945356,1.136605,2.864389,2.604512,1.963504,1.542331,2.022879,1.280446,1.734269,-0.184373,-0.170235,-0.405441,-0.907734,-1.189384,-1.465988,-1.671513,-0.641965,-0.016186,-0.883584,0.322903,0.796056,1.610661,2.238911,2.396838,0.168258,0.853196,0.629979,-0.352461,-1.354028,-1.258945,-2.092186,-2.987526,-3.265388,-2.898417,-2.618281,-2.656658,-2.573165,-1.199967,0.135784,0.015419,1.170696,1.329056,1.657663,2.087539,2.772296,2.379688,2.627882,3.057931,0.289090,1.559601,0.334166,0.531263,0.156445,-0.736442,-0.836022,-1.390733,-2.202656,-1.154141,-0.926690,0.485592,0.241363,0.539112,0.840152,1.656559,0.857903,0.385273,1.737574,1.615770,0.142915,-0.217811,-0.539845,-0.378119,-1.930746,-1.617548,-2.108481,-3.395855,-2.407029,-2.051680,-2.098950,-1.937951,-1.625311,-1.007307,0.510924,0.367294,1.679339,2.448678,2.752055,2.655027,2.491901,2.535331,1.625557,2.232958,1.556852,0.934678,-1.282354,-0.651620,-0.505374,-1.706607,-1.223886,-1.885414,-1.075853,-1.229797,-0.536472,0.438655,0.129386,1.286847,0.943694,1.969107,1.210807,1.162008,1.594989,0.071631,0.121550,-1.154905,-1.693222,-1.579748,-1.878753,-2.736580,-2.707000,-2.487430,-2.970158,-2.303153,-1.238164,-0.225426,0.701076
0.628223,0.814332,2.139116,1.769033,3.446591,2.841082,2.822916,3.161983,1.509639,1.648745,0.554928,0.734434,-0.013683,-1.040464,-1.825291,-0.775792,-1.874590,-1.091341,-1.155607,-1.572351,-0.811934,-0.224022,-0.173371,1.429325,1.327052,1.182348,0.684844,1.870896,1.499233,-0.165194,-0.403114,-0.946125,-1.371999,-1.298723,-2.858192,-2.077268,-2.783469,-2.386557,-2.522920,-3.930315,-1.800747,-1.084517,-0.080803,0.101129,0.500277,2.275122,2.329415,2.724957,2.361196,2.828765,3.135443,2.220332,1.765195,2.026005,0.853774,0.201219,-1.340654,-0.484600,-1.500537,-1.833583,-0.569019,-0.571153,-1.175038,-0.819816,0.307139,0.532058,1.413664,1.480905,1.311466,2.019725,2.085648,1.305951,0.423673,0.312192,-0.084377,-0.651605,-1.931624,-2.147686,-2.574797,-2.903103,-3.115721,-3.023148,-2.301231,-0.370932,0.364909,-0.943505,0.537905,2.228246,1.000177,2.060210,1.953435,3.055704,2.988437,2.452455,2.067393,0.752166,0.572438,0.363884,-0.521567,-0.942415,-0.951309,-0.895849,-2.152955,-1.132123,-1.009455,-0.598375,0.059163,0.274475,0.432091,1.207033,1.077880,1.497425,1.496207,1.761235,1.495945,0.135856,-1.039888,-1.201134,-2.155956,-0.969083,-1.771346,-2.289847,-2.347386,-1.726021,-3.069561,-1.981455,-1.268693,-0.597443,-0.409569,0.319575,1.354437,0.831387,3.098271,2.131204,2.860136,2.245882,2.525750,2.164537,1.263183,1.149464,-0.271236,-0.333761,-0.922997,-1.085617,-1.180396,-1.346081,-1.558144,-0.886632,-0.168195,-0.513994,0.679990,1.165660,1.506612,1.923494,1.929453,1.264558,-0.086792,0.848652,-0.904888,-1.038200,-1.228575,-2.093180,-1.652158,-3.650381,-1.757418,-2.256435,-2.755617,-2.578241,-0.550037,-0.922166,0.230373,0.730049,1.560821,1.547533,2.151653,2.828929,2.929388,2.012928,2.616663,2.438493,1.752635,0.506582,-0.134221,-0.993201,-0.983297,-0.949534,-1.426348,-1.740084,-1.382608,-0.736900,-1.043860,-0.689698,0.989936,0.498228,1.221845,1.312208,1.540237,0.968247,1.303934,1.585088,0.666971,-1.313393,-0.146407,-1.481899,-1.709783,-2.907737,-1.781598,-3.147069,-2.375105,-1.567029,-1.557340,-1.586620,-0.417337,0.419604,0.530885,1.322622,2.546240,3.097359,2.149628,3.291320,3.079460,2.017928,2.612300,1.432434,0.810086,1.035257,-0.321918,-0.536350,-1.651875,-2.172710,-1.696809,-0.915205,-1.181356,-0.028870,-0.515196,0.400910,1.114167,1.900051,1.963450,1.863892,2.658278,0.549166,0.793845,0.408411,-0.158023,-1.368080,-1.974367,-2.005325,-2.683946,-2.054039,-2.073996,-2.568662,-2.032219,-1.238077,-1.069752,0.564717,0.665260,1.689198,1.005923,3.244686,1.749870,3.042763,3.135500,2.395730,1.771284,1.771249,0.871939,0.271551,-0.414698,-0.954439,-1.233296,-0.899781,-0.857778,-1.458897,-0.707731,-1.890425,-0.120674,0.238358,0.866897,0.605497,1.567280,1.431473,0.248084,1.329204,0.809054,0.265858,0.355196,-0.778265,-1.041517,-1.919085,-2.394011,-2.851189,-2.576877,-2.198124,-2.231846,-1.965860,-1.200694,-0.645322,0.535536,0.724160,1.048006,2.186629,3.084981,2.694875,2.374062,2.539168,2.177506,1.972664,1.771789,0.344896,0.201851,-0.689120,-1.446707,-0.791151,-1.364773,-1.683010,-0.213960,-0.760419,-0.023181,-0.923745,0.222711,0.476540,0.864865,1.166627,1.457511,1.030098,1.286123,0.940495,-0.214266,-0.315134,-1.222567,-1.453201,-2.338857,-2.056388,-2.639214,-2.974232,-2.231597,-2.123027,-1.508689,-1.375769,-0.973259,1.069953,0.932085,1.106929,2.497891,2.693905,2.861244,1.992654,2.501095,2.593903,1.016303,0.814481,0.538907,-0.201574,-0.940584,-1.159193,-2.190385,-0.784000,-0.951102,-0.375515,-1.023520,0.058925,0.441630,0.387125,1.137711,1.097661,1.281880,1.108885,1.265300,1.178492,1.101781,-0.708545,-0.587331,-1.610365,-1.672917,-2.170042,-3.235515,-2.627122,-2.687578,-2.079219,-1.824466,-1.590364,-1.458989,0.055393
0.027929,1.559813,0.549258,1.500188,2.582974,1.482799,2.315573,3.271901,2.277700,1.283507,0.979583,1.221226,-0.379686,-0.264212,-0.744395,-0.658135,-0.979043,-0.685887,-1.639893,-1.160833,-0.295091,0.279052,-0.000226,-0.129014,0.666274,1.604854,1.455212,1.100464,0.746379,-0.363004,0.453203,-0.056386,-1.471514,-1.371597,-3.300297,-2.605039,-2.521238,-3.328874,-3.011849,-2.667602,-2.189328,-1.499938,-0.619008,0.175099,1.006563,1.627162,2.075639,2.539135,2.099040,2.318006,2.329958,1.920462,1.185452,0.762002,0.997316,0.460030,-0.857856,-0.624635,-1.448350,-2.078052,-1.261319,-0.591680,-0.365116,0.475242,-0.439503,0.195760,0.540465,0.466461,1.520859,1.224825,1.480166,1.337520,0.463196,-0.633521,-0.338411,-0.223747,-1.537901,-2.179127,-2.527345,-2.659587,-2.930164,-2.504752,-1.593087,-0.932184,-0.936221,-0.358645,0.306578,1.044397,2.234694,2.044390,2.949635,2.380330,2.465125,2.098889,1.999781,1.706644,0.754085,0.239088,0.107502,0.669044,-1.202390,-2.017874,-2.456290,-1.892076,-1.580027,-0.904011,-0.307349,0.326797,-0.026348,0.934775,1.582492,2.061816,0.608229,0.340021,0.774322,0.456898,-0.745953,-0.953784,-1.382427,-1.177759,-2.882808,-2.159834,-3.021813,-2.693657,-2.735708,-1.198510,-2.224058,-1.023396,0.427604,1.258498,1.227757,2.837392,3.035516,3.487264,2.567519,2.088921,2.391488,2.215472,1.594691,0.400530,-0.317477,-0.336007,-0.212333,-0.827995,-0.821354,-1.361938,-1.262978,-1.141058,-0.449199,-1.169065,-0.179325,1.100747,0.714126,0.992617,1.139858,1.505958,-0.016873,0.246064,0.056069,-0.931667,-1.205279,-1.900555,-2.050062,-1.325273,-2.582424,-3.038365,-2.910525,-1.997416,-1.812296,-1.424801,-0.931557,0.246390,2.131740,1.843582,3.081872,2.376666,2.032858,3.510259,2.996790,2.060009,0.937800,0.977124,0.597753,-0.507841,-1.380370,-0.519640,-1.028272,-0.685450,-2.348519,-1.093199,-1.327158,-0.072231,0.227363,0.013299,1.200310,1.320497,2.038075,1.873425,2.110780,0.383235,0.616020,-0.736310,-0.399744,-0.821908,-1.613601,-2.201692,-3.069228,-3.712937,-2.715737,-2.473665,-0.502776,-1.399476,-0.724293,0.897296,0.407477,0.737161,1.956809,1.839782,2.717448,1.955085,3.259645,1.886905,2.086932,1.770669,0.896038,-0.623443,-0.181986,-0.694388,-1.344710,-1.081017,-1.305680,-0.682616,-1.583886,-1.647305,-0.289330,0.652927,1.469310,1.367039,1.448338,2.198805,1.890555,0.929493,0.198153,-0.708082,-0.868776,-1.050103,-1.777538,-1.915712,-2.697339,-1.973537,-2.559948,-2.765901,-1.493603,-1.782073,-1.382324,-0.064093,0.288264,1.315289,1.723313,1.377374,2.702928,3.525463,2.620873,2.389467,2.952891,1.347527,0.524996,-0.082530,0.247708,-1.155443,-1.099230,-1.167319,-1.425675,-1.308986,-1.297479,-0.441109,-0.083600,-0.144556,0.679208,1.638204,2.322522,1.110373,1.188433,0.337655,1.373879,0.730130,-0.451167,-0.859932,-1.957450,-2.207375,-1.914949,-2.843505,-2.364888,-3.266502,-2.392714,-0.985576,-2.445991,-0.469925,0.208783,1.274994,2.349505,1.985237,1.730395,2.747686,2.653728,3.217834,1.832263,1.643067,1.262537,0.081296,-0.422273,-0.331170,-0.838997,-1.490709,-1.086198,-1.005303,-1.921971,-0.497201,-0.425872,0.458411,0.097067,1.172742,1.053424,0.418825,1.453663,1.471535,1.255507,1.195264,1.027638,-0.247234,-0.801603,-1.540809,-2.136939,-3.256209,-2.860772,-2.588256,-2.350333,-1.910304,-1.370725,-1.235694,-1.079023,0.135617,1.354205,2.759802,1.449509,2.872296,2.946926,2.922723,2.213415,3.129397,1.353887,1.380708,-0.410316,0.570607,-1.206817,-0.968893,-0.689307,-1.049698,-1.389504,-1.187035,-0.903290,-0.418853,0.553588,0.849204,1.072883,1.878974,1.761501,1.518210,1.168042,1.021644,1.089185,-0.874810,-0.744631,-1.212504,-1.899194,-2.213224,-2.850380,-2.386135,-2.975357,-1.665123,-1.572950,-1.021735,-0.567450,0.532667
0.540834,0.203997,1.074026,2.697318,1.880366,2.587170,3.102574,2.191367,2.361321,1.773215,0.725893,0.349624,1.279895,-0.494542,-0.627907,-0.921582,-1.367669,-1.184647,-1.514528,-0.649793,-1.052428,0.169590,0.581188,0.529525,0.870713,1.173761,0.630209,1.227028,-0.149225,0.433632,0.061739,-0.213504,-0.656406,-1.117835,-1.590475,-2.153436,-2.986770,-2.709849,-2.964418,-2.469017,-1.742253,-0.458842,-0.578062,0.263097,1.413736,2.294996,1.635858,2.500790,2.160091,2.058881,2.817076,1.799153,2.224103,1.215032,0.105150,-0.973006,-0.845138,-0.582883,-1.048828,-1.102400,-0.846443,-0.806599,-1.213566,-0.503238,0.170724,0.275791,0.824717,1.132467,1.375862,1.391457,0.944113,0.568999,0.115199,0.065945,-0.982692,-1.798752,-1.796539,-1.834332,-3.214111,-2.630378,-2.965753,-2.124585,-2.340006,-2.214313,-0.118847,1.355672,0.124931,1.183090,2.606558,1.671360,1.712496,2.162983,2.228691,2.522019,1.910190,0.337425,0.753072,-0.082437,-0.825200,0.119632,-1.520093,-0.942168,-2.008513,-0.883985,-2.411052,-1.106165,0.396505,0.121811,1.049614,0.936216,1.077890,2.185381,1.261080,0.520813,0.218214,1.013721,-0.160566,-1.042701,-1.648029,-1.825531,-2.435572,-2.821088,-1.989280,-3.377350,-2.137504,-2.135372,-1.295087,-0.947865,1.185962,1.294999,1.200383,2.822250,2.101453,2.807835,2.219214,1.761418,2.823097,1.607784,1.479835,-0.007585,0.201339,-0.436249,-0.661164,-0.965653,-1.565108,-0.803055,-0.648713,-0.881707,-0.677020,-0.985272,0.417118,0.603262,0.649183,0.961721,0.441280,0.871373,0.798412,0.188916,0.066841,-0.367417,-0.347266,-1.599566,-2.150131,-1.602170,-2.841863,-2.441096,-1.530662,-2.513466,-1.396366,-0.272977,0.051073,0.610269,1.553841,1.845369,2.845013,2.125965,3.273974,2.044155,1.824063,2.711272,1.216331,0.867941,-0.273420,-0.464767,-0.398605,-1.315980,-1.687635,-0.983208,-2.205360,-0.486468,-0.351041,0.495051,0.057311,0.348116,0.935069,1.603003,1.524290,2.107691,1.288189,1.143665,0.915733,0.495148,-1.049933,-1.190116,-2.156585,-3.163130,-2.501147,-2.687307,-3.078836,-2.028947,-1.485397,-1.142788,0.206247,0.789641,0.034546,1.509467,2.019533,2.863368,2.908571,3.090002,2.702332,2.333511,0.652546,0.345673,0.660978,-0.633853,-0.099510,-0.401840,-1.406083,-1.780652,-1.223008,-0.170701,-1.171970,-0.051637,0.202802,1.700708,1.103085,1.502729,2.097103,1.670608,1.732056,1.110346,0.423919,-0.417279,0.100586,-0.794494,-2.530229,-1.757269,-2.569278,-2.132240,-2.102126,-2.414585,-1.803610,-1.535418,-0.814823,-0.849778,0.866158,1.101927,1.133797,1.968484,1.725300,2.256309,2.905508,1.800177,3.179945,2.476137,1.581690,-0.022393,-0.323807,-0.117258,-1.770407,-1.406524,-1.848001,-0.263940,-0.991115,-0.713383,-0.789897,0.139441,0.793208,1.254997,1.250132,1.522886,1.020272,1.196490,0.555704,-0.063070,-0.359218,-0.540065,-1.806828,-2.591619,-2.134584,-3.251044,-1.887572,-2.435116,-2.055785,-2.155723,-1.311286,-0.690817,0.130636,1.174030,1.904593,1.793464,1.993148,2.368612,2.952646,1.464646,1.622267,2.575794,0.850837,1.319616,-0.063137,-0.436510,-1.488595,-0.812397,-1.778094,-1.267291,-1.002966,-0.830148,0.056648,-0.710290,-0.286332,1.285045,1.248779,0.645089,1.845194,0.980113,1.287607,0.540798,0.317666,0.007182,-1.234882,-1.479058,-1.869616,-2.636967,-2.717885,-2.310565,-3.513589,-1.898430,-1.480140,-1.337518,0.280607,0.525936,1.157905,1.714816,1.761674,2.840990,2.408860,2.587974,2.340007,1.881555,1.960422,0.821431,0.649897,-0.039308,-0.269230,-0.041840,-1.295545,-0.729301,-0.160907,-1.820645,-0.793900,-0.873774,-0.139404,1.453203,1.810981,0.540967,0.546794,1.733753,1.740781,1.676139,0.489184,-0.299545,-0.331327,-1.468253,-0.640681,-1.489979,-2.629830,-2.483873,-2.378595,-1.986961,-1.578193,-1.820927,-1.232228,-0.322380
