-0.075336,0.331300,-0.576548,-0.613070,-0.003169,-0.010955,0.126637,0.192417,-0.174244,-0.845343,-1.080159,0.134479,-0.006697,0.357039,0.041296,-0.557767,0.459971,0.062114,0.537989,-0.494141,-0.110990,-0.660827,0.364555,0.595775,-0.778049,0.223391,0.167685,0.060794,-0.009376,-0.379929,-0.137048,0.791557,-0.006781,-0.369438,0.540819,-0.594095,0.234766,0.131833,0.097715,-0.909821,-0.206998,-0.186722,0.802159,0.776500,0.040836,0.467039,0.728579,0.348351,-0.471432,0.030039,-0.646521,-0.222182,-0.640849,-0.171425,-0.209021,0.795973,-0.665855,0.890965,0.480906,-0.291007,-0.276803,-0.124946,-0.663737,0.642581,0.254983,0.538928,0.775292,0.331489,-0.056404,-0.130556,0.562961,0.230531,0.353661,0.192339,-0.460419,-0.026704,0.684657,-0.179238,0.938961,-1.755257,-0.138515,0.312714,0.396339,-0.218339,0.075369,0.419508,-0.307364,-0.503475,-1.110164,-0.453981,-0.692096,-0.276856,0.514677,-0.901034,0.753513,-0.199017,0.278752,-0.560114,-0.358852,-0.130823,-0.025397,0.494633,-0.166712,0.282590,0.141958,0.222354,0.695022,-0.654266,-0.072384,-0.605188,0.032362,0.801044,0.106167,0.292886,0.146068,-0.394933,-0.067817,0.287244,-0.168616,0.877916,1.067532,-0.096325,0.686772,-0.223244,-0.193937,-0.181099,-0.220847,0.040213,1.158230,0.619020,0.548697,-0.473331,-0.498223,0.184321,0.935233,0.281960,0.159809,0.095217,-0.113887,-0.928197,-0.429320,-0.930294,-0.805600,0.830840,-1.448472,-0.358340,0.211560,-0.327506,0.085960,-0.384002,-0.090590,0.483802,-0.135740,-0.152564,0.160262,-0.076062,-0.761300,-0.099865,-0.756289,-0.320909,0.054549,-0.008287,0.023666,0.379095,0.967330,-0.599583,0.031256,0.470020,0.864523,-0.035119,0.551805,0.070059,-0.474351,-0.267596,0.680913,-0.285208,-0.615879,0.291026,-0.610893,-0.177931,0.415787,-0.294262,-0.308536,0.024263,-0.386835,-0.633156,0.024471,-0.033225,-0.434964,0.490294,0.016356,-0.385061,0.260077,0.387613,-0.036614,0.054859,0.310517,0.084963,0.490570,0.001165,-0.399944,-0.219338,-0.774479,-0.038216,-0.724277,-0.120063,0.709217,-0.543006,-0.317782,-0.265145,0.840043,-0.887458,0.092722,0.051015,0.355132,-0.714811,0.119931,-0.411953,1.334083,-0.631757,-1.168377,0.406203,0.274937,-0.355873,-0.598129,-1.394426,0.507313,-0.771591,0.635926,-0.361820,0.404917,-0.239638,0.562631,0.282345,0.367248,-0.460060,-0.386803,0.225763,0.803386,-0.727948,-0.496204,0.673926,-0.296986,0.609058,-0.327260,0.362698,-0.901390,0.385261,-0.615483,-0.545615,0.604776,-0.245357,0.062563,-0.168626,-0.075192,-0.001930,-0.414222,0.126881,0.253608,0.093536,-0.202431,0.428072,0.269696,0.009015,1.196297,0.106834,0.395037,-0.047148,0.777931,-0.365923,0.287313,-0.405577,0.912685,0.475969,0.410384,-0.263538,-0.304456,0.188261,0.442323,0.949993,0.421502,-0.680995,-0.709449,0.152465,0.426378,0.375267,0.190095,1.091403,0.125007,0.073429,-0.291143,-0.530064,-0.041590,0.168088,0.497756,0.485963,-0.556348,0.104721,0.549674,-0.002885,0.482237,-0.353352,-0.127874,-0.520909,0.304840,-1.037835,-0.648501,-0.205725,0.735977,0.312923,0.819006,0.640365,-0.290462,-0.402890,-0.557887,0.157256,-0.094768,-0.609976,0.033954,-0.024221,0.236132,0.253195,0.101350,0.178746,0.193848,0.528538,-0.957756,-0.025435,0.241793,0.067790,-0.679590,0.058706,-0.491209,-0.079378,-1.037338,-0.649184,0.155725,0.404216,-0.004360,0.521235,-0.017594,-0.885205,0.513874,0.154370,-0.438171,-0.724509,-0.341646,-0.796027,0.631717,0.233195,0.865469,-0.377575,-0.645692,0.353244,1.037784,0.137663,-0.106365,-0.168428,-1.214223,0.419524,0.979802,0.194623,-0.224645,-0.100166,-0.447601,0.056843,0.403478,0.158717,-0.288333,0.291795,0.474471,-0.038758,-0.582828,-0.410160,0.387742,-0.315551,0.567037,0.541908,0.223485,-0.853826,-0.487489,0.689612,0.268022,-0.316907
-0.310831,0.105099,-0.273025,0.802324,-0.084048,-0.422045,-1.829806,0.151478,-0.391606,-0.223529,-0.773445,-0.200547,-0.063843,-0.047006,-0.213432,-0.055606,0.010532,-0.006779,0.936868,0.544757,0.674127,-0.050537,0.645735,-0.189866,-0.346747,0.449460,-0.640983,0.208849,0.342908,-0.094582,-0.303000,-0.615589,-0.430259,-0.387487,0.011859,0.009749,-0.039889,1.321037,0.047140,0.574413,-0.419817,-0.187513,0.174168,-0.340359,0.023558,-0.408917,-0.179762,0.277149,-0.008722,-0.207853,-0.022691,-0.358040,0.376511,-0.907343,0.304798,0.406901,-0.121802,0.398576,0.955716,-0.090920,-0.396387,0.406089,0.020783,0.141020,-1.166318,-0.777860,-0.189808,-0.147232,0.033987,-0.803420,-0.448306,0.543395,-0.682981,-0.463856,-0.694758,-0.452011,-0.316370,-0.404083,0.108173,0.287400,-0.453772,-0.353532,0.031571,0.717926,0.064988,0.247346,0.522209,-0.064589,0.281870,0.604978,-0.751427,-0.519475,-0.789608,0.233451,0.259166,-0.226734,0.330291,0.516323,-0.525048,-0.469418,0.208262,-0.877660,-0.132402,-0.090549,-0.527287,1.025848,0.306476,0.096476,-0.167636,0.031578,-0.618669,-0.308598,-0.100237,-0.898856,0.665345,-0.010805,0.463933,0.008625,0.420706,-0.025312,0.742575,0.285885,0.001681,-0.054678,-0.317199,0.084823,0.073621,-0.363238,0.610838,-0.098182,-0.433397,0.135080,0.393954,0.309494,0.309018,0.387338,0.441099,0.995974,-0.100188,0.505618,0.253591,0.069331,0.021535,0.008111,0.691692,-0.320471,-0.276818,-0.054486,-0.813751,0.718610,-0.168936,0.066634,-0.111248,-0.503431,-0.153654,-0.653438,-0.025696,0.001174,-0.326037,0.184768,-0.519580,-0.225367,0.647336,1.334997,0.356828,-0.516552,-0.046183,-0.163882,0.119500,-0.706400,-0.265691,0.140613,0.309932,0.291353,-0.607215,0.091223,-0.313548,-0.302652,-0.070781,-0.015275,-0.110965,-0.247317,-0.152046,0.393124,-0.384433,0.841366,-0.365979,0.148514,0.121377,-0.201911,-0.960115,-0.227206,0.215901,0.762167,-0.178253,0.159570,-0.014573,-0.142278,-0.956505,-0.833956,0.037680,-0.206830,0.183044,0.241436,-1.335417,-0.395052,-0.271123,-0.616598,0.611760,-0.265395,0.155754,-0.455546,0.150367,0.420857,-1.324550,0.157120,0.493892,0.420865,0.563766,-0.361252,0.066827,-0.450067,0.546349,0.253540,0.333037,0.303200,-0.164055,-0.236113,0.227567,1.276323,-0.196904,-0.103746,-0.676463,-0.578359,-0.467828,-0.190888,0.769198,-0.386632,-0.232070,-0.404281,0.226086,-0.314395,0.290764,0.593973,0.658224,0.046625,0.451607,0.389316,-0.386395,0.346300,-0.335627,0.342170,0.732902,0.370710,1.075171,0.355794,0.470970,0.384341,0.925003,-0.071204,0.375744,0.669085,-0.319301,-1.031624,0.193788,0.254935,-0.392435,-0.735259,-1.200081,0.351096,-0.241559,0.784168,-0.161192,-0.144247,-0.047901,-0.762089,-0.076083,-0.228769,-0.134319,-0.328877,-0.852370,-0.273116,0.003882,0.616408,1.261349,-1.490842,0.017950,0.230352,0.303132,-0.459388,0.788789,-0.275885,-0.035985,-0.437948,-0.116096,0.328516,-0.024935,0.638884,0.351565,0.121052,0.714979,0.002541,-0.630569,0.277918,0.396682,0.000568,0.164617,-0.284803,0.605659,-0.230633,0.261395,-0.218673,0.951244,-0.772862,-0.564000,-0.270304,0.551073,-0.439162,0.379721,0.107293,0.678346,0.731227,0.267899,0.033419,0.052432,-0.533478,-0.137849,0.343293,-0.550301,0.228088,0.394659,0.398577,0.817283,0.163865,-0.244976,-0.981638,-0.281267,-0.227228,-0.819563,0.388496,-0.166231,-0.358582,-0.332818,0.372546,-0.468555,0.542082,0.178148,-0.059723,-0.177981,-0.956517,0.860990,0.404846,-0.185811,-0.629569,1.363878,-0.114436,-0.020879,0.208998,0.291026,0.443483,-0.564548,0.690935,0.242429,-0.371251,-0.444543,-0.707568,0.331637,-0.040059,0.476753,-0.899244,0.658011,0.097808,0.103157,0.007051,-0.947844,-0.209396,-0.136994,-0.509219,0.402269,-0.296767,0.163120,0.285066,-0.005346,-0.988013
0.358357,-0.390641,0.915392,0.781041,1.125730,0.051620,-0.039899,0.375786,-0.054264,-0.348004,-0.352730,-1.364458,-0.042334,-0.824156,-0.082884,0.214160,-0.165236,-0.625914,-0.282316,0.135001,0.093900,-0.693417,0.537649,0.598373,0.145232,0.284397,0.267040,-0.121712,-0.336430,0.268657,-0.471290,0.543129,0.674683,-0.153582,-0.128416,-0.075176,-0.403067,-0.530918,-0.538221,-0.766508,-0.605602,-0.477274,-0.745500,-0.012655,0.179358,0.524004,-0.507159,0.176901,1.053433,0.106173,0.461926,-0.644142,0.072590,0.568528,0.314315,-0.495753,-0.569126,0.200826,0.497955,-0.371224,0.384759,-0.293812,0.515103,-0.146198,-0.053987,1.749771,0.250140,-0.467090,-0.307494,-0.199545,1.130819,-0.068833,-0.060008,0.801330,0.812072,0.403058,0.165404,-1.267978,-0.107358,0.307851,0.464254,0.140627,-0.294028,-0.056700,0.292810,0.688266,-0.728538,-0.130323,-0.135981,0.151896,-0.165259,-0.254021,-0.115216,0.499910,0.086886,-0.075029,0.420580,-0.079342,-0.084115,0.323876,0.230377,-0.228173,0.406325,0.611887,0.387736,-1.331376,0.611478,0.614612,-1.184852,-0.845565,0.072229,-0.418663,-0.828663,0.307121,0.856611,-0.691020,-0.348372,-0.367667,0.079303,-0.538515,0.064717,-0.028090,0.657527,-0.064622,0.080833,-0.954182,-0.214454,0.357048,0.043957,0.142272,0.089885,-1.133541,0.773638,-0.431715,0.139133,-0.310972,-0.053551,-0.774751,-0.031197,-0.163983,0.703727,-1.211771,-0.125433,-0.249059,-0.431672,-0.488565,-0.794072,-0.328699,0.356939,0.018626,-0.229538,-0.790483,0.893322,0.158784,0.514047,-0.753142,0.297740,0.686486,-0.326266,-0.625053,-0.016901,-0.452123,0.107514,0.112264,0.034415,-1.240978,-0.432078,0.577678,0.224859,-0.606042,0.243952,-0.240435,-0.159868,0.622868,0.501721,0.997616,0.756817,-0.682086,-0.354129,-0.183915,-0.301178,-0.477578,0.817101,1.031979,-0.689812,-0.623913,0.226945,-0.287353,0.192611,0.160401,0.102633,0.090894,0.163013,0.512741,0.187583,0.009353,0.463620,-0.188800,-0.163296,0.177231,-0.296945,-0.854485,-0.459513,0.019578,-0.126713,-0.207024,-0.352119,0.341235,-0.568224,-0.142950,0.305689,-0.043938,0.169119,-0.361590,-0.777757,-0.067212,0.610302,-0.866741,0.234474,-0.529233,0.036469,0.687620,0.165510,-0.016275,0.155122,0.378759,0.285381,-0.261655,-0.346289,-0.402193,-0.325038,0.139100,0.146374,-0.103359,0.058625,-0.337896,0.760637,0.154973,-0.001214,0.519415,-0.416431,0.080601,0.287595,-1.131319,0.717573,0.028869,-0.311801,-1.156319,0.036973,0.554617,0.549258,0.753610,-0.217247,-0.370400,-0.728127,0.635461,-0.386290,0.868678,-0.297666,0.660176,-0.350467,-0.535099,0.131614,-0.778031,0.765601,0.229585,0.424412,-0.113144,-0.325944,0.395600,0.182579,0.165954,0.142557,1.196942,-0.413163,-0.584966,-0.627596,-0.430786,0.032548,-0.417950,0.111062,-1.446622,0.836366,0.360588,0.963047,0.916299,0.217941,0.168622,-0.096720,0.763245,-0.171194,-0.155733,-0.262728,1.340041,-0.317543,0.169866,0.231896,0.062636,0.026500,0.170378,0.112831,0.344214,-0.585227,-0.070960,0.444836,-0.466599,0.231389,0.059198,-0.508883,-1.073457,-0.400486,0.934240,-0.242074,-0.869003,0.032611,0.482601,0.328243,-0.034495,0.906376,0.570917,-0.336013,-0.090204,0.609195,0.617559,0.679358,-0.527529,0.045445,-0.223991,-0.399744,-1.114831,-0.618752,-0.354958,1.254015,0.516230,-0.391771,-0.266036,-0.028373,-0.069417,0.247345,0.246591,1.139269,-1.064086,-0.291593,-0.446885,-0.095360,0.136953,0.726248,-0.411787,-0.211223,-0.700899,0.061369,0.191859,-0.548531,0.066340,1.011207,-0.059319,0.593285,-0.035628,-1.349386,-0.949619,0.254180,-0.103876,-0.339104,-0.562014,-0.500720,-0.622297,0.536638,-0.301438,0.422365,0.277799,-0.919187,-0.591285,0.493360,0.047734,0.150065,-0.186524,0.481775,-0.366105,0.191401,0.649990,-0.952947,0.345048,-0.244797,-0.554041
0.118581,0.520184,0.887176,-0.338821,-0.556474,0.010312,0.808012,-0.980308,-0.965916,0.607059,0.328495,-0.258096,0.792439,-0.222034,-0.574681,0.235555,-0.110762,-0.056213,0.304901,-0.507174,0.305236,1.095647,0.585682,-0.214062,0.378733,-0.228640,-0.882301,0.018212,0.320090,-0.472316,0.781990,0.281699,-0.313968,0.263748,-0.188803,-0.422249,-0.466787,0.191678,0.401374,0.457871,0.997224,-0.026491,-0.540184,0.335106,-0.555715,-0.689007,0.048473,-0.459837,-1.148744,0.375144,-0.556097,0.534706,-0.322842,-0.178843,0.440606,1.293552,-0.245006,-0.446258,0.408398,-0.110779,1.125395,-0.118503,0.146128,-0.307678,0.226859,0.849660,0.953638,-0.209980,0.009214,-0.091327,-0.106472,0.524617,-0.266184,-0.528421,-0.002904,-0.031286,0.162164,-0.061927,0.467096,-0.763320,-0.194556,-0.056471,0.222062,0.120105,-0.383318,-0.351071,-0.202767,-0.023176,0.109690,0.286902,-0.354895,0.490909,0.209326,-1.106694,0.335617,0.171986,0.628073,-0.600210,-0.230266,-0.388683,0.674158,-0.788580,-0.050106,-0.439440,0.350925,-0.276552,-0.173385,0.387958,-0.458537,-0.253613,0.270684,0.399240,-0.351368,0.249644,0.638707,-0.061582,0.145718,0.237185,-0.461388,-0.951108,-0.042567,0.396213,-0.171070,0.713299,-0.486581,-0.143387,1.059087,-0.648355,0.219153,0.062803,0.372033,0.273632,0.458230,0.971427,-0.321766,-0.095756,-0.587528,0.076323,0.207726,-0.196685,-0.495964,0.375967,0.495012,0.219478,-0.619571,-0.300584,0.299288,-0.052742,0.107756,0.351600,0.087036,0.071347,0.196693,-0.451334,0.697875,0.089376,-0.122374,-0.349925,-0.241452,0.442860,0.132394,-0.770847,-0.219919,0.220813,-0.002151,0.414477,0.095405,-0.479477,-0.130563,0.291783,-0.166759,-0.346287,0.402412,0.431360,0.139140,0.496665,0.129402,-0.274257,-0.022227,-0.504853,-1.083106,0.111798,-0.729414,-0.130803,0.052234,0.178770,-0.082210,0.735309,0.085984,0.423668,0.268165,-0.591728,0.016749,-0.229527,0.229815,-0.465181,0.378829,0.837639,0.390072,0.588373,0.491309,0.383879,-0.279945,-0.383703,-0.246248,-0.495173,0.286690,0.711056,-0.012149,0.928277,-0.456260,0.233961,0.080796,-0.247197,0.132436,0.285627,-0.351891,0.158604,-0.492444,-0.532421,0.180349,0.420587,0.278092,0.191361,-0.395630,0.061393,0.247136,0.127371,-0.069982,-0.648363,0.522291,-0.811226,0.339003,0.344641,0.062416,0.339274,-0.256809,-0.230630,0.006002,0.216355,1.056545,0.049045,-0.490422,-0.741721,0.057678,-0.560293,0.302212,0.268677,-0.203891,-0.749020,-0.703084,-1.163231,0.117570,0.160334,-0.037990,0.078988,-0.641895,-0.421065,-1.066874,0.007863,-0.456449,0.339378,-0.065919,0.729756,0.259638,-0.770208,0.516739,-0.469484,0.090547,-0.285818,0.056741,0.317966,-0.686451,-0.158871,0.709285,-0.062167,-0.000933,-0.542313,0.065424,0.143987,0.350613,-0.700668,-0.661287,0.174676,0.498607,0.602721,0.283852,0.749316,0.123570,-0.443107,0.956436,0.386199,0.167255,-0.198972,-0.219411,-0.095445,-0.507254,-0.311848,0.260096,-0.217627,-0.658460,0.444527,-0.444715,0.141433,0.420796,-1.076136,0.185271,-0.906230,0.424851,0.627338,-0.568312,0.181573,-0.556005,-0.138331,0.668811,-0.128171,0.707117,0.545750,1.697010,-0.063511,-1.122348,-0.463905,0.389747,-0.016302,0.010797,-0.166686,-0.944947,-0.931575,-0.149493,0.078309,-0.140647,0.144350,-0.329387,0.040679,0.341454,0.666165,0.902365,0.115123,-0.144829,0.469399,0.710403,-0.128758,-0.073285,0.247417,0.396312,-0.162433,0.411225,0.353818,0.264012,0.405081,-1.064650,0.136003,-0.276293,0.138396,-0.155613,1.081752,-0.652246,-0.065572,-1.010827,0.166469,0.005587,1.419985,0.579109,0.145797,0.833658,-0.237926,0.186148,0.061924,0.206477,-1.456868,-0.447118,-0.936779,-0.026992,-0.822193,-1.152802,-0.014178,0.693252,-0.353140,0.271549,0.029852,0.426516,0.003643,0.019324,0.433575
-0.254112,-0.292505,0.067962,0.047664,-0.111965,-0.073572,-0.229676,0.386447,0.195931,0.473280,0.825317,0.186959,-0.330572,0.511582,-0.142498,-0.163707,-0.089516,0.635683,-0.703681,0.319937,0.583034,0.049509,0.256718,0.262624,-0.051030,0.232572,-0.561920,0.026781,-0.871809,0.194122,0.695264,0.291443,0.418446,0.095216,-0.400787,0.295876,-0.429220,-0.050997,0.094807,-0.282340,-0.399337,0.119031,0.216691,-0.378282,-0.584228,0.294011,-0.240471,-0.275700,0.799701,-0.090171,-0.192422,0.172445,-1.071013,-0.002502,0.076577,0.444650,-0.139035,-0.313359,-0.541630,0.462782,0.173424,0.225814,0.885606,0.251116,-0.267882,-0.095693,0.248313,-0.449340,-0.781135,-0.240796,0.433779,0.480847,0.783908,0.116995,-0.174109,0.564193,-0.218014,0.166232,-0.713386,-0.055184,1.449894,0.404704,-0.359157,1.285287,0.392090,-0.489940,1.052057,-1.068000,0.647181,0.896827,0.289472,0.153702,-0.392306,0.085679,0.605839,0.235012,1.015604,-0.454611,0.722436,-0.092737,-0.419200,-0.037738,-0.543988,-0.045166,0.067110,-0.713387,0.270663,0.231810,0.670488,-0.397708,0.555482,0.385621,-0.229568,0.376476,0.368654,-0.104584,0.414930,0.536165,0.267608,-0.172487,-0.253294,-0.382634,0.860007,0.381604,0.005741,-0.182563,-0.488462,-0.542792,0.206151,-0.082156,-0.241277,0.219229,-0.661198,-0.351687,-0.631272,-0.505323,0.206410,-0.316259,0.400122,-0.435099,-1.551123,0.745225,-0.013971,-0.466363,-0.009444,-0.639631,0.512490,-0.467152,0.008921,-0.542270,0.568983,0.431829,-0.835647,0.272070,0.107478,-0.439186,0.135159,-0.450928,-0.381718,0.194489,-0.381316,0.015332,-0.747428,-0.469938,0.434608,0.545445,-0.356601,-0.595616,0.704192,0.353746,-0.486770,-0.862697,-1.409197,-0.071787,-0.454112,0.315915,1.065265,0.501498,0.230566,-0.081493,0.716880,-0.921998,0.307504,-0.429613,0.039989,1.289689,-0.675037,0.015101,-0.624375,0.181451,0.192643,0.079284,-0.675176,0.052570,-0.394275,-0.082973,-0.577246,-0.035840,-0.892658,0.374656,0.301213,-0.356489,0.110442,-0.254020,0.780452,0.060483,-0.331501,0.303983,-0.095810,0.376294,0.427471,-0.558861,0.063151,0.055440,-0.511222,-0.599345,0.066213,0.105307,-0.025610,1.316951,0.736891,0.547156,0.399678,-0.648912,0.895418,-0.333408,-0.477440,-0.605877,-0.055526,0.099334,0.679382,-0.633415,-0.188360,0.648821,-0.478037,-0.726138,0.300154,-0.262079,-0.225551,0.004381,0.463482,0.095993,-0.230245,-0.832931,-0.283506,0.420230,0.991866,0.093477,1.080587,0.005081,-0.600214,0.126062,0.405611,0.683111,-0.536870,-0.576398,0.359081,-0.705382,0.494586,-0.441298,-0.573764,0.556701,-0.705819,-0.317455,-0.163653,0.224995,-0.162822,0.500339,0.137040,-0.281279,-0.716170,-0.154089,-0.498997,-0.374144,0.373459,-0.448661,0.057012,-0.339131,1.221426,-0.271144,-0.778322,0.606028,0.217467,0.118098,0.436722,0.046773,0.168488,0.590160,0.547167,0.294144,0.434741,-0.356573,0.232389,-0.170808,-0.163879,0.500691,0.277099,-0.333962,0.209069,0.272340,1.330795,0.515396,0.505744,0.036310,-0.740465,-0.320653,-0.615722,-0.236082,0.720848,-0.543958,-0.222935,0.221588,-0.803488,-0.400078,0.433451,0.508167,-0.155411,0.637782,-0.393824,0.430560,-0.537063,-0.424721,0.970401,0.455575,0.600980,0.150603,-0.599808,-0.204650,0.162699,0.730247,-0.583248,0.211566,0.055128,-0.674767,-0.425366,0.116350,0.238618,-0.150418,-0.423497,-0.114537,-0.179999,-0.311469,0.102670,0.466141,-0.426019,-1.063789,-1.216795,-0.064803,0.523910,-0.457838,0.586272,-0.198987,0.291817,0.153856,0.255264,-0.536311,-0.670183,0.182730,-0.568416,-0.615306,-0.574713,-0.617251,0.247893,0.232170,0.306905,0.309742,-0.363629,0.330102,-0.320769,-0.284939,0.217672,0.694065,0.483779,0.314421,0.291281,-0.752461,0.227000,-0.447146,-0.354589,0.256790,0.596097,-0.115634,0.300064,0.464187
-0.355739,0.641317,0.406531,0.012699,-0.245194,-0.475703,-0.137128,-0.252651,0.155489,0.045315,0.796358,-0.733699,-0.023452,-0.203510,-0.017642,0.179326,1.272001,-0.036122,0.499167,0.684190,0.043548,0.531656,-0.034637,-0.293970,-0.161185,0.255903,0.180465,-0.431841,-0.825593,0.296179,-0.457354,-0.292619,-0.169944,0.181626,-0.099821,-0.087235,-1.013347,0.336650,0.609383,-0.296063,-0.521398,-0.173434,-0.127465,0.070146,-0.475288,-0.648680,0.647436,0.168095,-0.272672,-0.612990,0.518123,-0.726565,-1.309677,0.697272,0.587567,-0.337327,0.422230,0.006244,-0.143387,-0.102220,-0.967660,0.215257,0.168859,0.889596,0.007522,0.567409,-0.551741,-0.236365,0.119513,-0.087170,0.142799,-0.260961,-0.279207,-0.293226,0.076516,0.543921,0.366741,-0.189996,0.404944,0.326925,0.247144,1.204563,0.043333,0.220601,0.349063,0.530687,-0.596390,0.955449,-0.256181,0.544543,0.041052,-1.118099,-0.645574,-0.365596,0.167071,-0.095733,-0.016041,-0.033303,-0.129613,0.115537,-0.077527,0.366387,-0.930058,0.009092,-1.046816,-0.319436,-0.444438,-0.236343,0.089563,0.446902,0.204051,-0.163807,-0.177633,-1.391949,-0.291353,-0.764851,0.227379,0.051821,0.543742,0.337722,1.100731,0.457323,-0.834627,-0.163875,-0.825145,0.876213,0.109165,1.007383,-0.818239,-0.494153,-0.114494,-0.670268,0.268334,0.182354,-0.325052,-0.135567,-0.579156,-0.890535,0.159688,-0.058316,-0.204024,-0.867219,-0.306517,-0.512665,0.840010,-0.146797,-0.419730,-0.835550,0.539747,-0.249977,-0.191625,0.333384,0.058940,0.182197,-0.583183,0.517997,-0.640721,-0.085885,-0.376347,-0.465023,0.036616,0.649595,-0.328199,0.272521,-0.420342,-0.164050,0.559849,-0.039705,0.123219,0.063232,0.158109,-0.157196,0.101427,0.089657,-0.575604,0.421812,0.106279,-0.470698,-0.316318,0.023943,-0.375737,-0.670002,0.049514,0.396582,-0.069226,0.620457,0.135280,-0.044226,-0.176351,0.271455,-0.675206,0.356372,-0.489814,-0.291364,0.269349,-0.080135,-0.611535,-0.148937,-0.261008,0.274233,0.337578,-0.355788,-0.156601,0.363038,0.570572,-0.677694,-0.345158,-0.518447,-0.182208,0.376289,0.168257,0.266770,-0.246777,0.014349,1.088618,0.742662,1.270064,0.097095,-0.036726,-0.869123,0.513606,0.698352,-0.360749,0.354519,-0.287337,-0.103931,0.801286,0.326360,-0.220495,-0.057319,-0.687416,-0.870734,-0.025278,-0.558179,0.255908,-0.709311,0.086984,-0.221645,-0.371584,-0.510556,-0.754321,-0.325902,0.491595,0.819605,0.260686,0.526886,-0.203310,-0.080503,-0.001189,0.037707,-0.566334,-0.589290,-0.379987,-0.362192,0.408644,0.450921,0.431000,0.498638,-0.224674,-0.079162,-0.441597,0.444621,0.184261,-0.098928,0.224915,0.321573,-0.312284,-0.932018,-0.759792,0.198347,0.515344,-0.869291,0.515751,-0.521335,-0.961786,-0.996990,-0.396607,0.230935,0.606508,-0.913465,-0.275650,0.333165,0.146577,1.560807,0.776914,0.925388,-0.337300,-0.023134,-0.241423,0.330109,0.695457,-0.125576,-0.759987,0.300961,-0.807582,0.966846,-1.148764,-1.613461,-0.080137,-0.145028,0.529057,0.437609,0.055245,0.099660,0.469497,-0.902792,-0.116657,-0.894186,-0.386003,-0.235914,0.156527,-0.585773,0.563915,-0.217321,-0.950062,-0.947436,-0.781899,0.223588,0.223834,-0.054797,-0.274758,0.788311,0.093688,-0.026806,1.015649,-0.129025,0.338109,-0.058575,0.327107,-0.160523,0.721266,-0.672671,0.899617,-0.814036,-0.081925,0.565993,0.458088,-0.726796,-0.090367,0.365621,0.089439,0.003243,0.932642,-0.004585,0.034843,0.409901,-0.090515,0.760099,0.827549,0.051043,0.058128,0.119566,-0.058015,0.253086,0.184156,0.736560,-0.408560,0.601002,-0.986392,0.346281,0.186260,0.570484,0.216848,0.009954,-1.230960,0.765576,-0.579725,-0.081132,0.041173,-0.432778,0.250889,0.404764,-0.367058,-0.539236,0.272096,-0.134235,-0.432825,-0.068132,-0.071628,0.521741,-0.071799,0.799866,0.201686,0.036088
0.181692,-0.056475,-0.821801,-0.256101,-0.138972,-0.115878,0.564688,-0.958751,-0.704228,-0.619819,0.258472,-0.611742,0.279273,-0.601498,0.213838,0.036215,-0.536349,0.613112,0.293850,0.653920,0.405649,-0.154510,0.386029,0.116340,0.386868,0.215502,0.253771,-0.386039,1.155740,-0.284745,0.708134,-0.522973,1.072105,-0.318963,-0.480011,-0.443999,-0.386635,0.083848,0.337210,-0.105276,-0.576704,-0.380250,0.036773,-0.263465,-0.290474,0.036997,-0.766830,0.266191,0.428385,0.119733,0.556992,0.735727,-0.256765,-0.018155,-0.142295,0.012748,0.466713,1.010080,0.186420,-0.139586,0.492322,-0.358851,-0.473507,-0.094559,-0.515184,0.657533,0.036120,-0.763234,-0.385802,-0.239609,0.451428,-0.065255,-0.107974,-0.513830,-0.315515,-0.336010,0.469082,-0.195579,0.188888,-1.368892,-0.070072,-0.619118,0.481688,-0.259788,-0.587685,-0.524150,-0.048480,-0.293176,-0.169404,-0.283985,-0.810211,0.029426,0.254058,0.271637,0.307056,0.046670,-0.284699,0.057232,0.098325,0.073989,-0.119097,0.200287,-0.052842,-0.521903,0.920239,-0.810944,0.218567,0.192027,0.300490,0.433595,1.184637,-0.623337,0.489758,-0.339239,-0.396656,-0.408266,-0.219156,0.306276,-0.463806,-0.873285,-0.227607,-0.253425,-0.482980,0.099546,0.384592,0.590099,-0.217638,-0.492471,-0.128934,-0.285874,0.252087,0.502469,0.133964,-0.338649,-0.479718,-0.330684,-0.614147,0.231276,0.648128,-0.233227,-0.013346,-0.282215,1.040333,0.594487,-0.125760,0.382453,0.239045,-0.319531,0.196600,0.492221,-0.291585,0.957934,-0.194259,0.694443,0.490821,0.072980,-0.143552,-0.199977,0.431033,-0.358082,-0.335034,0.104466,0.729146,-0.367878,-1.626875,0.726163,0.369519,0.080094,0.090682,0.307697,-0.666218,0.033523,-0.322357,-0.124329,-0.308009,0.559429,0.401296,-0.099867,-0.565390,-1.208266,-0.971499,-0.511311,0.266889,0.103148,-0.609930,0.229455,0.436625,0.131810,-0.129996,0.457189,0.874032,0.542617,-0.606595,0.274851,-1.077015,-0.475807,-0.817168,0.121398,-0.538535,0.137011,-0.882125,-0.035815,0.105309,0.239058,-0.680401,-0.453999,0.393994,-1.127167,-1.041329,-0.249850,-0.643970,-0.538106,-0.831930,0.015951,-0.173854,-0.649177,-0.188052,-0.711529,-0.534914,0.446629,0.262953,-0.232867,-0.325524,0.186709,-0.528370,-0.455606,0.227913,-0.726199,0.563080,0.673442,0.804467,-0.417453,0.480403,-1.630298,0.162009,-0.161561,-0.414946,-1.096910,0.179220,-0.377932,-0.274499,0.370706,-0.415278,-0.204440,0.499605,-0.568774,1.048516,-0.742229,0.050778,0.030989,1.286702,0.485891,-0.386013,-0.673339,-0.593149,-1.048126,-0.494976,0.623633,-0.048889,-0.345718,-0.212394,-0.004345,0.453860,0.076441,0.142685,-0.846262,-0.346833,0.892064,-0.259752,0.726564,0.082884,0.257864,0.049236,0.226946,-0.811480,0.372860,-0.280545,0.131833,0.255642,0.244229,-0.905256,0.877187,0.110471,-0.590272,0.203574,-0.114258,0.297602,0.434335,-0.250208,0.445867,-0.113804,0.181843,-0.050567,0.295167,-0.684881,0.566318,-0.131002,0.513295,0.698308,0.410674,0.441345,0.043707,0.534136,-0.417855,0.649853,0.198087,-0.253042,0.963425,0.013431,0.406318,0.935045,0.765137,-0.774191,0.027369,-0.719045,0.826061,0.535213,-0.209119,0.703791,-0.970060,-0.314937,-0.300546,-0.294042,0.321670,0.194033,-0.524687,-0.354712,0.465410,-0.307946,0.107645,-0.066695,-0.876278,0.406711,-1.058602,0.468844,-0.479081,-0.075493,0.348801,0.347985,-0.637360,0.391168,-0.237007,-0.104287,0.232908,0.020134,-0.358631,0.029747,-0.210333,0.130674,0.879646,-0.341420,1.304248,0.109609,0.292771,-0.515140,-0.271511,0.182859,0.479420,0.262369,-0.096945,0.216316,0.435248,0.810088,0.435483,0.085517,-0.091472,-0.955795,0.378210,0.149668,-0.147157,0.293020,-0.634771,-0.221910,0.581202,-0.397402,-1.111595,-0.226789,-0.421254,0.745168,-0.183897,0.002334,0.445397,-0.341383,0.750749
0.553001,-0.813099,0.490140,0.405707,0.294614,-0.264546,-0.071081,-0.123613,-0.419012,0.114717,-0.436414,0.277042,-0.319043,-0.920674,-0.187185,0.485108,-0.766380,-0.403528,0.729209,0.200768,-0.531676,0.462724,0.043633,-0.140710,-0.723419,-0.563505,-0.291146,-0.089031,0.327225,-0.039411,0.715498,-0.160204,-0.231388,0.160597,0.521831,0.589863,0.204654,-0.450306,-0.394535,-0.365889,-0.041343,-0.667823,-0.103478,-0.331460,-0.398448,-0.290199,-0.474357,0.016628,0.045670,0.376028,-1.006853,-0.835538,0.123364,-0.278285,-0.717843,0.052002,0.589526,0.108270,0.947578,-0.369382,0.058119,-0.823282,-0.987056,-0.276127,0.800677,-0.013057,0.536012,0.142884,0.213769,-0.275659,0.704813,-0.127176,-0.017905,0.999963,0.963927,0.006542,-0.073879,0.150742,-0.991178,-0.177054,0.412865,0.170653,-0.027382,0.429161,-0.192734,-0.176323,-0.205487,-0.108566,0.116133,0.124636,-0.056282,0.835526,-0.101336,0.687929,1.023959,-0.435223,-0.328640,-0.080672,-0.885403,0.547753,0.183560,0.815628,-0.809709,-0.423276,0.453455,-0.203529,0.287760,0.438197,-0.177404,0.312689,-0.389928,-0.937381,0.369726,-0.789957,0.145405,1.232620,-0.436941,0.333247,-0.081215,0.361436,0.753301,0.888070,-0.721634,0.208064,0.246428,-0.053478,0.340611,0.184995,-0.316809,-0.240983,0.158617,0.445572,-0.102662,0.349979,-0.367078,0.345221,0.465324,0.217813,0.096581,0.336281,-0.638641,1.078886,-0.950528,-0.475699,0.554499,0.834776,0.365334,0.303599,-0.155037,0.034530,0.467635,-0.736933,0.761419,0.045649,-0.207511,-0.058042,0.093839,-0.006617,-0.743659,-0.773848,-0.387429,-0.655740,0.324543,-1.302547,0.702888,0.383954,0.162011,-0.641747,0.087991,0.622868,0.177063,0.421916,-0.298389,-0.795204,0.273238,-1.424985,0.173257,-0.933902,0.097642,0.402443,0.030322,-0.692847,0.150985,0.107336,-0.025700,-0.116273,-0.445268,0.317663,0.072400,-0.058699,-0.452099,-0.137453,-0.281234,-0.622394,-0.080912,0.385218,0.037427,0.755160,-0.430080,0.125420,-0.232423,-0.315710,-0.794988,-0.389668,-0.205005,-0.543476,0.013204,0.058811,-0.097661,-0.030368,0.711007,-0.672631,0.419964,0.344507,-0.272837,0.312585,0.335222,0.189737,-0.392109,0.065857,0.639073,-0.938520,-0.510360,-0.323406,0.265049,0.149421,0.361086,0.108337,-0.942180,0.473046,0.213165,-0.419113,0.195700,0.006084,0.268463,-0.179036,-0.359007,-0.270877,-0.194988,0.419166,-0.341950,-0.098127,0.573446,0.950604,-0.394046,-1.118623,0.190470,0.010532,0.695304,-0.460574,-0.342429,-0.092857,0.067693,-0.090742,0.380740,-0.405248,0.337968,-0.570996,0.076526,0.131279,-0.335316,-0.173588,-0.487928,0.360884,0.082222,0.342881,0.017194,0.822146,0.256641,-0.070071,-0.301089,0.522785,0.083515,0.256379,-0.655682,0.372083,0.071454,-0.301717,0.017074,-0.047641,-0.036087,0.255987,0.696785,0.178287,0.801317,-0.028522,0.045549,0.578359,-0.181734,0.278447,-0.237818,-0.216187,0.224662,0.384184,0.954811,0.511713,0.185766,-0.026184,-0.242934,-0.226779,0.331247,1.003193,-0.754202,-1.359837,-0.274711,0.401281,0.590347,-0.656811,0.180076,-0.777005,0.561846,0.026618,0.388329,-1.159281,-0.453536,0.195226,-0.434780,-0.152071,0.267024,-0.079965,-0.079574,0.891219,-1.023802,1.120602,0.548513,0.886665,0.552178,-0.562612,-0.073835,-0.520083,0.385390,0.433605,-0.096281,-0.052321,0.220086,0.359438,-0.159522,0.862308,0.111504,-0.317764,-0.263082,-0.307877,-0.829727,0.444359,0.241760,0.499642,0.275307,-0.001424,-0.113356,-0.405409,0.327251,-0.393969,-0.971085,0.172943,-0.696930,-0.010943,-1.152128,0.544273,0.438319,-0.713488,-0.293622,-0.054844,0.226812,-0.612510,-0.093832,-0.507709,-0.384499,-0.438493,0.237554,-0.344440,-0.582704,-0.249876,-0.962393,-0.136501,0.644053,0.591028,0.087928,-0.256114,1.431325,0.072639,0.732373,0.491608,1.256293,-0.408292
0.239115,0.826471,-0.241910,0.096533,-0.756522,-0.176213,0.294791,0.207419,-0.068607,0.298440,0.413534,0.831347,0.534939,0.496433,0.069519,0.158463,-0.391290,0.598070,0.462214,0.322785,0.057912,0.078310,0.097422,-0.442384,0.075573,0.398050,0.190956,-0.311385,-0.853233,0.209076,-0.517632,0.556519,0.256894,-0.432040,0.654981,-0.770431,0.082645,-0.143033,-0.537423,1.232131,-0.111776,-0.171429,-0.601484,0.073752,0.395725,0.310651,-0.260076,-0.030137,0.263552,-0.473102,0.200965,-0.024064,0.318475,0.259920,-0.680898,-0.127104,0.545673,-0.673690,0.046032,0.061253,-0.633956,-0.224945,-0.368151,0.031662,0.056830,0.371882,0.544654,0.329501,0.219699,-0.410062,0.420150,0.528895,-0.854770,-0.492945,-0.023542,-0.350890,0.257191,0.247803,0.265912,-0.236530,-0.246373,0.375433,0.327680,-0.057242,0.038313,-0.390347,-0.309177,0.521401,0.069867,-0.206007,0.051269,0.701619,0.469463,-0.314060,0.492600,0.649494,-0.395055,-0.477426,-0.597024,-0.183958,-0.262974,-0.447399,0.578979,-0.087177,0.707201,-0.003182,0.406819,-0.644085,-0.732215,-0.529181,0.068911,0.646175,0.285924,-0.349817,0.078599,-0.376216,0.042268,-0.043752,-0.232546,0.386604,0.600042,1.143705,-0.705789,0.724866,-0.236377,0.663562,-0.043069,-0.408113,0.062802,0.919311,-0.824826,1.460969,0.411264,0.032672,0.637282,0.026707,0.355907,0.554034,0.147062,0.148590,0.239353,0.319233,-0.757461,-0.461598,0.758284,-0.985536,0.551108,-0.368593,0.317013,-0.296935,0.004290,-0.174987,0.111741,0.199531,-0.091128,-0.391617,0.307706,0.601727,0.939731,-0.011382,0.081344,-0.053040,-0.419677,-0.379392,1.233977,0.747520,-0.469824,-0.358112,0.569640,-0.100354,0.181830,-0.442898,-0.744692,0.375344,-0.620952,0.073416,0.308601,0.292405,0.553246,0.218336,-0.217206,0.172559,0.146591,-0.378218,-0.783597,0.220952,0.562632,-0.016861,-0.065768,-0.026375,0.410730,0.469117,0.665690,-0.209679,-0.068051,0.348133,-0.106980,0.404063,-0.278654,0.261060,-0.694750,-0.317643,0.187422,-1.183150,0.548109,0.392563,0.248182,0.656389,-0.097162,0.274941,-0.196197,-0.539824,-0.421709,0.747403,0.031618,-0.193562,-0.640871,0.864636,0.067781,-0.104051,0.623555,-0.102960,1.189377,-0.020199,-0.450257,-0.577617,0.358608,-0.256417,0.352275,0.035761,0.707423,-0.187989,0.770117,-0.086083,-0.268117,0.127359,-0.138532,-0.296521,-0.301241,0.542888,-0.614542,-0.209685,-0.672553,0.248176,-0.401142,-0.014788,-0.287204,-0.216561,0.720972,0.349034,0.160975,0.030711,-0.038640,0.354654,-0.265755,-0.396684,0.250004,-0.383374,0.025953,0.222080,-0.652008,0.057174,0.214710,1.039519,0.673234,-0.277792,-0.208432,-0.337804,1.256309,-0.270570,0.460850,-0.416185,0.272585,-0.444808,0.338457,0.041464,-0.141647,-0.355136,-0.196060,-1.109656,-0.290826,-0.200351,-0.433096,-0.017792,0.043119,0.668537,-0.427871,-0.305281,0.101028,0.142436,-0.444071,0.419619,0.698427,-0.124064,-0.723461,0.495387,-0.328967,0.005075,-0.364511,-0.143957,0.848416,0.721995,0.159878,0.442311,-0.448994,0.594262,0.036136,0.754738,0.134861,0.808859,-0.715744,0.102523,-0.165359,-0.734835,-0.434366,-0.477256,-0.259361,-0.437625,1.004345,-0.593743,0.589345,-0.818615,-0.422237,-0.027393,-0.102458,-0.054498,0.711566,-1.194632,0.324150,0.337121,-0.494776,-0.210255,0.263704,0.088567,-0.458481,-0.256276,-0.223973,-0.329559,0.434261,0.627633,0.534978,-0.034328,0.426843,0.343281,-0.656133,0.368590,-0.096938,-0.892123,0.506422,0.113333,0.409715,0.374867,0.679845,0.289783,-0.273342,0.090308,-0.938119,0.838993,-0.728682,0.193410,0.629464,0.635631,0.422513,0.570282,0.262378,0.200603,-0.114003,0.413732,-0.003657,-0.654463,-0.076963,-0.207163,-0.055801,0.148056,0.465798,0.072950,0.301195,1.013806,0.154376,0.298109,-0.505581,-0.287131,-0.245045,0.528715
0.464653,-0.281079,0.684680,0.861182,-0.139872,0.333359,0.408169,-0.189223,-0.120091,-0.693360,0.291124,-0.185940,0.460351,-0.189374,0.851594,-0.333450,-1.180554,0.157309,0.402499,0.005188,-0.724410,0.125790,0.342925,-1.224498,0.251023,0.086553,-0.156782,-0.079562,0.493954,0.014802,-0.301923,0.422455,-0.842871,0.134559,-0.359408,0.540793,-0.753560,0.615252,-0.918141,0.482837,-0.553747,1.244703,-0.555429,-0.273394,0.274566,0.422755,0.069898,-0.436569,0.369403,-0.239637,-0.326050,-0.337531,-0.356330,0.063735,0.069438,0.337684,-0.267803,0.812556,-0.815594,0.070889,0.462683,0.189786,-0.305899,-0.390239,-0.184526,-0.180249,0.129166,-0.945783,-0.577326,-0.107623,-1.582602,-0.051300,-0.013992,0.023032,0.398600,-0.212596,0.365355,-0.331437,0.407808,-0.352791,-0.467381,-0.419906,-0.266653,0.452202,0.990295,0.172537,0.462424,0.517085,0.233142,-0.935912,0.030507,0.059470,0.193613,-0.448502,-0.232948,-0.350157,-0.926653,-0.264613,-0.016873,0.157505,-0.280283,0.460177,0.409310,-0.644229,-0.731189,-0.585259,0.268031,-0.135848,0.735590,0.031530,0.460564,0.126634,0.147353,0.091953,0.352466,-0.427809,-0.188665,-0.982594,0.067866,0.215462,-0.000168,0.346006,-0.756766,0.787935,-0.500872,-0.579132,-0.298739,0.128001,-0.570621,-0.495631,0.340398,-0.100452,-0.817359,-0.580094,0.246953,-0.246667,0.382146,0.171595,-0.321435,0.314433,0.114140,-0.817751,0.440762,0.946647,-0.930025,-0.472890,0.784567,0.454700,-0.139557,-0.586646,1.005128,0.598479,0.565962,-0.462731,-0.282001,0.124708,-0.425090,-0.489856,-0.285942,0.069529,-0.389242,0.853911,0.589233,-0.112492,0.113487,0.301307,-0.111113,-0.373706,0.260989,0.144569,0.171627,0.200847,-0.742832,0.055970,0.271108,-1.076409,-0.100343,-0.649536,1.040408,0.321669,-0.176460,0.087366,-0.555447,-0.596469,-0.066050,-0.620080,-0.637147,0.275962,-0.263682,0.146495,0.786225,-0.388338,-0.178797,0.593634,-0.260247,0.543892,-0.355970,0.073621,-0.133569,0.517208,-0.360371,0.157499,0.003844,-0.148188,-0.046536,-0.245654,1.402235,0.426165,-0.510717,-0.278463,-0.096688,0.158005,-0.323370,0.281306,0.222723,-0.214864,-0.099520,0.082891,-0.475771,0.103833,-0.443805,0.188946,0.142805,-0.569864,0.015855,-0.777748,0.122163,0.277621,0.095182,0.546016,0.177863,-0.160028,0.125629,-0.236682,-0.386150,-0.011617,0.726378,-0.474665,0.715450,0.191798,-1.115399,-0.847243,-0.287062,-0.103130,-0.555053,-0.496681,0.896718,0.388800,0.213194,-0.857202,0.397420,-0.720248,0.243099,-0.436997,0.245138,0.301138,0.371324,0.019789,-0.417455,0.827198,-0.077021,0.087829,0.522998,0.638927,0.019196,-0.004077,0.132090,-0.321288,-0.257768,0.232549,-0.203115,-0.452535,0.510262,0.147674,-0.099981,0.739479,0.086489,0.536488,0.683719,0.290030,0.148064,0.417124,-0.600548,-0.527619,0.110801,0.138217,0.871979,0.387076,0.092978,-0.070216,-0.431039,-0.057080,-0.119591,-0.470981,0.697578,-0.558720,0.315302,-0.629137,0.255768,0.037530,-0.783945,0.353549,-0.078140,0.227707,-0.429218,0.595413,-0.724889,-0.511418,-0.276104,0.022479,0.019840,-0.256863,0.479262,-0.598001,-0.030856,-0.850872,0.267831,-0.043390,0.008436,0.296863,0.106583,-0.718677,-0.014152,0.171657,-0.398305,-0.309727,-0.987524,0.458163,0.738021,0.053822,0.496931,-0.117576,0.321533,0.687205,-0.163543,-0.221501,-0.393517,-0.170454,0.072613,-0.863739,-0.154974,0.037791,0.135367,0.098413,-0.394391,-0.040849,-0.329204,-0.045721,-1.229869,1.201920,-0.603279,0.617529,1.013152,-0.406254,0.137318,0.342818,-0.036434,-0.487773,-0.183844,0.551772,0.017524,0.379929,-0.187320,-0.009365,0.343302,0.411441,-0.280792,-0.642560,0.320014,1.276716,-0.374902,0.304920,0.183565,0.091698,-0.959649,0.635293,-0.058066,-0.984770,-0.657167,-0.592689,-0.135477,0.166437,0.308369,-0.868946
0.832225,-0.336673,-0.464585,0.370798,0.014131,-0.127437,0.256611,0.792136,1.243170,-0.541109,-0.513067,0.563083,0.283231,-0.968851,-0.439677,-0.726195,0.041936,-0.256728,0.550591,0.354606,-0.350118,-1.119920,-0.368999,0.769069,1.382448,0.520872,-0.624639,-0.349761,0.195040,-0.263892,1.273607,-0.850688,1.096635,-0.884758,0.959500,-0.293694,-0.082166,-1.132137,0.257273,0.446906,0.051842,-0.548683,0.705421,0.458261,0.198429,0.891374,-0.057800,0.124775,0.030238,-0.190432,-0.382266,-0.196888,0.198796,0.088451,0.512020,-0.470076,0.686548,0.790495,0.273302,0.007441,0.457906,0.302976,0.035675,0.408417,-1.031493,-0.155554,-0.133078,0.073044,0.128648,-0.226485,0.726013,-0.313400,-0.634842,0.375364,-0.976023,-0.276099,0.037198,0.060867,-1.061900,-0.691243,0.220099,0.682127,0.460496,-0.479898,-0.599867,0.426279,0.167939,-0.015796,-0.136162,-0.604488,-0.778755,0.487930,-0.252119,-0.656583,0.284711,-0.552729,0.180838,-0.153156,-0.495887,0.133084,0.356179,-0.078466,-0.266310,-0.000983,0.658505,0.024466,-0.486832,-0.099485,0.144145,-0.353815,-0.457670,0.232796,0.522397,0.761167,0.054937,0.127291,-0.233922,0.009038,-0.139891,-0.381607,-0.032589,-0.061935,-0.017622,0.100094,-0.177157,0.328446,0.090881,0.514357,-0.138228,-0.651077,0.018843,0.593378,0.555141,0.255277,0.017413,0.203618,0.286022,0.177188,0.364455,-0.257741,-0.467948,0.210791,0.528284,-0.706206,0.576478,0.359620,-0.619425,0.372864,0.072704,0.105281,0.728575,-0.104241,0.478502,0.003166,0.030915,0.021816,-0.935520,-0.340133,-0.009488,-0.517244,-1.105698,-0.136230,0.817412,0.089249,-0.136157,-0.552518,0.046820,-0.349552,0.260209,0.559103,0.098050,-0.266159,0.239831,0.685151,0.110110,-0.062809,0.578554,-0.003956,-0.391042,0.230830,0.227955,0.245797,0.343831,-0.291167,1.089094,-0.245237,0.366115,-0.607313,-0.117714,-0.027941,-0.304409,-0.040308,-0.325154,0.537425,-0.021011,-0.695384,-0.141397,-0.217689,-0.675420,-0.080935,-0.309785,-0.716472,-0.383321,-0.494701,-0.009854,-0.625397,-0.555071,0.261562,0.008063,0.618945,1.050103,0.232956,0.528085,-0.496005,0.934250,-0.005812,0.270687,-0.323106,-0.262236,0.472391,-0.883429,-0.508453,-0.275220,0.715021,-0.015112,0.234638,-0.153138,-0.709600,0.417517,0.366329,-0.258894,-0.110069,-0.591821,-0.792295,-0.608286,-0.325268,0.324640,-0.502002,0.212902,-0.424384,0.973410,0.282201,-0.487208,0.556024,0.250461,0.421308,-0.815069,-0.815748,0.448839,-0.323117,-1.038966,0.596876,-0.136600,-0.160581,0.074924,-0.474633,-0.248741,0.276530,0.784595,0.478506,-0.804321,0.015281,-0.499353,-0.300197,0.209635,0.558939,-1.243971,-0.213693,-0.580584,-0.340069,-0.358420,1.043952,-0.303715,-0.356846,0.077245,-0.345403,0.279821,0.235884,-0.394270,-0.711435,-0.210529,-0.035781,0.627517,1.111514,-0.327750,0.568397,-0.153606,1.061667,-0.454866,0.544521,-0.238338,-0.693204,-0.704286,-0.019437,-0.233809,-0.457362,0.019950,0.395709,0.027359,-0.263195,0.205368,0.359547,-0.109913,-0.023001,-0.429463,-0.045707,0.353114,-0.238665,-0.027080,0.843439,-0.350445,-0.319391,-0.230685,0.630961,0.321165,-0.625598,-0.795937,0.610115,-0.081658,0.333233,0.398329,-0.154208,-0.197304,-0.730571,-0.401058,0.020613,-0.268171,-1.008711,0.083210,0.811247,0.761821,-0.224752,-0.893957,-0.900844,-0.353677,-0.753972,0.510412,0.402956,0.759759,0.957092,0.677290,-0.529377,0.460890,-0.166701,-0.255980,-0.098056,0.759498,-0.417823,0.195702,0.620494,0.484926,-0.210021,0.869311,0.487038,-0.155183,-0.484518,0.180161,0.259549,0.382830,-0.806460,0.090839,0.638054,0.110230,0.188424,-0.150373,-0.773339,0.945380,0.885433,0.143039,-0.149939,0.050711,-0.594820,-1.185961,-0.735742,0.472178,0.281454,-0.319466,0.399772,0.274946,-0.693522,0.620455,-0.076910,-0.150558,0.220109
0.012976,0.469736,-0.956310,0.355487,-0.260126,0.158504,0.717502,0.273204,-0.305350,-0.600298,-0.066774,-0.053093,-0.747943,0.658717,-1.536343,-1.086170,0.202877,-0.626964,0.033171,-0.056679,-0.678342,0.273349,-0.087569,-0.198363,0.137783,0.869291,-0.798504,0.440140,0.046752,0.689396,0.215640,-0.092112,-0.989091,-0.158326,0.274313,-0.496462,-0.273852,0.649285,-0.040289,0.515978,-0.119154,0.560017,-0.494191,0.738949,0.455046,0.677468,0.565849,0.280161,0.651883,-0.582410,-0.427784,-0.636731,-0.246472,-0.358635,1.036168,-0.131200,0.591925,0.834611,0.037890,0.118602,0.023485,-0.180415,-0.301130,-0.627830,-0.333545,0.327509,-0.583310,0.594594,1.136160,-0.615730,0.207137,0.209322,-0.287117,-0.332282,0.592331,-0.087109,0.016044,-0.399250,0.593786,0.896421,0.339991,-0.298060,0.119267,-0.878612,0.485551,-0.074006,0.324689,0.750411,-0.313426,-0.139719,-0.091128,-0.586973,-1.051164,0.404191,0.090902,0.115684,-0.692865,0.171963,-0.269336,-0.021450,0.324049,-0.673203,-0.567434,-0.010326,0.125929,0.040975,0.577950,0.005985,0.144100,-0.062358,-1.001438,-0.547978,-0.260141,0.520969,0.167736,-0.245173,-0.109989,0.372767,0.654373,0.054244,0.475053,-0.168240,0.233726,0.803806,-0.581810,0.298039,-0.175496,0.121813,-0.101561,0.568188,-0.106251,0.209686,-0.303729,-0.299995,0.016840,0.109048,-0.172578,0.384895,-0.455386,-0.161285,0.429364,0.347069,0.100358,-0.422402,-0.224000,0.478554,-0.408657,0.283504,-0.321460,0.435917,-0.929438,-0.186117,0.027808,0.504505,0.030094,0.286166,0.520873,0.441843,-0.283844,0.366735,-0.178005,0.085815,-0.188647,0.410625,0.034321,-0.461271,0.477218,-0.564126,0.324256,-0.172442,-0.119315,0.379340,0.154010,0.165344,-0.409094,-0.613400,-0.178056,-0.379999,-0.382322,-0.044709,-0.190817,0.038204,-0.276790,0.296867,-0.579011,-0.498530,0.367332,0.360280,0.764276,0.862451,0.384176,0.414421,0.234788,-0.282362,-0.203599,0.246424,0.080114,0.010839,0.527520,0.136470,0.187377,0.259525,0.246458,-0.461163,-0.358897,-0.209167,0.003963,0.129290,-0.214524,-0.699222,0.727548,0.069918,-0.261153,-0.819522,0.457232,0.136504,-0.791852,-0.125854,-0.012416,0.775133,-1.108929,-0.241846,0.968751,0.235960,0.117128,0.047272,-0.562059,0.167642,-0.444052,-0.159046,-0.433258,0.562610,1.171149,0.080339,-0.155223,-0.940474,-0.454744,-0.404079,0.325222,0.564393,0.457100,-0.130715,0.094439,-0.237012,0.686007,0.314345,0.369696,0.323237,-0.483121,-0.425324,0.513800,-0.140664,-0.288360,-0.834817,0.288530,0.095527,-1.288325,-0.433725,0.530486,-0.467421,0.366880,0.097051,0.282942,0.545221,0.300225,-0.257854,0.019261,-0.007400,-0.291003,-0.406026,-0.117187,0.762462,0.358133,0.511950,0.366042,-0.585434,-0.675212,0.260926,-0.749778,-0.292921,-0.294236,0.779767,0.691049,-1.115827,-0.489198,0.019039,0.712905,1.250822,-0.724253,1.144808,0.004549,0.338222,-0.593777,-0.023064,1.234824,0.168595,-0.079306,-0.530551,0.259654,-0.162573,0.045431,0.267491,-1.120877,-0.122609,-0.613196,-0.155369,-0.436899,-0.859670,-1.119213,-0.117925,0.464552,-0.592711,0.070750,-0.270032,-0.096482,-0.113860,-0.016328,0.399350,-0.528618,-0.015505,-0.758767,0.017253,0.969672,-0.151484,0.007217,-0.293028,-0.527346,0.568608,-0.039225,-0.532000,0.850439,-1.012375,0.056825,0.456143,-0.603485,-0.414160,-0.349768,0.111905,0.489400,-0.177611,-0.297266,0.181524,-0.051601,0.176502,0.746959,-0.858221,0.008212,-0.236631,0.028300,0.111096,0.051797,0.339553,-0.181278,-0.853494,0.307693,-0.187023,-0.243550,-0.149171,0.934960,0.048039,-0.333221,-0.041529,-1.210779,-0.762101,-0.946958,0.016235,-0.718240,0.713579,0.744289,-0.554306,-0.044142,0.378161,0.011622,0.109212,0.090726,-0.893509,0.152033,0.203591,-0.444243,0.609753,-1.167960,-0.027056,0.250108,-0.178069
0.469731,0.622840,-0.065326,0.601173,-0.525319,-0.059405,-0.596308,0.325978,0.282302,0.684048,-0.313560,0.309260,-0.265951,0.070692,-0.100039,0.123232,0.299211,0.066603,0.268165,0.923128,0.735633,-0.095729,0.992688,0.611153,0.084770,0.528753,-0.499661,0.333695,0.291917,0.493972,0.010982,-0.000082,-0.319897,-0.225536,-0.107085,-0.012671,0.221134,-0.049861,0.843898,-0.477991,-0.272031,0.398970,-0.584733,-0.190021,0.123634,-0.857476,0.213716,0.043327,-0.188001,-0.084418,-1.115197,-0.487264,-0.829417,0.393973,0.062133,-0.199370,-0.128808,0.070246,-0.143742,0.193373,-0.515518,-0.165267,-0.362122,0.656717,-0.087466,-0.189349,0.181212,0.836924,-0.727651,-0.515917,0.340132,-0.866547,-0.291721,-0.111246,0.435344,-0.211603,-0.187625,0.294589,0.214127,-0.451576,-0.058696,0.070651,0.154837,-0.352042,0.046930,0.261003,-0.413676,0.431608,-0.028389,0.103710,-0.835699,0.533210,-0.554098,0.129802,-0.125625,0.720508,0.140363,-0.187583,-0.136006,0.895685,-0.506526,-0.372079,0.830174,0.131251,-0.083732,-0.749106,0.084135,-0.216248,-0.891056,-0.239725,0.147335,-0.712314,-0.696062,-0.462207,-0.525695,-0.362669,-0.604557,0.197898,-0.136965,0.667372,0.199850,-0.152881,-0.659053,-0.275956,0.541097,-0.009274,0.888511,-0.577904,-0.352033,0.026373,-0.756074,-0.467397,-0.411532,0.285613,0.139618,0.062052,-0.008392,1.100508,0.592538,-0.297055,-0.261008,-0.017357,0.015595,-0.715851,0.321420,-0.217181,-0.601932,0.432652,-0.159256,0.010035,-0.152750,-0.274674,0.025989,-0.557037,-0.175801,-0.332534,0.213776,-0.226872,0.213818,1.322441,1.155946,0.891281,0.648038,0.130143,-0.614000,-0.089903,-0.965339,-0.020638,0.529428,-0.302705,-0.228186,-0.302730,-0.316536,0.470046,-0.028784,0.796889,0.148124,0.688338,-0.473761,-0.374747,-0.215945,-0.926861,0.709229,0.305040,-0.643762,-0.014890,0.849225,-0.738831,0.627921,-0.472037,-0.134309,0.222940,0.460507,-0.184906,0.084326,0.075095,0.103052,-0.096387,0.409080,-0.758566,0.111101,-0.708720,-0.777227,0.456880,-0.138296,0.000299,-0.353365,0.420306,-1.119439,0.679353,-1.079965,-0.106016,0.262381,1.089114,-0.533317,-0.418770,-1.302747,-0.549190,0.366350,0.072111,0.029549,-0.303831,0.374172,0.173566,-0.274629,-0.499769,-0.662674,0.864162,-0.039312,-0.354688,0.500312,0.503222,-0.527866,-0.927815,-0.294452,-0.394735,0.567777,-0.076611,0.292370,0.565505,-0.296091,-0.199097,0.190682,0.026515,0.553931,0.017797,-0.302407,0.267873,-0.042248,-0.226618,-0.552354,-0.072595,-0.975570,-0.040349,-0.833262,-0.082083,-0.375153,-0.575995,0.818355,0.175834,-0.550429,-0.237511,-0.158356,1.513476,0.239091,0.398012,-0.360667,0.083983,0.006386,0.381237,-0.380522,-0.602478,-1.001438,-0.372095,-0.256635,-0.268497,-0.487423,0.443240,-0.378187,0.309069,-0.035060,-0.529596,0.392932,0.364530,0.068650,-0.863197,-0.301026,0.034069,0.231952,0.833174,-0.224479,-0.353871,-0.495355,0.456086,0.560349,1.108035,-0.135525,-0.350930,-0.459935,0.689408,-0.162390,0.900529,-0.479302,0.453990,-0.015039,0.271301,0.754771,0.332279,-0.385026,0.096731,0.748092,-0.016159,-0.492642,0.514540,0.191977,0.280560,-0.097149,0.053898,-0.964653,-0.270572,0.672980,-0.359236,0.043496,0.291714,-1.146649,0.369135,-1.237859,-0.369533,-0.896375,-0.419768,-0.433670,-0.315138,0.119413,-0.454242,-0.070981,0.979333,0.155199,0.448107,-0.262067,-0.778974,-0.399189,-0.398334,-0.148384,0.075910,-0.286638,-0.079806,0.254233,-0.292320,-0.220147,0.470133,-0.135369,0.152377,0.015173,-0.450603,-0.367796,0.774906,0.169484,-0.145935,-0.187980,-0.052984,0.186335,0.225260,-0.125342,-0.034876,-0.391976,0.333113,-0.047009,0.303635,-0.047228,-0.295537,0.298537,-0.309747,-0.086432,1.040419,0.151808,0.727296,-0.164377,0.184528,-0.245122,0.064014,-0.286702,-0.288019,-0.401387,0.611199
-1.001430,-0.128104,-1.016074,-0.155913,0.102447,-0.260332,-0.136924,0.529462,-0.150997,0.195780,-0.795274,0.156404,-0.584014,0.108044,0.448413,-0.425030,0.247070,0.265694,0.699195,0.541754,-0.108339,0.402277,-0.277838,-0.352958,1.343216,0.776821,0.525977,-0.649984,1.323914,-0.233883,-0.573558,-0.458553,-0.237836,0.814370,0.393093,-0.064810,-0.749042,-0.764179,0.231772,0.751504,0.298566,-0.022457,0.489922,-0.908377,0.076652,-0.169137,-0.360461,-0.199322,0.408904,-0.086140,0.658238,-0.409063,-0.985437,1.177476,0.141838,-0.423375,-0.216926,0.110561,-0.188320,-0.362833,-0.845572,-0.244285,0.431885,0.692697,-0.072491,0.098264,1.014354,-0.114063,-0.819565,-0.460242,-0.353655,0.375208,-0.405848,0.181141,0.147091,-0.124015,0.184660,0.290397,-0.075171,0.247935,-1.210892,0.345212,0.261044,0.554843,0.745944,0.349863,-0.159794,-0.178156,-0.413331,-0.198286,0.291263,-0.033837,0.507101,0.400936,-0.566733,-0.391224,0.107545,0.172664,0.619730,0.303528,-0.227413,-0.260199,-0.670846,-0.065452,-0.358549,0.325169,-0.745142,0.787389,0.411516,0.638734,-0.121428,-0.668275,-0.135338,-0.146293,-0.145226,-0.001651,-0.018993,0.230100,-0.453339,-0.496172,-0.158295,1.124306,-0.035942,-0.205340,-1.005611,-0.394325,-0.083377,0.402118,0.751807,-0.066812,0.205960,-0.910495,-0.201318,0.503455,0.331673,-0.515837,-0.647774,0.233871,0.119864,-0.001734,-0.011819,-0.442490,0.264689,-0.586830,-0.580963,0.570196,0.022240,0.710871,-0.212510,-0.019717,-0.220924,-0.487016,-0.159227,-0.526759,0.112612,-0.706925,-0.259343,-0.808639,-0.544271,0.598091,-0.757374,0.687591,0.338823,-1.060838,0.864407,-0.129506,0.394259,0.579354,-1.090847,-0.648704,-0.373999,0.382377,0.555556,-0.358864,-0.543869,-0.606523,0.628719,-0.472538,-0.370852,-0.252127,-0.851294,-0.020890,-1.297239,-0.553520,0.073252,-0.636998,-0.655590,-0.652645,-0.610726,0.762944,0.444489,-0.180510,-0.213229,-0.432335,0.185003,0.619426,-0.250478,0.032827,0.050242,0.199753,0.199591,-0.360273,-0.230708,-0.123404,-0.760100,0.803827,-1.025710,-0.281339,0.053869,-0.129825,-0.393154,0.113878,-0.814130,-0.004576,-1.350466,-0.153644,0.451204,-0.971900,0.916818,-0.251118,0.349632,-0.211869,-0.444636,0.183846,0.064547,0.059280,-0.501388,-0.358925,0.290954,0.169554,-0.123756,0.180920,-0.067412,0.286212,-0.155899,-1.258848,-0.839897,0.515758,-1.003065,0.165540,0.207211,0.020279,0.496364,-0.438070,-0.460476,-0.270124,-0.040095,-0.410593,-0.448377,0.131388,-0.705432,-0.015594,0.102639,-0.712370,0.225590,-0.716303,0.397949,0.145310,-0.122737,-0.656245,-0.048374,-0.485431,-0.402765,-0.437324,-0.120146,-0.387150,0.804365,0.644130,-0.338391,-0.542828,-0.263722,0.536981,-0.020227,0.675717,-0.077260,0.048992,0.704739,-0.155737,-0.930830,-1.077012,-0.759158,-0.046835,-0.398674,-0.875634,0.350168,0.017724,0.697874,0.349728,-0.631601,-0.448873,1.057949,0.077754,0.423403,0.737092,-0.280552,0.420671,-0.837475,0.564241,0.569125,-0.128117,-0.350562,-0.578814,0.243170,0.184585,-0.821589,0.267386,-0.499001,-0.287755,-0.163159,0.341679,0.491524,0.113685,0.523096,-0.522236,-0.372625,-0.525055,1.086036,0.387331,-0.040302,-0.747666,-0.651353,0.656493,1.061783,0.405195,-0.237381,0.470669,-0.251318,0.060286,1.304018,-1.118989,-0.181006,0.310620,0.048526,-0.332031,0.114622,-0.276219,-0.254394,-0.324998,0.294749,0.294516,-0.721284,-0.423000,-0.845232,0.143480,-0.273757,0.374214,0.541743,0.158237,-0.706797,-0.885973,-0.228676,-0.280922,0.568114,-0.608531,-0.339940,-1.085238,-0.328903,0.343973,-0.130274,0.013718,0.010436,0.345609,0.700443,0.358578,-0.091587,0.436018,0.441863,-0.521221,-0.040154,0.225999,0.307282,-0.980011,-0.606853,-0.711511,0.149124,-0.035886,-0.040826,-0.098795,0.894878,0.822519,0.863070,-0.580893,-0.294551,-0.475882
